// Generated by hermes-gadget face from assets/faces/knight-dragon.webp. Do not edit.
// Artwork: the drawing above; see docs/faces.md.
#include "hg/mascot.hpp"

namespace hg::mascot {
namespace {

const uint8_t kIdle64[512] = {
    0x00, 0x00, 0x00, 0x00, 0x00, 0x00, 0x00, 0x00, 0x00, 0x00, 0x00, 0x01, 0x00, 0x00, 0x00, 0x00, 0x00, 0x00, 0x00, 0x0e, 0x00, 0x00, 0x00, 0x00,
    0x00, 0x00, 0x00, 0x7c, 0x00, 0x60, 0x00, 0x00, 0x00, 0x00, 0x01, 0xe8, 0x07, 0xe0, 0x00, 0x00, 0x00, 0x00, 0x07, 0xc8, 0x02, 0x40, 0x00, 0x00,
    0x00, 0x00, 0x0f, 0x90, 0x00, 0x80, 0x00, 0x00, 0x00, 0x00, 0x1e, 0x10, 0x00, 0x00, 0x00, 0x00, 0x00, 0x00, 0x3c, 0x10, 0x00, 0x00, 0x00, 0x00,
    0x00, 0x00, 0x78, 0x10, 0x09, 0x00, 0x00, 0x00, 0x00, 0x00, 0xf9, 0x10, 0x7f, 0x80, 0x00, 0x00, 0x00, 0x01, 0xf0, 0x11, 0x7f, 0xf0, 0x00, 0x00,
    0x00, 0x03, 0xe2, 0x38, 0xff, 0xf0, 0x00, 0x00, 0x00, 0x03, 0xe0, 0x1c, 0xbc, 0x38, 0x00, 0x00, 0x00, 0x07, 0xc4, 0x06, 0x38, 0x0a, 0x40, 0x00,
    0x00, 0x03, 0xc6, 0x03, 0x9b, 0xc1, 0x00, 0x00, 0x00, 0x03, 0x96, 0x01, 0xfb, 0xf1, 0xc0, 0x00, 0x00, 0x07, 0xae, 0x70, 0x7d, 0xfb, 0xe0, 0x00,
    0x00, 0x07, 0x2e, 0xf8, 0x7d, 0xf1, 0xb0, 0x00, 0x00, 0x07, 0x6e, 0xc0, 0x7f, 0xfb, 0xd0, 0x00, 0x00, 0x07, 0x58, 0xc0, 0xff, 0xf9, 0x70, 0x00,
    0x00, 0x06, 0x00, 0x85, 0xff, 0xfe, 0xb8, 0x00, 0x00, 0x02, 0x40, 0x0e, 0xff, 0xff, 0x58, 0x00, 0x00, 0x00, 0x00, 0x0f, 0xff, 0xff, 0xa8, 0x00,
    0x00, 0x00, 0x10, 0x18, 0x1f, 0xff, 0x80, 0x00, 0x00, 0x00, 0x12, 0x17, 0x7c, 0x07, 0xd0, 0x00, 0x00, 0x00, 0x02, 0x0f, 0xff, 0xfe, 0x00, 0x00,
    0x00, 0x00, 0x02, 0x0b, 0xbf, 0xff, 0xf0, 0x00, 0x00, 0x00, 0x02, 0x07, 0x7f, 0x07, 0xf8, 0x00, 0x00, 0x00, 0x42, 0x02, 0x7e, 0x00, 0x00, 0x00,
    0x00, 0x00, 0x52, 0x00, 0x1f, 0xc0, 0x00, 0x00, 0x00, 0x00, 0x52, 0x19, 0x0f, 0xff, 0x00, 0x00, 0x00, 0x00, 0xd3, 0x0d, 0x00, 0xff, 0xf8, 0x00,
    0x00, 0x01, 0xd1, 0x0c, 0x81, 0x87, 0xfe, 0x00, 0x00, 0x27, 0xa1, 0x0e, 0x83, 0xec, 0x1c, 0x00, 0x00, 0x1d, 0xe1, 0x0e, 0x83, 0xed, 0x8c, 0x00,
    0x00, 0x01, 0xc8, 0x0e, 0x83, 0xcd, 0x98, 0x00, 0x00, 0x07, 0x92, 0x0e, 0x87, 0xcd, 0x18, 0x00, 0x00, 0x0f, 0x36, 0x0e, 0x87, 0xd9, 0x18, 0x00,
    0x00, 0x1c, 0x61, 0x38, 0x87, 0xdb, 0x30, 0x00, 0x00, 0x31, 0x40, 0x7e, 0x87, 0xdb, 0x30, 0x00, 0x00, 0x22, 0x40, 0x1e, 0x87, 0xfa, 0x20, 0x00,
    0x00, 0x4e, 0x02, 0x06, 0x87, 0xfa, 0x60, 0x00, 0x00, 0x4e, 0x22, 0x00, 0x87, 0xfe, 0x60, 0x00, 0x00, 0x1e, 0x20, 0x00, 0x63, 0xfe, 0x40, 0x00,
    0x00, 0x17, 0x35, 0x0c, 0x19, 0xfe, 0xc0, 0x00, 0x00, 0x33, 0x90, 0x47, 0x07, 0xfe, 0xc0, 0x00, 0x00, 0x33, 0xd8, 0x39, 0xc1, 0xfe, 0xc0, 0x00,
    0x00, 0x31, 0xff, 0x1e, 0xe0, 0x3e, 0x80, 0x00, 0x00, 0x10, 0xff, 0xe7, 0x30, 0x0e, 0x80, 0x00, 0x00, 0x10, 0x3f, 0xc3, 0xcc, 0x01, 0x80, 0x00,
    0x00, 0x10, 0x00, 0xe1, 0xf2, 0x00, 0x80, 0x00, 0x00, 0x09, 0xc3, 0xb7, 0xfc, 0x00, 0x00, 0x00, 0x00, 0x04, 0x78, 0xfb, 0xff, 0x80, 0x00, 0x00,
    0x00, 0x00, 0x00, 0x38, 0xdf, 0xf0, 0x00, 0x00, 0x00, 0x00, 0x00, 0x1c, 0x7f, 0xf0, 0x00, 0x00, 0x00, 0x00, 0x00, 0x8c, 0x3f, 0xf8, 0x00, 0x00,
    0x00, 0x00, 0x00, 0x44, 0x0e, 0xf8, 0x00, 0x00, 0x00, 0x00, 0x00, 0x64, 0x03, 0xfc, 0x00, 0x00, 0x00, 0x00, 0x00, 0x68, 0x00, 0xfc, 0x00, 0x00,
    0x00, 0x00, 0x00, 0x48, 0x00, 0x1e, 0x00, 0x00, 0x00, 0x00, 0x01, 0xc0, 0x00, 0x00, 0x00, 0x00, 0x00, 0x00, 0x01, 0x00, 0x00, 0x00, 0x00, 0x00,
    0x00, 0x00, 0x00, 0x00, 0x00, 0x00, 0x00, 0x00,
};
const uint8_t kBlink64[512] = {
    0x00, 0x00, 0x00, 0x00, 0x00, 0x00, 0x00, 0x00, 0x00, 0x00, 0x00, 0x01, 0x00, 0x00, 0x00, 0x00, 0x00, 0x00, 0x00, 0x0e, 0x00, 0x00, 0x00, 0x00,
    0x00, 0x00, 0x00, 0x7c, 0x00, 0x60, 0x00, 0x00, 0x00, 0x00, 0x01, 0xe8, 0x07, 0xe0, 0x00, 0x00, 0x00, 0x00, 0x07, 0xc8, 0x02, 0x40, 0x00, 0x00,
    0x00, 0x00, 0x0f, 0x90, 0x00, 0x80, 0x00, 0x00, 0x00, 0x00, 0x1e, 0x10, 0x00, 0x00, 0x00, 0x00, 0x00, 0x00, 0x3c, 0x10, 0x00, 0x00, 0x00, 0x00,
    0x00, 0x00, 0x78, 0x10, 0x09, 0x00, 0x00, 0x00, 0x00, 0x00, 0xf9, 0x10, 0x7f, 0x80, 0x00, 0x00, 0x00, 0x01, 0xf0, 0x11, 0x7f, 0xf0, 0x00, 0x00,
    0x00, 0x03, 0xe2, 0x38, 0xff, 0xf0, 0x00, 0x00, 0x00, 0x03, 0xe0, 0x1c, 0xbc, 0x38, 0x00, 0x00, 0x00, 0x07, 0xc4, 0x06, 0x38, 0x0a, 0x40, 0x00,
    0x00, 0x03, 0xc6, 0x03, 0x9b, 0xc1, 0x00, 0x00, 0x00, 0x03, 0x96, 0x01, 0xfb, 0xf1, 0xc0, 0x00, 0x00, 0x07, 0xae, 0x70, 0x7d, 0xfb, 0xe0, 0x00,
    0x00, 0x07, 0x2e, 0xf8, 0x7d, 0xf1, 0xb0, 0x00, 0x00, 0x07, 0x6e, 0xc0, 0x7f, 0xfb, 0xd0, 0x00, 0x00, 0x07, 0x58, 0xc0, 0xff, 0xf9, 0x70, 0x00,
    0x00, 0x06, 0x00, 0x85, 0xff, 0xfe, 0xb8, 0x00, 0x00, 0x02, 0x40, 0x0e, 0xff, 0xff, 0x58, 0x00, 0x00, 0x00, 0x00, 0x0f, 0xff, 0xff, 0xa8, 0x00,
    0x00, 0x00, 0x10, 0x18, 0x1f, 0xff, 0x80, 0x00, 0x00, 0x00, 0x12, 0x17, 0x7c, 0x07, 0xd0, 0x00, 0x00, 0x00, 0x02, 0x0f, 0xff, 0xfe, 0x00, 0x00,
    0x00, 0x00, 0x02, 0x0b, 0xbf, 0xff, 0xf0, 0x00, 0x00, 0x00, 0x02, 0x07, 0x7f, 0xff, 0xf8, 0x00, 0x00, 0x00, 0x42, 0x02, 0x7f, 0xff, 0xc0, 0x00,
    0x00, 0x00, 0x52, 0x00, 0x1f, 0xf7, 0x80, 0x00, 0x00, 0x00, 0x52, 0x19, 0x0f, 0xff, 0x80, 0x00, 0x00, 0x00, 0xd3, 0x0d, 0x01, 0xff, 0xf8, 0x00,
    0x00, 0x01, 0xd1, 0x0c, 0x81, 0x87, 0xfe, 0x00, 0x00, 0x27, 0xa1, 0x0e, 0x83, 0xec, 0x1c, 0x00, 0x00, 0x1d, 0xe1, 0x0e, 0x83, 0xed, 0x8c, 0x00,
    0x00, 0x01, 0xc8, 0x0e, 0x83, 0xcd, 0x98, 0x00, 0x00, 0x07, 0x92, 0x0e, 0x87, 0xcd, 0x18, 0x00, 0x00, 0x0f, 0x36, 0x0e, 0x87, 0xd9, 0x18, 0x00,
    0x00, 0x1c, 0x61, 0x38, 0x87, 0xdb, 0x30, 0x00, 0x00, 0x31, 0x40, 0x7e, 0x87, 0xdb, 0x30, 0x00, 0x00, 0x22, 0x40, 0x1e, 0x87, 0xfa, 0x20, 0x00,
    0x00, 0x4e, 0x02, 0x06, 0x87, 0xfa, 0x60, 0x00, 0x00, 0x4e, 0x22, 0x00, 0x87, 0xfe, 0x60, 0x00, 0x00, 0x1e, 0x20, 0x00, 0x63, 0xfe, 0x40, 0x00,
    0x00, 0x17, 0x35, 0x0c, 0x19, 0xfe, 0xc0, 0x00, 0x00, 0x33, 0x90, 0x47, 0x07, 0xfe, 0xc0, 0x00, 0x00, 0x33, 0xd8, 0x39, 0xc1, 0xfe, 0xc0, 0x00,
    0x00, 0x31, 0xff, 0x1e, 0xe0, 0x3e, 0x80, 0x00, 0x00, 0x10, 0xff, 0xe7, 0x30, 0x0e, 0x80, 0x00, 0x00, 0x10, 0x3f, 0xc3, 0xcc, 0x01, 0x80, 0x00,
    0x00, 0x10, 0x00, 0xe1, 0xf2, 0x00, 0x80, 0x00, 0x00, 0x09, 0xc3, 0xb7, 0xfc, 0x00, 0x00, 0x00, 0x00, 0x04, 0x78, 0xfb, 0xff, 0x80, 0x00, 0x00,
    0x00, 0x00, 0x00, 0x38, 0xdf, 0xf0, 0x00, 0x00, 0x00, 0x00, 0x00, 0x1c, 0x7f, 0xf0, 0x00, 0x00, 0x00, 0x00, 0x00, 0x8c, 0x3f, 0xf8, 0x00, 0x00,
    0x00, 0x00, 0x00, 0x44, 0x0e, 0xf8, 0x00, 0x00, 0x00, 0x00, 0x00, 0x64, 0x03, 0xfc, 0x00, 0x00, 0x00, 0x00, 0x00, 0x68, 0x00, 0xfc, 0x00, 0x00,
    0x00, 0x00, 0x00, 0x48, 0x00, 0x1e, 0x00, 0x00, 0x00, 0x00, 0x01, 0xc0, 0x00, 0x00, 0x00, 0x00, 0x00, 0x00, 0x01, 0x00, 0x00, 0x00, 0x00, 0x00,
    0x00, 0x00, 0x00, 0x00, 0x00, 0x00, 0x00, 0x00,
};
const uint8_t kTalk64[512] = {
    0x00, 0x00, 0x00, 0x00, 0x00, 0x00, 0x00, 0x00, 0x00, 0x00, 0x00, 0x01, 0x00, 0x00, 0x00, 0x00, 0x00, 0x00, 0x00, 0x0e, 0x00, 0x00, 0x00, 0x00,
    0x00, 0x00, 0x00, 0x7c, 0x00, 0x60, 0x00, 0x00, 0x00, 0x00, 0x01, 0xe8, 0x07, 0xe0, 0x00, 0x00, 0x00, 0x00, 0x07, 0xc8, 0x02, 0x40, 0x00, 0x00,
    0x00, 0x00, 0x0f, 0x90, 0x00, 0x80, 0x00, 0x00, 0x00, 0x00, 0x1e, 0x10, 0x00, 0x00, 0x00, 0x00, 0x00, 0x00, 0x3c, 0x10, 0x00, 0x00, 0x00, 0x00,
    0x00, 0x00, 0x78, 0x10, 0x09, 0x00, 0x00, 0x00, 0x00, 0x00, 0xf9, 0x10, 0x7f, 0x80, 0x00, 0x00, 0x00, 0x01, 0xf0, 0x11, 0x7f, 0xf0, 0x00, 0x00,
    0x00, 0x03, 0xe2, 0x38, 0xff, 0xf0, 0x00, 0x00, 0x00, 0x03, 0xe0, 0x1c, 0xbc, 0x38, 0x00, 0x00, 0x00, 0x07, 0xc4, 0x06, 0x38, 0x0a, 0x40, 0x00,
    0x00, 0x03, 0xc6, 0x03, 0x9b, 0xc1, 0x00, 0x00, 0x00, 0x03, 0x96, 0x01, 0xfb, 0xf1, 0xc0, 0x00, 0x00, 0x07, 0xae, 0x70, 0x7d, 0xfb, 0xe0, 0x00,
    0x00, 0x07, 0x2e, 0xf8, 0x7d, 0xf1, 0xb0, 0x00, 0x00, 0x07, 0x6e, 0xc0, 0x7f, 0xfb, 0xd0, 0x00, 0x00, 0x07, 0x58, 0xc0, 0xff, 0xf9, 0x70, 0x00,
    0x00, 0x06, 0x00, 0x85, 0xff, 0xfe, 0xb8, 0x00, 0x00, 0x02, 0x40, 0x0e, 0xff, 0xff, 0x58, 0x00, 0x00, 0x00, 0x00, 0x0f, 0xff, 0xff, 0xa8, 0x00,
    0x00, 0x00, 0x10, 0x18, 0x1f, 0xff, 0x80, 0x00, 0x00, 0x00, 0x12, 0x17, 0x7c, 0x07, 0xd0, 0x00, 0x00, 0x00, 0x02, 0x0f, 0xff, 0xfe, 0x00, 0x00,
    0x00, 0x00, 0x02, 0x0b, 0xbf, 0xff, 0xf0, 0x00, 0x00, 0x00, 0x02, 0x07, 0x7f, 0x07, 0xf8, 0x00, 0x00, 0x00, 0x42, 0x02, 0x7e, 0x00, 0x00, 0x00,
    0x00, 0x00, 0x52, 0x00, 0x1f, 0xc0, 0x00, 0x00, 0x00, 0x00, 0x52, 0x19, 0x0f, 0xff, 0x00, 0x00, 0x00, 0x00, 0xd3, 0x0d, 0x00, 0xff, 0xf8, 0x00,
    0x00, 0x01, 0xd1, 0x0c, 0x81, 0x87, 0xfe, 0x00, 0x00, 0x27, 0xa1, 0x0e, 0x83, 0xec, 0x1c, 0x00, 0x00, 0x1d, 0xe1, 0x0e, 0x83, 0xed, 0x8c, 0x00,
    0x00, 0x01, 0xc8, 0x0e, 0x83, 0xcd, 0x98, 0x00, 0x00, 0x07, 0x92, 0x0e, 0x87, 0xcd, 0x18, 0x00, 0x00, 0x0f, 0x36, 0x0e, 0x87, 0xc0, 0x18, 0x00,
    0x00, 0x1c, 0x61, 0x38, 0x87, 0xc0, 0x30, 0x00, 0x00, 0x31, 0x40, 0x7e, 0x87, 0xda, 0x30, 0x00, 0x00, 0x22, 0x40, 0x1e, 0x87, 0xfa, 0x20, 0x00,
    0x00, 0x4e, 0x02, 0x06, 0x87, 0xfa, 0x60, 0x00, 0x00, 0x4e, 0x22, 0x00, 0x87, 0xfe, 0x60, 0x00, 0x00, 0x1e, 0x20, 0x00, 0x63, 0xfe, 0x40, 0x00,
    0x00, 0x17, 0x35, 0x0c, 0x19, 0xfe, 0xc0, 0x00, 0x00, 0x33, 0x90, 0x47, 0x07, 0xfe, 0xc0, 0x00, 0x00, 0x33, 0xd8, 0x39, 0xc1, 0xfe, 0xc0, 0x00,
    0x00, 0x31, 0xff, 0x1e, 0xe0, 0x3e, 0x80, 0x00, 0x00, 0x10, 0xff, 0xe7, 0x30, 0x0e, 0x80, 0x00, 0x00, 0x10, 0x3f, 0xc3, 0xcc, 0x01, 0x80, 0x00,
    0x00, 0x10, 0x00, 0xe1, 0xf2, 0x00, 0x80, 0x00, 0x00, 0x09, 0xc3, 0xb7, 0xfc, 0x00, 0x00, 0x00, 0x00, 0x04, 0x78, 0xfb, 0xff, 0x80, 0x00, 0x00,
    0x00, 0x00, 0x00, 0x38, 0xdf, 0xf0, 0x00, 0x00, 0x00, 0x00, 0x00, 0x1c, 0x7f, 0xf0, 0x00, 0x00, 0x00, 0x00, 0x00, 0x8c, 0x3f, 0xf8, 0x00, 0x00,
    0x00, 0x00, 0x00, 0x44, 0x0e, 0xf8, 0x00, 0x00, 0x00, 0x00, 0x00, 0x64, 0x03, 0xfc, 0x00, 0x00, 0x00, 0x00, 0x00, 0x68, 0x00, 0xfc, 0x00, 0x00,
    0x00, 0x00, 0x00, 0x48, 0x00, 0x1e, 0x00, 0x00, 0x00, 0x00, 0x01, 0xc0, 0x00, 0x00, 0x00, 0x00, 0x00, 0x00, 0x01, 0x00, 0x00, 0x00, 0x00, 0x00,
    0x00, 0x00, 0x00, 0x00, 0x00, 0x00, 0x00, 0x00,
};
const uint8_t kIdle96[1152] = {
    0x00, 0x00, 0x00, 0x00, 0x00, 0x00, 0x00, 0x00, 0x00, 0x00, 0x00, 0x00, 0x00, 0x00, 0x00, 0x00, 0x00, 0x00, 0x00, 0x00, 0x00, 0x00, 0x00, 0x00,
    0x00, 0x00, 0x00, 0x00, 0x00, 0x03, 0x80, 0x00, 0x00, 0x00, 0x00, 0x00, 0x00, 0x00, 0x00, 0x00, 0x00, 0x16, 0x00, 0x00, 0x00, 0x00, 0x00, 0x00,
    0x00, 0x00, 0x00, 0x00, 0x01, 0xf0, 0x00, 0x00, 0x20, 0x00, 0x00, 0x00, 0x00, 0x00, 0x00, 0x00, 0x07, 0xf8, 0x00, 0x1f, 0x80, 0x00, 0x00, 0x00,
    0x00, 0x00, 0x00, 0x00, 0x1d, 0xd0, 0x00, 0xff, 0x80, 0x00, 0x00, 0x00, 0x00, 0x00, 0x00, 0x00, 0x7b, 0x30, 0x03, 0x1b, 0x00, 0x00, 0x00, 0x00,
    0x00, 0x00, 0x00, 0x01, 0xec, 0x60, 0x0c, 0x66, 0x00, 0x00, 0x00, 0x00, 0x00, 0x00, 0x00, 0x03, 0xd8, 0x60, 0x00, 0x84, 0x00, 0x00, 0x00, 0x00,
    0x00, 0x00, 0x00, 0x07, 0xb0, 0x40, 0x00, 0x08, 0x00, 0x00, 0x00, 0x00, 0x00, 0x00, 0x00, 0x0f, 0xe0, 0xc0, 0x00, 0x08, 0x00, 0x00, 0x00, 0x00,
    0x00, 0x00, 0x00, 0x1f, 0xc0, 0xc0, 0x00, 0x00, 0x00, 0x00, 0x00, 0x00, 0x00, 0x00, 0x00, 0x3f, 0x80, 0xc0, 0x00, 0x00, 0x00, 0x00, 0x00, 0x00,
    0x00, 0x00, 0x00, 0x7f, 0x08, 0xc0, 0x03, 0x30, 0x00, 0x00, 0x00, 0x00, 0x00, 0x00, 0x00, 0xfe, 0x10, 0xc0, 0x7b, 0xd8, 0x00, 0x00, 0x00, 0x00,
    0x00, 0x00, 0x01, 0xfc, 0x20, 0xc0, 0x7f, 0xfc, 0x00, 0x00, 0x00, 0x00, 0x00, 0x00, 0x01, 0xfc, 0x20, 0xe3, 0x9f, 0xff, 0xc0, 0x00, 0x00, 0x00,
    0x00, 0x00, 0x03, 0xf8, 0x40, 0xe2, 0x7f, 0xff, 0xc0, 0x00, 0x00, 0x00, 0x00, 0x00, 0x07, 0xf0, 0x40, 0xf0, 0xef, 0xff, 0xe0, 0x00, 0x00, 0x00,
    0x00, 0x00, 0x05, 0xf0, 0x80, 0x79, 0xdf, 0x81, 0xe4, 0x00, 0x00, 0x00, 0x00, 0x00, 0x0b, 0xe0, 0x80, 0x1c, 0x1f, 0x00, 0x76, 0x00, 0x00, 0x00,
    0x00, 0x00, 0x0b, 0xe5, 0xa8, 0x0f, 0x1e, 0x3c, 0x16, 0x20, 0x00, 0x00, 0x00, 0x00, 0x17, 0xc5, 0x68, 0x07, 0xce, 0x7f, 0x03, 0x00, 0x00, 0x00,
    0x00, 0x00, 0x17, 0xc9, 0x68, 0x03, 0xf6, 0x7f, 0x81, 0xa0, 0x00, 0x00, 0x00, 0x00, 0x0f, 0x8b, 0xe9, 0x81, 0x7b, 0x3f, 0xc8, 0xf0, 0x00, 0x00,
    0x00, 0x00, 0x0f, 0x9b, 0xeb, 0xc1, 0xbf, 0xbf, 0xe6, 0xf8, 0x00, 0x00, 0x00, 0x00, 0x0f, 0x93, 0xef, 0xe0, 0xbf, 0x9f, 0xc3, 0xdc, 0x00, 0x00,
    0x00, 0x00, 0x1d, 0x33, 0xef, 0x80, 0x3f, 0xdf, 0xcf, 0xcc, 0x00, 0x00, 0x00, 0x00, 0x1d, 0x37, 0xae, 0x00, 0x3f, 0xff, 0xe7, 0xc4, 0x00, 0x00,
    0x00, 0x00, 0x1f, 0x36, 0x0c, 0x00, 0x7f, 0xff, 0xf3, 0x74, 0x00, 0x00, 0x00, 0x00, 0x1a, 0x04, 0x0c, 0x01, 0xff, 0xff, 0xf9, 0x9e, 0x00, 0x00,
    0x00, 0x00, 0x0a, 0x00, 0x08, 0x19, 0xff, 0xff, 0xfc, 0x4e, 0x00, 0x00, 0x00, 0x00, 0x02, 0x40, 0x00, 0x3c, 0x7f, 0xff, 0xff, 0x2f, 0x00, 0x00,
    0x00, 0x00, 0x02, 0xc2, 0x00, 0x3f, 0xff, 0xff, 0xff, 0xa7, 0x00, 0x00, 0x00, 0x00, 0x04, 0x04, 0x00, 0x7f, 0xff, 0xff, 0xff, 0x92, 0x00, 0x00,
    0x00, 0x00, 0x04, 0x04, 0x40, 0x70, 0x0f, 0xff, 0xff, 0xc0, 0x00, 0x00, 0x00, 0x00, 0x04, 0x0c, 0x40, 0x4e, 0x00, 0x07, 0xff, 0xc4, 0x00, 0x00,
    0x00, 0x00, 0x00, 0x08, 0x40, 0x5f, 0x3f, 0xf0, 0x03, 0xe4, 0x00, 0x00, 0x00, 0x00, 0x00, 0x08, 0xc0, 0x14, 0xbf, 0xff, 0xf8, 0x00, 0x00, 0x00,
    0x00, 0x00, 0x00, 0x00, 0xc0, 0x3e, 0xbf, 0xdf, 0xff, 0xfc, 0x00, 0x00, 0x00, 0x00, 0x00, 0x00, 0xc0, 0x36, 0xbf, 0xff, 0xfe, 0xfe, 0x00, 0x00,
    0x00, 0x00, 0x00, 0x00, 0xc0, 0x19, 0xbf, 0xe0, 0x3f, 0xfe, 0x00, 0x00, 0x00, 0x00, 0x00, 0x20, 0x40, 0x0f, 0x3f, 0xe0, 0x00, 0x1e, 0x00, 0x00,
    0x00, 0x00, 0x00, 0x24, 0x40, 0x00, 0x1f, 0xe0, 0x00, 0x00, 0x00, 0x00, 0x00, 0x00, 0x00, 0x24, 0x60, 0x00, 0x0f, 0xf8, 0x00, 0x00, 0x00, 0x00,
    0x00, 0x00, 0x00, 0x64, 0x60, 0x42, 0x07, 0xbf, 0xe0, 0x00, 0x00, 0x00, 0x00, 0x00, 0x00, 0x64, 0x60, 0x63, 0x01, 0xff, 0xff, 0x00, 0x00, 0x00,
    0x00, 0x00, 0x00, 0xec, 0x20, 0x31, 0x00, 0x3f, 0xff, 0xfc, 0x00, 0x00, 0x00, 0x00, 0x01, 0xec, 0x20, 0x39, 0x80, 0x00, 0xfe, 0xff, 0xc0, 0x00,
    0x00, 0x00, 0x03, 0xcc, 0x30, 0x3c, 0x81, 0x3e, 0x07, 0xff, 0xc0, 0x00, 0x00, 0x01, 0x07, 0xd8, 0x30, 0x3c, 0xb1, 0x3f, 0x38, 0x1f, 0xc0, 0x00,
    0x00, 0x00, 0xfc, 0xd8, 0x30, 0x3c, 0x81, 0x7f, 0x39, 0x83, 0x80, 0x00, 0x00, 0x00, 0x31, 0xf2, 0x20, 0x3c, 0x81, 0x7f, 0x39, 0xc3, 0x80, 0x00,
    0x00, 0x00, 0x03, 0xe2, 0x00, 0x3c, 0x81, 0x7f, 0x39, 0x87, 0x00, 0x00, 0x00, 0x00, 0x07, 0xc6, 0x60, 0x3c, 0x81, 0x7e, 0x7b, 0x87, 0x00, 0x00,
    0x00, 0x00, 0x0f, 0x8c, 0x78, 0x3c, 0x81, 0x7e, 0x73, 0x8e, 0x00, 0x00, 0x00, 0x00, 0x1f, 0x08, 0xd6, 0x3c, 0x81, 0x7e, 0x73, 0x0e, 0x00, 0x00,
    0x00, 0x00, 0x7c, 0x18, 0xc1, 0x8e, 0x81, 0x7e, 0x73, 0x0c, 0x00, 0x00, 0x00, 0x00, 0xf8, 0x30, 0x31, 0xf0, 0x81, 0xfe, 0x77, 0x1c, 0x00, 0x00,
    0x00, 0x00, 0xe2, 0x20, 0x0f, 0xfc, 0x81, 0xfe, 0x76, 0x1c, 0x00, 0x00, 0x00, 0x01, 0xc2, 0x60, 0x01, 0xee, 0x81, 0xfe, 0xe6, 0x18, 0x00, 0x00,
    0x00, 0x03, 0x86, 0x40, 0x00, 0x7e, 0x81, 0xff, 0xe6, 0x38, 0x00, 0x00, 0x00, 0x03, 0x1e, 0x48, 0x00, 0x1e, 0xa1, 0xff, 0xee, 0x38, 0x00, 0x00,
    0x00, 0x06, 0x2e, 0x48, 0x78, 0x06, 0xa1, 0xff, 0xec, 0x30, 0x00, 0x00, 0x00, 0x04, 0x6e, 0x58, 0x46, 0x00, 0xc1, 0xff, 0xfc, 0x70, 0x00, 0x00,
    0x00, 0x04, 0x6e, 0x18, 0x00, 0x00, 0x70, 0xff, 0xfc, 0x70, 0x00, 0x00, 0x00, 0x00, 0xef, 0x19, 0xe0, 0x70, 0x1c, 0x7f, 0xfc, 0x60, 0x00, 0x00,
    0x00, 0x00, 0xef, 0x09, 0x3c, 0x6c, 0x07, 0x3f, 0xfe, 0x60, 0x00, 0x00, 0x00, 0x00, 0xef, 0x8c, 0x06, 0x1f, 0x01, 0xcf, 0xfe, 0xe0, 0x00, 0x00,
    0x00, 0x00, 0xa7, 0xce, 0x05, 0xc7, 0x80, 0x77, 0xfe, 0xe0, 0x00, 0x00, 0x00, 0x00, 0x97, 0xe7, 0x09, 0xf3, 0xe0, 0x0f, 0xfe, 0xc0, 0x00, 0x00,
    0x00, 0x00, 0x93, 0xfb, 0xc0, 0xfc, 0xf0, 0x03, 0xfc, 0xc0, 0x00, 0x00, 0x00, 0x00, 0x81, 0xff, 0xfc, 0x1f, 0x38, 0x00, 0xfd, 0x00, 0x00, 0x00,
    0x00, 0x00, 0xc0, 0xff, 0xff, 0xcf, 0x8e, 0x00, 0x3d, 0xc0, 0x00, 0x00, 0x00, 0x00, 0xc0, 0x3f, 0xf8, 0x67, 0xe7, 0x00, 0x0d, 0xc0, 0x00, 0x00,
    0x00, 0x00, 0x40, 0x03, 0xfe, 0x03, 0xf9, 0x80, 0x01, 0x80, 0x00, 0x00, 0x00, 0x00, 0x62, 0x00, 0x07, 0x83, 0xfc, 0x60, 0x00, 0x00, 0x00, 0x00,
    0x00, 0x00, 0x21, 0x80, 0xf1, 0xcb, 0xff, 0x10, 0x00, 0x00, 0x00, 0x00, 0x00, 0x00, 0x10, 0xf8, 0x3f, 0xe7, 0xff, 0xc0, 0x00, 0x00, 0x00, 0x00,
    0x00, 0x00, 0x08, 0x1f, 0x8f, 0xf3, 0xff, 0xf8, 0x00, 0x00, 0x00, 0x00, 0x00, 0x00, 0x04, 0x00, 0x03, 0xf1, 0xef, 0xff, 0xc0, 0x00, 0x00, 0x00,
    0x00, 0x00, 0x00, 0x00, 0x01, 0xf0, 0x7f, 0xff, 0xc0, 0x00, 0x00, 0x00, 0x00, 0x00, 0x00, 0x00, 0x00, 0xb8, 0x3f, 0xff, 0xe0, 0x00, 0x00, 0x00,
    0x00, 0x00, 0x00, 0x00, 0x0c, 0x58, 0x1f, 0xff, 0xe0, 0x00, 0x00, 0x00, 0x00, 0x00, 0x00, 0x00, 0x06, 0x58, 0x07, 0xef, 0xf0, 0x00, 0x00, 0x00,
    0x00, 0x00, 0x00, 0x00, 0x02, 0x18, 0x03, 0xef, 0xf0, 0x00, 0x00, 0x00, 0x00, 0x00, 0x00, 0x00, 0x03, 0x18, 0x00, 0xff, 0xd0, 0x00, 0x00, 0x00,
    0x00, 0x00, 0x00, 0x00, 0x03, 0x10, 0x00, 0x3f, 0x98, 0x00, 0x00, 0x00, 0x00, 0x00, 0x00, 0x00, 0x03, 0x10, 0x00, 0x0f, 0xf8, 0x00, 0x00, 0x00,
    0x00, 0x00, 0x00, 0x00, 0x07, 0x20, 0x00, 0x01, 0xfc, 0x00, 0x00, 0x00, 0x00, 0x00, 0x00, 0x00, 0x06, 0x00, 0x00, 0x00, 0x04, 0x00, 0x00, 0x00,
    0x00, 0x00, 0x00, 0x00, 0x7c, 0x00, 0x00, 0x00, 0x00, 0x00, 0x00, 0x00, 0x00, 0x00, 0x00, 0x00, 0x38, 0x00, 0x00, 0x00, 0x00, 0x00, 0x00, 0x00,
    0x00, 0x00, 0x00, 0x00, 0x00, 0x00, 0x00, 0x00, 0x00, 0x00, 0x00, 0x00, 0x00, 0x00, 0x00, 0x00, 0x00, 0x00, 0x00, 0x00, 0x00, 0x00, 0x00, 0x00,
};
const uint8_t kBlink96[1152] = {
    0x00, 0x00, 0x00, 0x00, 0x00, 0x00, 0x00, 0x00, 0x00, 0x00, 0x00, 0x00, 0x00, 0x00, 0x00, 0x00, 0x00, 0x00, 0x00, 0x00, 0x00, 0x00, 0x00, 0x00,
    0x00, 0x00, 0x00, 0x00, 0x00, 0x03, 0x80, 0x00, 0x00, 0x00, 0x00, 0x00, 0x00, 0x00, 0x00, 0x00, 0x00, 0x16, 0x00, 0x00, 0x00, 0x00, 0x00, 0x00,
    0x00, 0x00, 0x00, 0x00, 0x01, 0xf0, 0x00, 0x00, 0x20, 0x00, 0x00, 0x00, 0x00, 0x00, 0x00, 0x00, 0x07, 0xf8, 0x00, 0x1f, 0x80, 0x00, 0x00, 0x00,
    0x00, 0x00, 0x00, 0x00, 0x1d, 0xd0, 0x00, 0xff, 0x80, 0x00, 0x00, 0x00, 0x00, 0x00, 0x00, 0x00, 0x7b, 0x30, 0x03, 0x1b, 0x00, 0x00, 0x00, 0x00,
    0x00, 0x00, 0x00, 0x01, 0xec, 0x60, 0x0c, 0x66, 0x00, 0x00, 0x00, 0x00, 0x00, 0x00, 0x00, 0x03, 0xd8, 0x60, 0x00, 0x84, 0x00, 0x00, 0x00, 0x00,
    0x00, 0x00, 0x00, 0x07, 0xb0, 0x40, 0x00, 0x08, 0x00, 0x00, 0x00, 0x00, 0x00, 0x00, 0x00, 0x0f, 0xe0, 0xc0, 0x00, 0x08, 0x00, 0x00, 0x00, 0x00,
    0x00, 0x00, 0x00, 0x1f, 0xc0, 0xc0, 0x00, 0x00, 0x00, 0x00, 0x00, 0x00, 0x00, 0x00, 0x00, 0x3f, 0x80, 0xc0, 0x00, 0x00, 0x00, 0x00, 0x00, 0x00,
    0x00, 0x00, 0x00, 0x7f, 0x08, 0xc0, 0x03, 0x30, 0x00, 0x00, 0x00, 0x00, 0x00, 0x00, 0x00, 0xfe, 0x10, 0xc0, 0x7b, 0xd8, 0x00, 0x00, 0x00, 0x00,
    0x00, 0x00, 0x01, 0xfc, 0x20, 0xc0, 0x7f, 0xfc, 0x00, 0x00, 0x00, 0x00, 0x00, 0x00, 0x01, 0xfc, 0x20, 0xe3, 0x9f, 0xff, 0xc0, 0x00, 0x00, 0x00,
    0x00, 0x00, 0x03, 0xf8, 0x40, 0xe2, 0x7f, 0xff, 0xc0, 0x00, 0x00, 0x00, 0x00, 0x00, 0x07, 0xf0, 0x40, 0xf0, 0xef, 0xff, 0xe0, 0x00, 0x00, 0x00,
    0x00, 0x00, 0x05, 0xf0, 0x80, 0x79, 0xdf, 0x81, 0xe4, 0x00, 0x00, 0x00, 0x00, 0x00, 0x0b, 0xe0, 0x80, 0x1c, 0x1f, 0x00, 0x76, 0x00, 0x00, 0x00,
    0x00, 0x00, 0x0b, 0xe5, 0xa8, 0x0f, 0x1e, 0x3c, 0x16, 0x20, 0x00, 0x00, 0x00, 0x00, 0x17, 0xc5, 0x68, 0x07, 0xce, 0x7f, 0x03, 0x00, 0x00, 0x00,
    0x00, 0x00, 0x17, 0xc9, 0x68, 0x03, 0xf6, 0x7f, 0x81, 0xa0, 0x00, 0x00, 0x00, 0x00, 0x0f, 0x8b, 0xe9, 0x81, 0x7b, 0x3f, 0xc8, 0xf0, 0x00, 0x00,
    0x00, 0x00, 0x0f, 0x9b, 0xeb, 0xc1, 0xbf, 0xbf, 0xe6, 0xf8, 0x00, 0x00, 0x00, 0x00, 0x0f, 0x93, 0xef, 0xe0, 0xbf, 0x9f, 0xc3, 0xdc, 0x00, 0x00,
    0x00, 0x00, 0x1d, 0x33, 0xef, 0x80, 0x3f, 0xdf, 0xcf, 0xcc, 0x00, 0x00, 0x00, 0x00, 0x1d, 0x37, 0xae, 0x00, 0x3f, 0xff, 0xe7, 0xc4, 0x00, 0x00,
    0x00, 0x00, 0x1f, 0x36, 0x0c, 0x00, 0x7f, 0xff, 0xf3, 0x74, 0x00, 0x00, 0x00, 0x00, 0x1a, 0x04, 0x0c, 0x01, 0xff, 0xff, 0xf9, 0x9e, 0x00, 0x00,
    0x00, 0x00, 0x0a, 0x00, 0x08, 0x19, 0xff, 0xff, 0xfc, 0x4e, 0x00, 0x00, 0x00, 0x00, 0x02, 0x40, 0x00, 0x3c, 0x7f, 0xff, 0xff, 0x2f, 0x00, 0x00,
    0x00, 0x00, 0x02, 0xc2, 0x00, 0x3f, 0xff, 0xff, 0xff, 0xa7, 0x00, 0x00, 0x00, 0x00, 0x04, 0x04, 0x00, 0x7f, 0xff, 0xff, 0xff, 0x92, 0x00, 0x00,
    0x00, 0x00, 0x04, 0x04, 0x40, 0x70, 0x0f, 0xff, 0xff, 0xc0, 0x00, 0x00, 0x00, 0x00, 0x04, 0x0c, 0x40, 0x4e, 0x00, 0x07, 0xff, 0xc4, 0x00, 0x00,
    0x00, 0x00, 0x00, 0x08, 0x40, 0x5f, 0x3f, 0xf0, 0x03, 0xe4, 0x00, 0x00, 0x00, 0x00, 0x00, 0x08, 0xc0, 0x14, 0xbf, 0xff, 0xf8, 0x00, 0x00, 0x00,
    0x00, 0x00, 0x00, 0x00, 0xc0, 0x3e, 0xbf, 0xdf, 0xff, 0xfc, 0x00, 0x00, 0x00, 0x00, 0x00, 0x00, 0xc0, 0x36, 0xbf, 0xff, 0xfe, 0xfe, 0x00, 0x00,
    0x00, 0x00, 0x00, 0x00, 0xc0, 0x19, 0xbf, 0xef, 0xff, 0xfe, 0x00, 0x00, 0x00, 0x00, 0x00, 0x20, 0x40, 0x0f, 0x3f, 0xff, 0xff, 0xde, 0x00, 0x00,
    0x00, 0x00, 0x00, 0x24, 0x40, 0x00, 0x1f, 0xe1, 0x3f, 0xc0, 0x00, 0x00, 0x00, 0x00, 0x00, 0x24, 0x60, 0x00, 0x0f, 0xff, 0xcf, 0x80, 0x00, 0x00,
    0x00, 0x00, 0x00, 0x64, 0x60, 0x42, 0x07, 0xbf, 0xf8, 0xc0, 0x00, 0x00, 0x00, 0x00, 0x00, 0x64, 0x60, 0x63, 0x01, 0xff, 0xff, 0x80, 0x00, 0x00,
    0x00, 0x00, 0x00, 0xec, 0x20, 0x31, 0x00, 0x3f, 0xff, 0xfc, 0x00, 0x00, 0x00, 0x00, 0x01, 0xec, 0x20, 0x39, 0x80, 0x00, 0xfe, 0xff, 0xc0, 0x00,
    0x00, 0x00, 0x03, 0xcc, 0x30, 0x3c, 0x81, 0x3e, 0x07, 0xff, 0xc0, 0x00, 0x00, 0x01, 0x07, 0xd8, 0x30, 0x3c, 0xb1, 0x3f, 0x38, 0x1f, 0xc0, 0x00,
    0x00, 0x00, 0xfc, 0xd8, 0x30, 0x3c, 0x81, 0x7f, 0x39, 0x83, 0x80, 0x00, 0x00, 0x00, 0x31, 0xf2, 0x20, 0x3c, 0x81, 0x7f, 0x39, 0xc3, 0x80, 0x00,
    0x00, 0x00, 0x03, 0xe2, 0x00, 0x3c, 0x81, 0x7f, 0x39, 0x87, 0x00, 0x00, 0x00, 0x00, 0x07, 0xc6, 0x60, 0x3c, 0x81, 0x7e, 0x7b, 0x87, 0x00, 0x00,
    0x00, 0x00, 0x0f, 0x8c, 0x78, 0x3c, 0x81, 0x7e, 0x73, 0x8e, 0x00, 0x00, 0x00, 0x00, 0x1f, 0x08, 0xd6, 0x3c, 0x81, 0x7e, 0x73, 0x0e, 0x00, 0x00,
    0x00, 0x00, 0x7c, 0x18, 0xc1, 0x8e, 0x81, 0x7e, 0x73, 0x0c, 0x00, 0x00, 0x00, 0x00, 0xf8, 0x30, 0x31, 0xf0, 0x81, 0xfe, 0x77, 0x1c, 0x00, 0x00,
    0x00, 0x00, 0xe2, 0x20, 0x0f, 0xfc, 0x81, 0xfe, 0x76, 0x1c, 0x00, 0x00, 0x00, 0x01, 0xc2, 0x60, 0x01, 0xee, 0x81, 0xfe, 0xe6, 0x18, 0x00, 0x00,
    0x00, 0x03, 0x86, 0x40, 0x00, 0x7e, 0x81, 0xff, 0xe6, 0x38, 0x00, 0x00, 0x00, 0x03, 0x1e, 0x48, 0x00, 0x1e, 0xa1, 0xff, 0xee, 0x38, 0x00, 0x00,
    0x00, 0x06, 0x2e, 0x48, 0x78, 0x06, 0xa1, 0xff, 0xec, 0x30, 0x00, 0x00, 0x00, 0x04, 0x6e, 0x58, 0x46, 0x00, 0xc1, 0xff, 0xfc, 0x70, 0x00, 0x00,
    0x00, 0x04, 0x6e, 0x18, 0x00, 0x00, 0x70, 0xff, 0xfc, 0x70, 0x00, 0x00, 0x00, 0x00, 0xef, 0x19, 0xe0, 0x70, 0x1c, 0x7f, 0xfc, 0x60, 0x00, 0x00,
    0x00, 0x00, 0xef, 0x09, 0x3c, 0x6c, 0x07, 0x3f, 0xfe, 0x60, 0x00, 0x00, 0x00, 0x00, 0xef, 0x8c, 0x06, 0x1f, 0x01, 0xcf, 0xfe, 0xe0, 0x00, 0x00,
    0x00, 0x00, 0xa7, 0xce, 0x05, 0xc7, 0x80, 0x77, 0xfe, 0xe0, 0x00, 0x00, 0x00, 0x00, 0x97, 0xe7, 0x09, 0xf3, 0xe0, 0x0f, 0xfe, 0xc0, 0x00, 0x00,
    0x00, 0x00, 0x93, 0xfb, 0xc0, 0xfc, 0xf0, 0x03, 0xfc, 0xc0, 0x00, 0x00, 0x00, 0x00, 0x81, 0xff, 0xfc, 0x1f, 0x38, 0x00, 0xfd, 0x00, 0x00, 0x00,
    0x00, 0x00, 0xc0, 0xff, 0xff, 0xcf, 0x8e, 0x00, 0x3d, 0xc0, 0x00, 0x00, 0x00, 0x00, 0xc0, 0x3f, 0xf8, 0x67, 0xe7, 0x00, 0x0d, 0xc0, 0x00, 0x00,
    0x00, 0x00, 0x40, 0x03, 0xfe, 0x03, 0xf9, 0x80, 0x01, 0x80, 0x00, 0x00, 0x00, 0x00, 0x62, 0x00, 0x07, 0x83, 0xfc, 0x60, 0x00, 0x00, 0x00, 0x00,
    0x00, 0x00, 0x21, 0x80, 0xf1, 0xcb, 0xff, 0x10, 0x00, 0x00, 0x00, 0x00, 0x00, 0x00, 0x10, 0xf8, 0x3f, 0xe7, 0xff, 0xc0, 0x00, 0x00, 0x00, 0x00,
    0x00, 0x00, 0x08, 0x1f, 0x8f, 0xf3, 0xff, 0xf8, 0x00, 0x00, 0x00, 0x00, 0x00, 0x00, 0x04, 0x00, 0x03, 0xf1, 0xef, 0xff, 0xc0, 0x00, 0x00, 0x00,
    0x00, 0x00, 0x00, 0x00, 0x01, 0xf0, 0x7f, 0xff, 0xc0, 0x00, 0x00, 0x00, 0x00, 0x00, 0x00, 0x00, 0x00, 0xb8, 0x3f, 0xff, 0xe0, 0x00, 0x00, 0x00,
    0x00, 0x00, 0x00, 0x00, 0x0c, 0x58, 0x1f, 0xff, 0xe0, 0x00, 0x00, 0x00, 0x00, 0x00, 0x00, 0x00, 0x06, 0x58, 0x07, 0xef, 0xf0, 0x00, 0x00, 0x00,
    0x00, 0x00, 0x00, 0x00, 0x02, 0x18, 0x03, 0xef, 0xf0, 0x00, 0x00, 0x00, 0x00, 0x00, 0x00, 0x00, 0x03, 0x18, 0x00, 0xff, 0xd0, 0x00, 0x00, 0x00,
    0x00, 0x00, 0x00, 0x00, 0x03, 0x10, 0x00, 0x3f, 0x98, 0x00, 0x00, 0x00, 0x00, 0x00, 0x00, 0x00, 0x03, 0x10, 0x00, 0x0f, 0xf8, 0x00, 0x00, 0x00,
    0x00, 0x00, 0x00, 0x00, 0x07, 0x20, 0x00, 0x01, 0xfc, 0x00, 0x00, 0x00, 0x00, 0x00, 0x00, 0x00, 0x06, 0x00, 0x00, 0x00, 0x04, 0x00, 0x00, 0x00,
    0x00, 0x00, 0x00, 0x00, 0x7c, 0x00, 0x00, 0x00, 0x00, 0x00, 0x00, 0x00, 0x00, 0x00, 0x00, 0x00, 0x38, 0x00, 0x00, 0x00, 0x00, 0x00, 0x00, 0x00,
    0x00, 0x00, 0x00, 0x00, 0x00, 0x00, 0x00, 0x00, 0x00, 0x00, 0x00, 0x00, 0x00, 0x00, 0x00, 0x00, 0x00, 0x00, 0x00, 0x00, 0x00, 0x00, 0x00, 0x00,
};
const uint8_t kTalk96[1152] = {
    0x00, 0x00, 0x00, 0x00, 0x00, 0x00, 0x00, 0x00, 0x00, 0x00, 0x00, 0x00, 0x00, 0x00, 0x00, 0x00, 0x00, 0x00, 0x00, 0x00, 0x00, 0x00, 0x00, 0x00,
    0x00, 0x00, 0x00, 0x00, 0x00, 0x03, 0x80, 0x00, 0x00, 0x00, 0x00, 0x00, 0x00, 0x00, 0x00, 0x00, 0x00, 0x16, 0x00, 0x00, 0x00, 0x00, 0x00, 0x00,
    0x00, 0x00, 0x00, 0x00, 0x01, 0xf0, 0x00, 0x00, 0x20, 0x00, 0x00, 0x00, 0x00, 0x00, 0x00, 0x00, 0x07, 0xf8, 0x00, 0x1f, 0x80, 0x00, 0x00, 0x00,
    0x00, 0x00, 0x00, 0x00, 0x1d, 0xd0, 0x00, 0xff, 0x80, 0x00, 0x00, 0x00, 0x00, 0x00, 0x00, 0x00, 0x7b, 0x30, 0x03, 0x1b, 0x00, 0x00, 0x00, 0x00,
    0x00, 0x00, 0x00, 0x01, 0xec, 0x60, 0x0c, 0x66, 0x00, 0x00, 0x00, 0x00, 0x00, 0x00, 0x00, 0x03, 0xd8, 0x60, 0x00, 0x84, 0x00, 0x00, 0x00, 0x00,
    0x00, 0x00, 0x00, 0x07, 0xb0, 0x40, 0x00, 0x08, 0x00, 0x00, 0x00, 0x00, 0x00, 0x00, 0x00, 0x0f, 0xe0, 0xc0, 0x00, 0x08, 0x00, 0x00, 0x00, 0x00,
    0x00, 0x00, 0x00, 0x1f, 0xc0, 0xc0, 0x00, 0x00, 0x00, 0x00, 0x00, 0x00, 0x00, 0x00, 0x00, 0x3f, 0x80, 0xc0, 0x00, 0x00, 0x00, 0x00, 0x00, 0x00,
    0x00, 0x00, 0x00, 0x7f, 0x08, 0xc0, 0x03, 0x30, 0x00, 0x00, 0x00, 0x00, 0x00, 0x00, 0x00, 0xfe, 0x10, 0xc0, 0x7b, 0xd8, 0x00, 0x00, 0x00, 0x00,
    0x00, 0x00, 0x01, 0xfc, 0x20, 0xc0, 0x7f, 0xfc, 0x00, 0x00, 0x00, 0x00, 0x00, 0x00, 0x01, 0xfc, 0x20, 0xe3, 0x9f, 0xff, 0xc0, 0x00, 0x00, 0x00,
    0x00, 0x00, 0x03, 0xf8, 0x40, 0xe2, 0x7f, 0xff, 0xc0, 0x00, 0x00, 0x00, 0x00, 0x00, 0x07, 0xf0, 0x40, 0xf0, 0xef, 0xff, 0xe0, 0x00, 0x00, 0x00,
    0x00, 0x00, 0x05, 0xf0, 0x80, 0x79, 0xdf, 0x81, 0xe4, 0x00, 0x00, 0x00, 0x00, 0x00, 0x0b, 0xe0, 0x80, 0x1c, 0x1f, 0x00, 0x76, 0x00, 0x00, 0x00,
    0x00, 0x00, 0x0b, 0xe5, 0xa8, 0x0f, 0x1e, 0x3c, 0x16, 0x20, 0x00, 0x00, 0x00, 0x00, 0x17, 0xc5, 0x68, 0x07, 0xce, 0x7f, 0x03, 0x00, 0x00, 0x00,
    0x00, 0x00, 0x17, 0xc9, 0x68, 0x03, 0xf6, 0x7f, 0x81, 0xa0, 0x00, 0x00, 0x00, 0x00, 0x0f, 0x8b, 0xe9, 0x81, 0x7b, 0x3f, 0xc8, 0xf0, 0x00, 0x00,
    0x00, 0x00, 0x0f, 0x9b, 0xeb, 0xc1, 0xbf, 0xbf, 0xe6, 0xf8, 0x00, 0x00, 0x00, 0x00, 0x0f, 0x93, 0xef, 0xe0, 0xbf, 0x9f, 0xc3, 0xdc, 0x00, 0x00,
    0x00, 0x00, 0x1d, 0x33, 0xef, 0x80, 0x3f, 0xdf, 0xcf, 0xcc, 0x00, 0x00, 0x00, 0x00, 0x1d, 0x37, 0xae, 0x00, 0x3f, 0xff, 0xe7, 0xc4, 0x00, 0x00,
    0x00, 0x00, 0x1f, 0x36, 0x0c, 0x00, 0x7f, 0xff, 0xf3, 0x74, 0x00, 0x00, 0x00, 0x00, 0x1a, 0x04, 0x0c, 0x01, 0xff, 0xff, 0xf9, 0x9e, 0x00, 0x00,
    0x00, 0x00, 0x0a, 0x00, 0x08, 0x19, 0xff, 0xff, 0xfc, 0x4e, 0x00, 0x00, 0x00, 0x00, 0x02, 0x40, 0x00, 0x3c, 0x7f, 0xff, 0xff, 0x2f, 0x00, 0x00,
    0x00, 0x00, 0x02, 0xc2, 0x00, 0x3f, 0xff, 0xff, 0xff, 0xa7, 0x00, 0x00, 0x00, 0x00, 0x04, 0x04, 0x00, 0x7f, 0xff, 0xff, 0xff, 0x92, 0x00, 0x00,
    0x00, 0x00, 0x04, 0x04, 0x40, 0x70, 0x0f, 0xff, 0xff, 0xc0, 0x00, 0x00, 0x00, 0x00, 0x04, 0x0c, 0x40, 0x4e, 0x00, 0x07, 0xff, 0xc4, 0x00, 0x00,
    0x00, 0x00, 0x00, 0x08, 0x40, 0x5f, 0x3f, 0xf0, 0x03, 0xe4, 0x00, 0x00, 0x00, 0x00, 0x00, 0x08, 0xc0, 0x14, 0xbf, 0xff, 0xf8, 0x00, 0x00, 0x00,
    0x00, 0x00, 0x00, 0x00, 0xc0, 0x3e, 0xbf, 0xdf, 0xff, 0xfc, 0x00, 0x00, 0x00, 0x00, 0x00, 0x00, 0xc0, 0x36, 0xbf, 0xff, 0xfe, 0xfe, 0x00, 0x00,
    0x00, 0x00, 0x00, 0x00, 0xc0, 0x19, 0xbf, 0xe0, 0x3f, 0xfe, 0x00, 0x00, 0x00, 0x00, 0x00, 0x20, 0x40, 0x0f, 0x3f, 0xe0, 0x00, 0x1e, 0x00, 0x00,
    0x00, 0x00, 0x00, 0x24, 0x40, 0x00, 0x1f, 0xe0, 0x00, 0x00, 0x00, 0x00, 0x00, 0x00, 0x00, 0x24, 0x60, 0x00, 0x0f, 0xf8, 0x00, 0x00, 0x00, 0x00,
    0x00, 0x00, 0x00, 0x64, 0x60, 0x42, 0x07, 0xbf, 0xe0, 0x00, 0x00, 0x00, 0x00, 0x00, 0x00, 0x64, 0x60, 0x63, 0x01, 0xff, 0xff, 0x00, 0x00, 0x00,
    0x00, 0x00, 0x00, 0xec, 0x20, 0x31, 0x00, 0x3f, 0xff, 0xfc, 0x00, 0x00, 0x00, 0x00, 0x01, 0xec, 0x20, 0x39, 0x80, 0x00, 0xfe, 0xff, 0xc0, 0x00,
    0x00, 0x00, 0x03, 0xcc, 0x30, 0x3c, 0x81, 0x3e, 0x07, 0xff, 0xc0, 0x00, 0x00, 0x01, 0x07, 0xd8, 0x30, 0x3c, 0xb1, 0x3f, 0x38, 0x1f, 0xc0, 0x00,
    0x00, 0x00, 0xfc, 0xd8, 0x30, 0x3c, 0x81, 0x7f, 0x39, 0x83, 0x80, 0x00, 0x00, 0x00, 0x31, 0xf2, 0x20, 0x3c, 0x81, 0x7f, 0x39, 0xc3, 0x80, 0x00,
    0x00, 0x00, 0x03, 0xe2, 0x00, 0x3c, 0x81, 0x7f, 0x39, 0x87, 0x00, 0x00, 0x00, 0x00, 0x07, 0xc6, 0x60, 0x3c, 0x81, 0x7e, 0x7b, 0x87, 0x00, 0x00,
    0x00, 0x00, 0x0f, 0x8c, 0x78, 0x3c, 0x81, 0x7e, 0x73, 0x8e, 0x00, 0x00, 0x00, 0x00, 0x1f, 0x08, 0xd6, 0x3c, 0x81, 0x7e, 0x40, 0x0e, 0x00, 0x00,
    0x00, 0x00, 0x7c, 0x18, 0xc1, 0x8e, 0x81, 0x7e, 0x00, 0x0c, 0x00, 0x00, 0x00, 0x00, 0xf8, 0x30, 0x31, 0xf0, 0x81, 0xfe, 0x40, 0x1c, 0x00, 0x00,
    0x00, 0x00, 0xe2, 0x20, 0x0f, 0xfc, 0x81, 0xfe, 0x66, 0x1c, 0x00, 0x00, 0x00, 0x01, 0xc2, 0x60, 0x01, 0xee, 0x81, 0xfe, 0xe6, 0x18, 0x00, 0x00,
    0x00, 0x03, 0x86, 0x40, 0x00, 0x7e, 0x81, 0xff, 0xe6, 0x38, 0x00, 0x00, 0x00, 0x03, 0x1e, 0x48, 0x00, 0x1e, 0xa1, 0xff, 0xee, 0x38, 0x00, 0x00,
    0x00, 0x06, 0x2e, 0x48, 0x78, 0x06, 0xa1, 0xff, 0xec, 0x30, 0x00, 0x00, 0x00, 0x04, 0x6e, 0x58, 0x46, 0x00, 0xc1, 0xff, 0xfc, 0x70, 0x00, 0x00,
    0x00, 0x04, 0x6e, 0x18, 0x00, 0x00, 0x70, 0xff, 0xfc, 0x70, 0x00, 0x00, 0x00, 0x00, 0xef, 0x19, 0xe0, 0x70, 0x1c, 0x7f, 0xfc, 0x60, 0x00, 0x00,
    0x00, 0x00, 0xef, 0x09, 0x3c, 0x6c, 0x07, 0x3f, 0xfe, 0x60, 0x00, 0x00, 0x00, 0x00, 0xef, 0x8c, 0x06, 0x1f, 0x01, 0xcf, 0xfe, 0xe0, 0x00, 0x00,
    0x00, 0x00, 0xa7, 0xce, 0x05, 0xc7, 0x80, 0x77, 0xfe, 0xe0, 0x00, 0x00, 0x00, 0x00, 0x97, 0xe7, 0x09, 0xf3, 0xe0, 0x0f, 0xfe, 0xc0, 0x00, 0x00,
    0x00, 0x00, 0x93, 0xfb, 0xc0, 0xfc, 0xf0, 0x03, 0xfc, 0xc0, 0x00, 0x00, 0x00, 0x00, 0x81, 0xff, 0xfc, 0x1f, 0x38, 0x00, 0xfd, 0x00, 0x00, 0x00,
    0x00, 0x00, 0xc0, 0xff, 0xff, 0xcf, 0x8e, 0x00, 0x3d, 0xc0, 0x00, 0x00, 0x00, 0x00, 0xc0, 0x3f, 0xf8, 0x67, 0xe7, 0x00, 0x0d, 0xc0, 0x00, 0x00,
    0x00, 0x00, 0x40, 0x03, 0xfe, 0x03, 0xf9, 0x80, 0x01, 0x80, 0x00, 0x00, 0x00, 0x00, 0x62, 0x00, 0x07, 0x83, 0xfc, 0x60, 0x00, 0x00, 0x00, 0x00,
    0x00, 0x00, 0x21, 0x80, 0xf1, 0xcb, 0xff, 0x10, 0x00, 0x00, 0x00, 0x00, 0x00, 0x00, 0x10, 0xf8, 0x3f, 0xe7, 0xff, 0xc0, 0x00, 0x00, 0x00, 0x00,
    0x00, 0x00, 0x08, 0x1f, 0x8f, 0xf3, 0xff, 0xf8, 0x00, 0x00, 0x00, 0x00, 0x00, 0x00, 0x04, 0x00, 0x03, 0xf1, 0xef, 0xff, 0xc0, 0x00, 0x00, 0x00,
    0x00, 0x00, 0x00, 0x00, 0x01, 0xf0, 0x7f, 0xff, 0xc0, 0x00, 0x00, 0x00, 0x00, 0x00, 0x00, 0x00, 0x00, 0xb8, 0x3f, 0xff, 0xe0, 0x00, 0x00, 0x00,
    0x00, 0x00, 0x00, 0x00, 0x0c, 0x58, 0x1f, 0xff, 0xe0, 0x00, 0x00, 0x00, 0x00, 0x00, 0x00, 0x00, 0x06, 0x58, 0x07, 0xef, 0xf0, 0x00, 0x00, 0x00,
    0x00, 0x00, 0x00, 0x00, 0x02, 0x18, 0x03, 0xef, 0xf0, 0x00, 0x00, 0x00, 0x00, 0x00, 0x00, 0x00, 0x03, 0x18, 0x00, 0xff, 0xd0, 0x00, 0x00, 0x00,
    0x00, 0x00, 0x00, 0x00, 0x03, 0x10, 0x00, 0x3f, 0x98, 0x00, 0x00, 0x00, 0x00, 0x00, 0x00, 0x00, 0x03, 0x10, 0x00, 0x0f, 0xf8, 0x00, 0x00, 0x00,
    0x00, 0x00, 0x00, 0x00, 0x07, 0x20, 0x00, 0x01, 0xfc, 0x00, 0x00, 0x00, 0x00, 0x00, 0x00, 0x00, 0x06, 0x00, 0x00, 0x00, 0x04, 0x00, 0x00, 0x00,
    0x00, 0x00, 0x00, 0x00, 0x7c, 0x00, 0x00, 0x00, 0x00, 0x00, 0x00, 0x00, 0x00, 0x00, 0x00, 0x00, 0x38, 0x00, 0x00, 0x00, 0x00, 0x00, 0x00, 0x00,
    0x00, 0x00, 0x00, 0x00, 0x00, 0x00, 0x00, 0x00, 0x00, 0x00, 0x00, 0x00, 0x00, 0x00, 0x00, 0x00, 0x00, 0x00, 0x00, 0x00, 0x00, 0x00, 0x00, 0x00,
};
const uint8_t kIdle144[2592] = {
    0x00, 0x00, 0x00, 0x00, 0x00, 0x00, 0x00, 0x00, 0x00, 0x00, 0x00, 0x00, 0x00, 0x00, 0x00, 0x00, 0x00, 0x00, 0x00, 0x00, 0x00, 0x00, 0x00, 0x00,
    0x00, 0x00, 0x00, 0x00, 0x00, 0x00, 0x00, 0x00, 0x00, 0x00, 0x00, 0x00, 0x00, 0x00, 0x00, 0x00, 0x00, 0x00, 0x00, 0x00, 0x00, 0x00, 0x00, 0x00,
    0x00, 0x00, 0x00, 0x00, 0x00, 0x00, 0x00, 0x00, 0x00, 0x00, 0x00, 0x00, 0x00, 0x00, 0x03, 0x80, 0x00, 0x00, 0x00, 0x00, 0x00, 0x00, 0x00, 0x00,
    0x00, 0x00, 0x00, 0x00, 0x00, 0x00, 0x00, 0x00, 0x5f, 0x00, 0x00, 0x00, 0x00, 0x00, 0x00, 0x00, 0x00, 0x00, 0x00, 0x00, 0x00, 0x00, 0x00, 0x00,
    0x00, 0x01, 0xdc, 0x00, 0x00, 0x00, 0x00, 0x00, 0x00, 0x00, 0x00, 0x00, 0x00, 0x00, 0x00, 0x00, 0x00, 0x00, 0x00, 0x0f, 0xc0, 0x00, 0x00, 0x00,
    0x08, 0x00, 0x00, 0x00, 0x00, 0x00, 0x00, 0x00, 0x00, 0x00, 0x00, 0x00, 0x00, 0x7b, 0xf0, 0x00, 0x00, 0x03, 0x98, 0x00, 0x00, 0x00, 0x00, 0x00,
    0x00, 0x00, 0x00, 0x00, 0x00, 0x00, 0x01, 0xe7, 0xf0, 0x00, 0x00, 0x7f, 0xc0, 0x00, 0x00, 0x00, 0x00, 0x00, 0x00, 0x00, 0x00, 0x00, 0x00, 0x00,
    0x07, 0xde, 0xc0, 0x00, 0x07, 0xcf, 0x80, 0x00, 0x00, 0x00, 0x00, 0x00, 0x00, 0x00, 0x00, 0x00, 0x00, 0x00, 0x1f, 0x38, 0xc0, 0x00, 0x1e, 0x3b,
    0x00, 0x00, 0x00, 0x00, 0x00, 0x00, 0x00, 0x00, 0x00, 0x00, 0x00, 0x00, 0x7e, 0xe1, 0x80, 0x00, 0x70, 0xe6, 0x00, 0x00, 0x00, 0x00, 0x00, 0x00,
    0x00, 0x00, 0x00, 0x00, 0x00, 0x00, 0xf9, 0xc3, 0x80, 0x01, 0x83, 0x8c, 0x00, 0x00, 0x00, 0x00, 0x00, 0x00, 0x00, 0x00, 0x00, 0x00, 0x00, 0x03,
    0xf3, 0x03, 0x00, 0x06, 0x06, 0x18, 0x00, 0x00, 0x00, 0x00, 0x00, 0x00, 0x00, 0x00, 0x00, 0x00, 0x00, 0x07, 0xee, 0x03, 0x00, 0x08, 0x18, 0x10,
    0x00, 0x00, 0x00, 0x00, 0x00, 0x00, 0x00, 0x00, 0x00, 0x00, 0x00, 0x0f, 0xdc, 0x06, 0x00, 0x00, 0x30, 0x30, 0x00, 0x00, 0x00, 0x00, 0x00, 0x00,
    0x00, 0x00, 0x00, 0x00, 0x00, 0x3f, 0xb8, 0x06, 0x00, 0x00, 0x40, 0x20, 0x00, 0x00, 0x00, 0x00, 0x00, 0x00, 0x00, 0x00, 0x00, 0x00, 0x00, 0x7f,
    0x70, 0x06, 0x00, 0x00, 0x00, 0x20, 0x00, 0x00, 0x00, 0x00, 0x00, 0x00, 0x00, 0x00, 0x00, 0x00, 0x00, 0xfe, 0xe0, 0x86, 0x00, 0x00, 0x00, 0x40,
    0x00, 0x00, 0x00, 0x00, 0x00, 0x00, 0x00, 0x00, 0x00, 0x00, 0x01, 0xff, 0xc1, 0x0e, 0x00, 0x00, 0x00, 0x40, 0x00, 0x00, 0x00, 0x00, 0x00, 0x00,
    0x00, 0x00, 0x00, 0x00, 0x03, 0xff, 0x81, 0x0e, 0x00, 0x00, 0x00, 0x00, 0x00, 0x00, 0x00, 0x00, 0x00, 0x00, 0x00, 0x00, 0x00, 0x00, 0x07, 0xff,
    0x02, 0x0e, 0x00, 0x00, 0xf1, 0x80, 0x00, 0x00, 0x00, 0x00, 0x00, 0x00, 0x00, 0x00, 0x00, 0x00, 0x07, 0xfe, 0x04, 0x0e, 0x00, 0x00, 0x7c, 0xe0,
    0x00, 0x00, 0x00, 0x00, 0x00, 0x00, 0x00, 0x00, 0x00, 0x00, 0x0f, 0xfc, 0x04, 0x0e, 0x00, 0x7f, 0xfe, 0xf0, 0x00, 0x00, 0x00, 0x00, 0x00, 0x00,
    0x00, 0x00, 0x00, 0x00, 0x1f, 0xfc, 0x08, 0x0e, 0x00, 0x3f, 0xff, 0xf8, 0x00, 0x00, 0x00, 0x00, 0x00, 0x00, 0x00, 0x00, 0x00, 0x00, 0x3f, 0xf8,
    0x18, 0x0f, 0x01, 0xf1, 0xff, 0xfe, 0xc0, 0x00, 0x00, 0x00, 0x00, 0x00, 0x00, 0x00, 0x00, 0x00, 0x37, 0xf0, 0x10, 0x0f, 0x0f, 0xcf, 0xff, 0xff,
    0xc0, 0x00, 0x00, 0x00, 0x00, 0x00, 0x00, 0x00, 0x00, 0x00, 0x6f, 0xf0, 0x30, 0x0f, 0x86, 0x1f, 0xff, 0xff, 0xe0, 0x00, 0x00, 0x00, 0x00, 0x00,
    0x00, 0x00, 0x00, 0x00, 0x4f, 0xe0, 0x20, 0x1f, 0x80, 0x7d, 0xff, 0xff, 0xf0, 0x00, 0x00, 0x00, 0x00, 0x00, 0x00, 0x00, 0x00, 0x00, 0xdf, 0xc0,
    0x60, 0x0f, 0xc1, 0xf3, 0xff, 0xbf, 0xf9, 0x00, 0x00, 0x00, 0x00, 0x00, 0x00, 0x00, 0x00, 0x01, 0xbf, 0xc0, 0x41, 0x03, 0xe3, 0xe7, 0xf8, 0x03,
    0xf9, 0x00, 0x00, 0x00, 0x00, 0x00, 0x00, 0x00, 0x00, 0x01, 0x3f, 0x80, 0xc1, 0x01, 0xf0, 0xc7, 0xf0, 0x00, 0xf9, 0x82, 0x00, 0x00, 0x00, 0x00,
    0x00, 0x00, 0x00, 0x03, 0x7f, 0x80, 0x81, 0x00, 0xf8, 0x0f, 0xe0, 0x00, 0x7c, 0xc3, 0x00, 0x00, 0x00, 0x00, 0x00, 0x00, 0x00, 0x02, 0x7f, 0x09,
    0x91, 0x00, 0x7e, 0x07, 0xe1, 0xf0, 0x0c, 0xe1, 0x00, 0x00, 0x00, 0x00, 0x00, 0x00, 0x00, 0x06, 0xff, 0x09, 0x31, 0x00, 0x3f, 0x83, 0xe3, 0xfe,
    0x06, 0x71, 0x80, 0x00, 0x00, 0x00, 0x00, 0x00, 0x00, 0x04, 0xfe, 0x13, 0x7b, 0x00, 0x1f, 0xf1, 0xe7, 0xff, 0x02, 0x78, 0x80, 0x00, 0x00, 0x00,
    0x00, 0x00, 0x00, 0x0d, 0xf6, 0x13, 0x7b, 0x00, 0x0f, 0xfd, 0xe7, 0xff, 0xc0, 0x3d, 0x00, 0x00, 0x00, 0x00, 0x00, 0x00, 0x00, 0x09, 0xfc, 0x32,
    0xfb, 0x00, 0x07, 0xfc, 0xe3, 0xff, 0xe2, 0x1f, 0x80, 0x00, 0x00, 0x00, 0x00, 0x00, 0x00, 0x09, 0xec, 0x26, 0xfb, 0x38, 0x03, 0x7e, 0xf1, 0xff,
    0xe3, 0x1f, 0xc0, 0x00, 0x00, 0x00, 0x00, 0x00, 0x00, 0x13, 0xe8, 0x67, 0xfb, 0x7e, 0x01, 0xbf, 0xf9, 0xff, 0xf1, 0xef, 0xe0, 0x00, 0x00, 0x00,
    0x00, 0x00, 0x00, 0x03, 0xd8, 0x67, 0xfa, 0x7f, 0x00, 0x9f, 0xfc, 0xff, 0xd8, 0xfd, 0xf0, 0x00, 0x00, 0x00, 0x00, 0x00, 0x00, 0x07, 0xd8, 0xe7,
    0xfa, 0xff, 0xc0, 0x9f, 0xfc, 0xff, 0xc0, 0x3c, 0x78, 0x00, 0x00, 0x00, 0x00, 0x00, 0x00, 0x07, 0xd0, 0xef, 0xfb, 0xfc, 0x00, 0x1f, 0xfe, 0xff,
    0xe2, 0x3e, 0x38, 0x00, 0x00, 0x00, 0x00, 0x00, 0x00, 0x07, 0xb1, 0xcf, 0xfb, 0xf0, 0x00, 0x1f, 0xfe, 0x7f, 0xf1, 0xfe, 0xbc, 0x00, 0x00, 0x00,
    0x00, 0x00, 0x00, 0x07, 0xb1, 0xcf, 0x1b, 0xe0, 0x00, 0x1f, 0xff, 0x7f, 0xf8, 0xf7, 0x0c, 0x00, 0x00, 0x00, 0x00, 0x00, 0x00, 0x0f, 0xa1, 0xce,
    0x03, 0xc0, 0x00, 0x3f, 0xff, 0x7f, 0xfe, 0x37, 0xc8, 0x00, 0x00, 0x00, 0x00, 0x00, 0x00, 0x0f, 0x23, 0xc8, 0x03, 0x80, 0x00, 0x7f, 0xff, 0x7f,
    0xfc, 0x31, 0xfc, 0x00, 0x00, 0x00, 0x00, 0x00, 0x00, 0x07, 0x60, 0x18, 0x01, 0x00, 0x01, 0xff, 0xff, 0xff, 0xfe, 0x1c, 0xfc, 0x00, 0x00, 0x00,
    0x00, 0x00, 0x00, 0x03, 0x40, 0x00, 0x01, 0x00, 0x63, 0xff, 0xff, 0xff, 0xff, 0x86, 0x7e, 0x00, 0x00, 0x00, 0x00, 0x00, 0x00, 0x02, 0x43, 0x00,
    0x00, 0x00, 0xf0, 0xff, 0xff, 0xff, 0xff, 0xe3, 0x3f, 0x00, 0x00, 0x00, 0x00, 0x00, 0x00, 0x00, 0x42, 0x02, 0x00, 0x01, 0xfc, 0x1f, 0xff, 0xff,
    0xff, 0xf1, 0xbb, 0x00, 0x00, 0x00, 0x00, 0x00, 0x00, 0x00, 0xc6, 0x04, 0x00, 0x01, 0xff, 0xff, 0xff, 0xff, 0xff, 0xf9, 0x9f, 0x00, 0x00, 0x00,
    0x00, 0x00, 0x00, 0x00, 0xc4, 0x0c, 0x00, 0x03, 0xff, 0xff, 0xff, 0xff, 0xff, 0xfc, 0xc6, 0x00, 0x00, 0x00, 0x00, 0x00, 0x00, 0x00, 0x80, 0x08,
    0x20, 0x03, 0xff, 0xff, 0xff, 0xff, 0xff, 0xfc, 0xe2, 0x00, 0x00, 0x00, 0x00, 0x00, 0x00, 0x00, 0x80, 0x18, 0x20, 0x03, 0xc0, 0x1f, 0xff, 0xff,
    0xff, 0xfc, 0x60, 0x00, 0x00, 0x00, 0x00, 0x00, 0x00, 0x00, 0x80, 0x18, 0x20, 0x07, 0x00, 0x00, 0x1f, 0xff, 0xff, 0xfe, 0x00, 0x00, 0x00, 0x00,
    0x00, 0x00, 0x00, 0x00, 0x80, 0x10, 0x60, 0x06, 0x3e, 0x3c, 0x00, 0x07, 0xff, 0xff, 0x18, 0x00, 0x00, 0x00, 0x00, 0x00, 0x00, 0x00, 0x00, 0x10,
    0x60, 0x06, 0x7f, 0x3f, 0xff, 0x00, 0x03, 0xff, 0x98, 0x00, 0x00, 0x00, 0x00, 0x00, 0x00, 0x00, 0x00, 0x30, 0x60, 0x04, 0xc1, 0x9f, 0xff, 0xff,
    0x80, 0x00, 0x88, 0x00, 0x00, 0x00, 0x00, 0x00, 0x00, 0x00, 0x00, 0x10, 0x60, 0x04, 0xdc, 0xdf, 0xfc, 0xff, 0xff, 0xc0, 0x00, 0x00, 0x00, 0x00,
    0x00, 0x00, 0x00, 0x00, 0x00, 0x10, 0x60, 0x01, 0x9e, 0xdf, 0xfc, 0xff, 0xff, 0xff, 0xf0, 0x00, 0x00, 0x00, 0x00, 0x00, 0x00, 0x00, 0x00, 0x00,
    0x60, 0x00, 0x9e, 0xdf, 0xff, 0xff, 0xff, 0xd7, 0xfc, 0x00, 0x00, 0x00, 0x00, 0x00, 0x00, 0x00, 0x00, 0x00, 0x60, 0x00, 0xdc, 0xdf, 0xff, 0xff,
    0xff, 0xc7, 0xfc, 0x00, 0x00, 0x00, 0x00, 0x00, 0x00, 0x00, 0x01, 0x08, 0x60, 0x00, 0xc1, 0x9f, 0xff, 0x80, 0xff, 0xff, 0xfe, 0x00, 0x00, 0x00,
    0x00, 0x00, 0x00, 0x00, 0x01, 0x08, 0x60, 0x00, 0x7f, 0x1f, 0xff, 0x80, 0x00, 0x3f, 0xfe, 0x00, 0x00, 0x00, 0x00, 0x00, 0x00, 0x00, 0x01, 0x08,
    0x60, 0x00, 0x3e, 0x3f, 0xff, 0x80, 0x00, 0x00, 0x1e, 0x00, 0x00, 0x00, 0x00, 0x00, 0x00, 0x00, 0x01, 0x08, 0x60, 0x00, 0x00, 0x0f, 0xff, 0x80,
    0x00, 0x00, 0x00, 0x00, 0x00, 0x00, 0x00, 0x00, 0x00, 0x00, 0x01, 0x08, 0x70, 0x00, 0x00, 0x07, 0xff, 0x80, 0x00, 0x00, 0x00, 0x00, 0x00, 0x00,
    0x00, 0x00, 0x00, 0x00, 0x03, 0x08, 0x30, 0x04, 0x0c, 0x03, 0xff, 0xf8, 0x00, 0x00, 0x00, 0x00, 0x00, 0x00, 0x00, 0x00, 0x00, 0x00, 0x03, 0x08,
    0x30, 0x06, 0x0c, 0x01, 0xfc, 0xff, 0xe0, 0x00, 0x00, 0x00, 0x00, 0x00, 0x00, 0x00, 0x00, 0x00, 0x03, 0x18, 0x30, 0x02, 0x06, 0x00, 0x7a, 0xff,
    0xff, 0x00, 0x00, 0x00, 0x00, 0x00, 0x00, 0x00, 0x00, 0x00, 0x07, 0x18, 0x30, 0x03, 0x82, 0x00, 0x3f, 0xff, 0xff, 0xfc, 0x00, 0x00, 0x00, 0x00,
    0x00, 0x00, 0x00, 0x00, 0x0f, 0x18, 0x18, 0x01, 0xc3, 0x00, 0x07, 0xff, 0xff, 0xff, 0xe0, 0x00, 0x00, 0x00, 0x00, 0x00, 0x00, 0x00, 0x0f, 0x38,
    0x18, 0x01, 0xf3, 0x00, 0x00, 0x1f, 0xff, 0xcf, 0xff, 0x80, 0x00, 0x00, 0x00, 0x00, 0x00, 0x00, 0x1f, 0x38, 0x18, 0x01, 0xf1, 0x80, 0x01, 0x00,
    0x7f, 0xcf, 0xff, 0xf0, 0x00, 0x00, 0x00, 0x00, 0x00, 0x00, 0x3f, 0x30, 0x18, 0x01, 0xf9, 0x80, 0x01, 0xfc, 0x03, 0xff, 0xff, 0xe0, 0x00, 0x00,
    0x00, 0x00, 0x00, 0x00, 0xfe, 0x70, 0x18, 0x01, 0xf8, 0x98, 0x11, 0xff, 0x00, 0x0f, 0xff, 0xe0, 0x00, 0x00, 0x00, 0x00, 0x03, 0x03, 0xee, 0x70,
    0x18, 0x01, 0xfc, 0x98, 0x13, 0xff, 0x1f, 0x00, 0x3f, 0xc0, 0x00, 0x00, 0x00, 0x00, 0x01, 0xff, 0xcc, 0xe2, 0x18, 0x01, 0xfc, 0x80, 0x13, 0xff,
    0x1f, 0x1c, 0x07, 0xc0, 0x00, 0x00, 0x00, 0x00, 0x00, 0x7f, 0x1d, 0xe2, 0x18, 0x01, 0xfc, 0x80, 0x13, 0xff, 0x1e, 0x1c, 0x07, 0x80, 0x00, 0x00,
    0x00, 0x00, 0x00, 0x00, 0x3f, 0xc2, 0x18, 0x01, 0xfc, 0x80, 0x13, 0xff, 0x1e, 0x3c, 0x0f, 0x80, 0x00, 0x00, 0x00, 0x00, 0x00, 0x00, 0x7f, 0x86,
    0x00, 0x01, 0xfc, 0x80, 0x13, 0xfe, 0x1e, 0x3c, 0x0f, 0x00, 0x00, 0x00, 0x00, 0x00, 0x00, 0x00, 0xff, 0x0c, 0x00, 0x01, 0xfc, 0x80, 0x13, 0xfe,
    0x3e, 0x38, 0x0f, 0x00, 0x00, 0x00, 0x00, 0x00, 0x00, 0x01, 0xfe, 0x0c, 0x30, 0x01, 0xfc, 0x80, 0x13, 0xfe, 0x3e, 0x78, 0x1e, 0x00, 0x00, 0x00,
    0x00, 0x00, 0x00, 0x03, 0xfc, 0x18, 0x7e, 0x01, 0xfc, 0x80, 0x13, 0xfe, 0x3e, 0x78, 0x1e, 0x00, 0x00, 0x00, 0x00, 0x00, 0x00, 0x07, 0xf8, 0x30,
    0x63, 0x81, 0xfc, 0xc0, 0x17, 0xfe, 0x3c, 0x78, 0x3e, 0x00, 0x00, 0x00, 0x00, 0x00, 0x00, 0x0f, 0xe0, 0x70, 0xec, 0x61, 0xfc, 0xc0, 0x17, 0xfe,
    0x3c, 0x70, 0x3c, 0x00, 0x00, 0x00, 0x00, 0x00, 0x00, 0x3f, 0xc0, 0xe0, 0xe4, 0x18, 0x7c, 0xc0, 0x17, 0xfe, 0x7c, 0xf0, 0x3c, 0x00, 0x00, 0x00,
    0x00, 0x00, 0x00, 0x7f, 0x00, 0xc0, 0x70, 0x1f, 0x0c, 0xc0, 0x17, 0xfc, 0x7c, 0xf0, 0x78, 0x00, 0x00, 0x00, 0x00, 0x00, 0x00, 0xfc, 0x01, 0xc0,
    0x0c, 0x3f, 0xc0, 0xc0, 0x17, 0xfc, 0x7c, 0xe0, 0x78, 0x00, 0x00, 0x00, 0x00, 0x00, 0x00, 0xf8, 0x21, 0x80, 0x03, 0x3f, 0xf0, 0xc0, 0x17, 0xfc,
    0x78, 0xe0, 0x78, 0x00, 0x00, 0x00, 0x00, 0x00, 0x01, 0xe0, 0x63, 0x00, 0x00, 0xff, 0x3c, 0xc0, 0x17, 0xfc, 0x79, 0xe0, 0xf0, 0x00, 0x00, 0x00,
    0x00, 0x00, 0x03, 0xc0, 0xc3, 0x00, 0x00, 0x1f, 0x5c, 0xc0, 0x1f, 0xfe, 0x79, 0xe0, 0xf0, 0x00, 0x00, 0x00, 0x00, 0x00, 0x03, 0x80, 0xc2, 0x10,
    0x00, 0x07, 0xbc, 0xc0, 0x1f, 0xff, 0xf9, 0xc0, 0xe0, 0x00, 0x00, 0x00, 0x00, 0x00, 0x07, 0x05, 0xc2, 0x20, 0x00, 0x01, 0xfc, 0xc0, 0x1f, 0xff,
    0xf9, 0xc1, 0xe0, 0x00, 0x00, 0x00, 0x00, 0x00, 0x06, 0x09, 0xc6, 0x20, 0x30, 0x00, 0x7c, 0xd8, 0x1f, 0xff, 0xf3, 0xc1, 0xe0, 0x00, 0x00, 0x00,
    0x00, 0x00, 0x0c, 0x1b, 0xc6, 0x20, 0x3e, 0x00, 0x0c, 0xd8, 0x1f, 0xff, 0xf3, 0xc1, 0xe0, 0x00, 0x00, 0x00, 0x00, 0x00, 0x0c, 0x3b, 0xc6, 0x60,
    0x73, 0x80, 0x00, 0xc0, 0x1f, 0xff, 0xfb, 0x83, 0xc0, 0x00, 0x00, 0x00, 0x00, 0x00, 0x08, 0x33, 0xc2, 0x60, 0x60, 0x70, 0x00, 0xe0, 0x1f, 0xff,
    0xff, 0x83, 0xc0, 0x00, 0x00, 0x00, 0x00, 0x00, 0x18, 0x73, 0xe2, 0x60, 0x00, 0x10, 0x00, 0x78, 0x0f, 0xff, 0xff, 0x83, 0xc0, 0x00, 0x00, 0x00,
    0x00, 0x00, 0x10, 0x73, 0xe2, 0x60, 0x00, 0x03, 0x00, 0x1e, 0x07, 0xff, 0xff, 0x83, 0x80, 0x00, 0x00, 0x00, 0x00, 0x00, 0x00, 0x73, 0xe0, 0x61,
    0xf8, 0x03, 0xc0, 0x03, 0x83, 0xff, 0xff, 0x87, 0x80, 0x00, 0x00, 0x00, 0x00, 0x00, 0x00, 0xf3, 0xf0, 0x71, 0x1f, 0x03, 0x30, 0x00, 0xe1, 0xff,
    0xff, 0xc7, 0x80, 0x00, 0x00, 0x00, 0x00, 0x00, 0x00, 0xf3, 0xf8, 0x38, 0x01, 0xc1, 0x3c, 0x00, 0x3c, 0x7f, 0xff, 0xe7, 0x80, 0x00, 0x00, 0x00,
    0x00, 0x00, 0x00, 0xd1, 0xf8, 0x38, 0x00, 0xc8, 0xff, 0x00, 0x0f, 0x3f, 0xff, 0xe7, 0x00, 0x00, 0x00, 0x00, 0x00, 0x00, 0x00, 0xd9, 0xfc, 0x1c,
    0x01, 0x9e, 0x3f, 0xc0, 0x03, 0xcf, 0xff, 0xef, 0x00, 0x00, 0x00, 0x00, 0x00, 0x00, 0x00, 0xd9, 0xff, 0x1e, 0x01, 0xbf, 0x8f, 0xe0, 0x00, 0xf7,
    0xff, 0xcf, 0x00, 0x00, 0x00, 0x00, 0x00, 0x00, 0x00, 0xc8, 0xff, 0x8f, 0x81, 0x3f, 0xe3, 0xf0, 0x00, 0x3f, 0xff, 0xcf, 0x00, 0x00, 0x00, 0x00,
    0x00, 0x00, 0x00, 0xc4, 0x7f, 0xe7, 0xe0, 0x1f, 0xf0, 0xfc, 0x00, 0x0f, 0xff, 0xce, 0x00, 0x00, 0x00, 0x00, 0x00, 0x00, 0x00, 0xc0, 0x3f, 0xff,
    0xfc, 0x03, 0xfc, 0x7e, 0x00, 0x01, 0xff, 0xda, 0x00, 0x00, 0x00, 0x00, 0x00, 0x00, 0x00, 0xc0, 0x1f, 0xff, 0xff, 0xc0, 0xff, 0x1f, 0x00, 0x00,
    0x7f, 0x90, 0x00, 0x00, 0x00, 0x00, 0x00, 0x00, 0x00, 0xc0, 0x0f, 0xff, 0xff, 0xfc, 0x3f, 0x87, 0x80, 0x00, 0x1f, 0x9a, 0x00, 0x00, 0x00, 0x00,
    0x00, 0x00, 0x00, 0xc0, 0x03, 0xff, 0xff, 0xff, 0x1f, 0xe3, 0xe0, 0x00, 0x07, 0x9e, 0x00, 0x00, 0x00, 0x00, 0x00, 0x00, 0x00, 0x60, 0x00, 0xff,
    0xff, 0x01, 0x0f, 0xf8, 0xf0, 0x00, 0x01, 0xbc, 0x00, 0x00, 0x00, 0x00, 0x00, 0x00, 0x00, 0x60, 0x80, 0x0f, 0xff, 0xe0, 0x0f, 0xfe, 0x3c, 0x00,
    0x00, 0x3c, 0x00, 0x00, 0x00, 0x00, 0x00, 0x00, 0x00, 0x20, 0xc0, 0x00, 0x0f, 0xf0, 0x07, 0xff, 0x0e, 0x00, 0x00, 0x0c, 0x00, 0x00, 0x00, 0x00,
    0x00, 0x00, 0x00, 0x30, 0x60, 0x00, 0x00, 0xfc, 0x47, 0xff, 0xc3, 0x80, 0x00, 0x00, 0x00, 0x00, 0x00, 0x00, 0x00, 0x00, 0x00, 0x18, 0x38, 0x00,
    0x00, 0x3e, 0x33, 0xff, 0xf0, 0xc0, 0x00, 0x00, 0x00, 0x00, 0x00, 0x00, 0x00, 0x00, 0x00, 0x08, 0x1f, 0x00, 0xff, 0x8f, 0x1b, 0xff, 0xfc, 0x00,
    0x00, 0x00, 0x00, 0x00, 0x00, 0x00, 0x00, 0x00, 0x00, 0x0c, 0x07, 0xf0, 0x0f, 0xf7, 0x8f, 0xff, 0xff, 0x00, 0x00, 0x00, 0x00, 0x00, 0x00, 0x00,
    0x00, 0x00, 0x00, 0x02, 0x01, 0xff, 0x83, 0xff, 0x87, 0xff, 0xff, 0xe0, 0x00, 0x00, 0x00, 0x00, 0x00, 0x00, 0x00, 0x00, 0x00, 0x01, 0x00, 0x01,
    0xc0, 0xff, 0xc3, 0xf1, 0xff, 0xfe, 0x40, 0x00, 0x00, 0x00, 0x00, 0x00, 0x00, 0x00, 0x00, 0x00, 0x80, 0x00, 0x00, 0x7f, 0xc1, 0xf5, 0xff, 0xff,
    0xe0, 0x00, 0x00, 0x00, 0x00, 0x00, 0x00, 0x00, 0x00, 0x00, 0x00, 0x00, 0x00, 0x1b, 0xe0, 0x73, 0xff, 0xff, 0xe0, 0x00, 0x00, 0x00, 0x00, 0x00,
    0x00, 0x00, 0x00, 0x00, 0x00, 0x00, 0x00, 0x0d, 0xe0, 0x3f, 0xff, 0xff, 0xf0, 0x00, 0x00, 0x00, 0x00, 0x00, 0x00, 0x00, 0x00, 0x00, 0x00, 0x00,
    0x06, 0x0d, 0xe0, 0x1f, 0xff, 0xff, 0xf0, 0x00, 0x00, 0x00, 0x00, 0x00, 0x00, 0x00, 0x00, 0x00, 0x00, 0x00, 0x03, 0x04, 0xe0, 0x0f, 0xff, 0xff,
    0xf8, 0x00, 0x00, 0x00, 0x00, 0x00, 0x00, 0x00, 0x00, 0x00, 0x00, 0x00, 0x01, 0x86, 0xe0, 0x03, 0xff, 0xff, 0xf8, 0x00, 0x00, 0x00, 0x00, 0x00,
    0x00, 0x00, 0x00, 0x00, 0x00, 0x00, 0x00, 0xc2, 0xe0, 0x01, 0xff, 0x1f, 0xf8, 0x00, 0x00, 0x00, 0x00, 0x00, 0x00, 0x00, 0x00, 0x00, 0x00, 0x00,
    0x00, 0x62, 0xe0, 0x00, 0x7f, 0x5f, 0xfc, 0x00, 0x00, 0x00, 0x00, 0x00, 0x00, 0x00, 0x00, 0x00, 0x00, 0x00, 0x00, 0x60, 0x60, 0x00, 0x1f, 0xbf,
    0xfc, 0x00, 0x00, 0x00, 0x00, 0x00, 0x00, 0x00, 0x00, 0x00, 0x00, 0x00, 0x00, 0x70, 0x60, 0x00, 0x0f, 0xff, 0xce, 0x00, 0x00, 0x00, 0x00, 0x00,
    0x00, 0x00, 0x00, 0x00, 0x00, 0x00, 0x00, 0x70, 0x60, 0x00, 0x01, 0xff, 0xd6, 0x00, 0x00, 0x00, 0x00, 0x00, 0x00, 0x00, 0x00, 0x00, 0x00, 0x00,
    0x00, 0x70, 0xc0, 0x00, 0x00, 0x7f, 0xcf, 0x00, 0x00, 0x00, 0x00, 0x00, 0x00, 0x00, 0x00, 0x00, 0x00, 0x00, 0x00, 0x70, 0xc0, 0x00, 0x00, 0x1f,
    0xff, 0x00, 0x00, 0x00, 0x00, 0x00, 0x00, 0x00, 0x00, 0x00, 0x00, 0x00, 0x00, 0xf0, 0x80, 0x00, 0x00, 0x03, 0xff, 0x80, 0x00, 0x00, 0x00, 0x00,
    0x00, 0x00, 0x00, 0x00, 0x00, 0x00, 0x00, 0xe1, 0x00, 0x00, 0x00, 0x00, 0x3f, 0x80, 0x00, 0x00, 0x00, 0x00, 0x00, 0x00, 0x00, 0x00, 0x00, 0x00,
    0x01, 0xe0, 0x00, 0x00, 0x00, 0x00, 0x00, 0x00, 0x00, 0x00, 0x00, 0x00, 0x00, 0x00, 0x00, 0x00, 0x00, 0x00, 0x07, 0xc0, 0x00, 0x00, 0x00, 0x00,
    0x00, 0x00, 0x00, 0x00, 0x00, 0x00, 0x00, 0x00, 0x00, 0x00, 0x00, 0x00, 0x7f, 0x80, 0x00, 0x00, 0x00, 0x00, 0x00, 0x00, 0x00, 0x00, 0x00, 0x00,
    0x00, 0x00, 0x00, 0x00, 0x00, 0x00, 0x0c, 0x00, 0x00, 0x00, 0x00, 0x00, 0x00, 0x00, 0x00, 0x00, 0x00, 0x00, 0x00, 0x00, 0x00, 0x00, 0x00, 0x00,
    0x00, 0x00, 0x00, 0x00, 0x00, 0x00, 0x00, 0x00, 0x00, 0x00, 0x00, 0x00, 0x00, 0x00, 0x00, 0x00, 0x00, 0x00, 0x00, 0x00, 0x00, 0x00, 0x00, 0x00,
    0x00, 0x00, 0x00, 0x00, 0x00, 0x00, 0x00, 0x00, 0x00, 0x00, 0x00, 0x00, 0x00, 0x00, 0x00, 0x00, 0x00, 0x00, 0x00, 0x00, 0x00, 0x00, 0x00, 0x00,
};
const uint8_t kBlink144[2592] = {
    0x00, 0x00, 0x00, 0x00, 0x00, 0x00, 0x00, 0x00, 0x00, 0x00, 0x00, 0x00, 0x00, 0x00, 0x00, 0x00, 0x00, 0x00, 0x00, 0x00, 0x00, 0x00, 0x00, 0x00,
    0x00, 0x00, 0x00, 0x00, 0x00, 0x00, 0x00, 0x00, 0x00, 0x00, 0x00, 0x00, 0x00, 0x00, 0x00, 0x00, 0x00, 0x00, 0x00, 0x00, 0x00, 0x00, 0x00, 0x00,
    0x00, 0x00, 0x00, 0x00, 0x00, 0x00, 0x00, 0x00, 0x00, 0x00, 0x00, 0x00, 0x00, 0x00, 0x03, 0x80, 0x00, 0x00, 0x00, 0x00, 0x00, 0x00, 0x00, 0x00,
    0x00, 0x00, 0x00, 0x00, 0x00, 0x00, 0x00, 0x00, 0x5f, 0x00, 0x00, 0x00, 0x00, 0x00, 0x00, 0x00, 0x00, 0x00, 0x00, 0x00, 0x00, 0x00, 0x00, 0x00,
    0x00, 0x01, 0xdc, 0x00, 0x00, 0x00, 0x00, 0x00, 0x00, 0x00, 0x00, 0x00, 0x00, 0x00, 0x00, 0x00, 0x00, 0x00, 0x00, 0x0f, 0xc0, 0x00, 0x00, 0x00,
    0x08, 0x00, 0x00, 0x00, 0x00, 0x00, 0x00, 0x00, 0x00, 0x00, 0x00, 0x00, 0x00, 0x7b, 0xf0, 0x00, 0x00, 0x03, 0x98, 0x00, 0x00, 0x00, 0x00, 0x00,
    0x00, 0x00, 0x00, 0x00, 0x00, 0x00, 0x01, 0xe7, 0xf0, 0x00, 0x00, 0x7f, 0xc0, 0x00, 0x00, 0x00, 0x00, 0x00, 0x00, 0x00, 0x00, 0x00, 0x00, 0x00,
    0x07, 0xde, 0xc0, 0x00, 0x07, 0xcf, 0x80, 0x00, 0x00, 0x00, 0x00, 0x00, 0x00, 0x00, 0x00, 0x00, 0x00, 0x00, 0x1f, 0x38, 0xc0, 0x00, 0x1e, 0x3b,
    0x00, 0x00, 0x00, 0x00, 0x00, 0x00, 0x00, 0x00, 0x00, 0x00, 0x00, 0x00, 0x7e, 0xe1, 0x80, 0x00, 0x70, 0xe6, 0x00, 0x00, 0x00, 0x00, 0x00, 0x00,
    0x00, 0x00, 0x00, 0x00, 0x00, 0x00, 0xf9, 0xc3, 0x80, 0x01, 0x83, 0x8c, 0x00, 0x00, 0x00, 0x00, 0x00, 0x00, 0x00, 0x00, 0x00, 0x00, 0x00, 0x03,
    0xf3, 0x03, 0x00, 0x06, 0x06, 0x18, 0x00, 0x00, 0x00, 0x00, 0x00, 0x00, 0x00, 0x00, 0x00, 0x00, 0x00, 0x07, 0xee, 0x03, 0x00, 0x08, 0x18, 0x10,
    0x00, 0x00, 0x00, 0x00, 0x00, 0x00, 0x00, 0x00, 0x00, 0x00, 0x00, 0x0f, 0xdc, 0x06, 0x00, 0x00, 0x30, 0x30, 0x00, 0x00, 0x00, 0x00, 0x00, 0x00,
    0x00, 0x00, 0x00, 0x00, 0x00, 0x3f, 0xb8, 0x06, 0x00, 0x00, 0x40, 0x20, 0x00, 0x00, 0x00, 0x00, 0x00, 0x00, 0x00, 0x00, 0x00, 0x00, 0x00, 0x7f,
    0x70, 0x06, 0x00, 0x00, 0x00, 0x20, 0x00, 0x00, 0x00, 0x00, 0x00, 0x00, 0x00, 0x00, 0x00, 0x00, 0x00, 0xfe, 0xe0, 0x86, 0x00, 0x00, 0x00, 0x40,
    0x00, 0x00, 0x00, 0x00, 0x00, 0x00, 0x00, 0x00, 0x00, 0x00, 0x01, 0xff, 0xc1, 0x0e, 0x00, 0x00, 0x00, 0x40, 0x00, 0x00, 0x00, 0x00, 0x00, 0x00,
    0x00, 0x00, 0x00, 0x00, 0x03, 0xff, 0x81, 0x0e, 0x00, 0x00, 0x00, 0x00, 0x00, 0x00, 0x00, 0x00, 0x00, 0x00, 0x00, 0x00, 0x00, 0x00, 0x07, 0xff,
    0x02, 0x0e, 0x00, 0x00, 0xf1, 0x80, 0x00, 0x00, 0x00, 0x00, 0x00, 0x00, 0x00, 0x00, 0x00, 0x00, 0x07, 0xfe, 0x04, 0x0e, 0x00, 0x00, 0x7c, 0xe0,
    0x00, 0x00, 0x00, 0x00, 0x00, 0x00, 0x00, 0x00, 0x00, 0x00, 0x0f, 0xfc, 0x04, 0x0e, 0x00, 0x7f, 0xfe, 0xf0, 0x00, 0x00, 0x00, 0x00, 0x00, 0x00,
    0x00, 0x00, 0x00, 0x00, 0x1f, 0xfc, 0x08, 0x0e, 0x00, 0x3f, 0xff, 0xf8, 0x00, 0x00, 0x00, 0x00, 0x00, 0x00, 0x00, 0x00, 0x00, 0x00, 0x3f, 0xf8,
    0x18, 0x0f, 0x01, 0xf1, 0xff, 0xfe, 0xc0, 0x00, 0x00, 0x00, 0x00, 0x00, 0x00, 0x00, 0x00, 0x00, 0x37, 0xf0, 0x10, 0x0f, 0x0f, 0xcf, 0xff, 0xff,
    0xc0, 0x00, 0x00, 0x00, 0x00, 0x00, 0x00, 0x00, 0x00, 0x00, 0x6f, 0xf0, 0x30, 0x0f, 0x86, 0x1f, 0xff, 0xff, 0xe0, 0x00, 0x00, 0x00, 0x00, 0x00,
    0x00, 0x00, 0x00, 0x00, 0x4f, 0xe0, 0x20, 0x1f, 0x80, 0x7d, 0xff, 0xff, 0xf0, 0x00, 0x00, 0x00, 0x00, 0x00, 0x00, 0x00, 0x00, 0x00, 0xdf, 0xc0,
    0x60, 0x0f, 0xc1, 0xf3, 0xff, 0xbf, 0xf9, 0x00, 0x00, 0x00, 0x00, 0x00, 0x00, 0x00, 0x00, 0x01, 0xbf, 0xc0, 0x41, 0x03, 0xe3, 0xe7, 0xf8, 0x03,
    0xf9, 0x00, 0x00, 0x00, 0x00, 0x00, 0x00, 0x00, 0x00, 0x01, 0x3f, 0x80, 0xc1, 0x01, 0xf0, 0xc7, 0xf0, 0x00, 0xf9, 0x82, 0x00, 0x00, 0x00, 0x00,
    0x00, 0x00, 0x00, 0x03, 0x7f, 0x80, 0x81, 0x00, 0xf8, 0x0f, 0xe0, 0x00, 0x7c, 0xc3, 0x00, 0x00, 0x00, 0x00, 0x00, 0x00, 0x00, 0x02, 0x7f, 0x09,
    0x91, 0x00, 0x7e, 0x07, 0xe1, 0xf0, 0x0c, 0xe1, 0x00, 0x00, 0x00, 0x00, 0x00, 0x00, 0x00, 0x06, 0xff, 0x09, 0x31, 0x00, 0x3f, 0x83, 0xe3, 0xfe,
    0x06, 0x71, 0x80, 0x00, 0x00, 0x00, 0x00, 0x00, 0x00, 0x04, 0xfe, 0x13, 0x7b, 0x00, 0x1f, 0xf1, 0xe7, 0xff, 0x02, 0x78, 0x80, 0x00, 0x00, 0x00,
    0x00, 0x00, 0x00, 0x0d, 0xf6, 0x13, 0x7b, 0x00, 0x0f, 0xfd, 0xe7, 0xff, 0xc0, 0x3d, 0x00, 0x00, 0x00, 0x00, 0x00, 0x00, 0x00, 0x09, 0xfc, 0x32,
    0xfb, 0x00, 0x07, 0xfc, 0xe3, 0xff, 0xe2, 0x1f, 0x80, 0x00, 0x00, 0x00, 0x00, 0x00, 0x00, 0x09, 0xec, 0x26, 0xfb, 0x38, 0x03, 0x7e, 0xf1, 0xff,
    0xe3, 0x1f, 0xc0, 0x00, 0x00, 0x00, 0x00, 0x00, 0x00, 0x13, 0xe8, 0x67, 0xfb, 0x7e, 0x01, 0xbf, 0xf9, 0xff, 0xf1, 0xef, 0xe0, 0x00, 0x00, 0x00,
    0x00, 0x00, 0x00, 0x03, 0xd8, 0x67, 0xfa, 0x7f, 0x00, 0x9f, 0xfc, 0xff, 0xd8, 0xfd, 0xf0, 0x00, 0x00, 0x00, 0x00, 0x00, 0x00, 0x07, 0xd8, 0xe7,
    0xfa, 0xff, 0xc0, 0x9f, 0xfc, 0xff, 0xc0, 0x3c, 0x78, 0x00, 0x00, 0x00, 0x00, 0x00, 0x00, 0x07, 0xd0, 0xef, 0xfb, 0xfc, 0x00, 0x1f, 0xfe, 0xff,
    0xe2, 0x3e, 0x38, 0x00, 0x00, 0x00, 0x00, 0x00, 0x00, 0x07, 0xb1, 0xcf, 0xfb, 0xf0, 0x00, 0x1f, 0xfe, 0x7f, 0xf1, 0xfe, 0xbc, 0x00, 0x00, 0x00,
    0x00, 0x00, 0x00, 0x07, 0xb1, 0xcf, 0x1b, 0xe0, 0x00, 0x1f, 0xff, 0x7f, 0xf8, 0xf7, 0x0c, 0x00, 0x00, 0x00, 0x00, 0x00, 0x00, 0x0f, 0xa1, 0xce,
    0x03, 0xc0, 0x00, 0x3f, 0xff, 0x7f, 0xfe, 0x37, 0xc8, 0x00, 0x00, 0x00, 0x00, 0x00, 0x00, 0x0f, 0x23, 0xc8, 0x03, 0x80, 0x00, 0x7f, 0xff, 0x7f,
    0xfc, 0x31, 0xfc, 0x00, 0x00, 0x00, 0x00, 0x00, 0x00, 0x07, 0x60, 0x18, 0x01, 0x00, 0x01, 0xff, 0xff, 0xff, 0xfe, 0x1c, 0xfc, 0x00, 0x00, 0x00,
    0x00, 0x00, 0x00, 0x03, 0x40, 0x00, 0x01, 0x00, 0x63, 0xff, 0xff, 0xff, 0xff, 0x86, 0x7e, 0x00, 0x00, 0x00, 0x00, 0x00, 0x00, 0x02, 0x43, 0x00,
    0x00, 0x00, 0xf0, 0xff, 0xff, 0xff, 0xff, 0xe3, 0x3f, 0x00, 0x00, 0x00, 0x00, 0x00, 0x00, 0x00, 0x42, 0x02, 0x00, 0x01, 0xfc, 0x1f, 0xff, 0xff,
    0xff, 0xf1, 0xbb, 0x00, 0x00, 0x00, 0x00, 0x00, 0x00, 0x00, 0xc6, 0x04, 0x00, 0x01, 0xff, 0xff, 0xff, 0xff, 0xff, 0xf9, 0x9f, 0x00, 0x00, 0x00,
    0x00, 0x00, 0x00, 0x00, 0xc4, 0x0c, 0x00, 0x03, 0xff, 0xff, 0xff, 0xff, 0xff, 0xfc, 0xc6, 0x00, 0x00, 0x00, 0x00, 0x00, 0x00, 0x00, 0x80, 0x08,
    0x20, 0x03, 0xff, 0xff, 0xff, 0xff, 0xff, 0xfc, 0xe2, 0x00, 0x00, 0x00, 0x00, 0x00, 0x00, 0x00, 0x80, 0x18, 0x20, 0x03, 0xc0, 0x1f, 0xff, 0xff,
    0xff, 0xfc, 0x60, 0x00, 0x00, 0x00, 0x00, 0x00, 0x00, 0x00, 0x80, 0x18, 0x20, 0x07, 0x00, 0x00, 0x1f, 0xff, 0xff, 0xfe, 0x00, 0x00, 0x00, 0x00,
    0x00, 0x00, 0x00, 0x00, 0x80, 0x10, 0x60, 0x06, 0x3e, 0x3c, 0x00, 0x07, 0xff, 0xff, 0x18, 0x00, 0x00, 0x00, 0x00, 0x00, 0x00, 0x00, 0x00, 0x10,
    0x60, 0x06, 0x7f, 0x3f, 0xff, 0x00, 0x03, 0xff, 0x98, 0x00, 0x00, 0x00, 0x00, 0x00, 0x00, 0x00, 0x00, 0x30, 0x60, 0x04, 0xc1, 0x9f, 0xff, 0xff,
    0x80, 0x00, 0x88, 0x00, 0x00, 0x00, 0x00, 0x00, 0x00, 0x00, 0x00, 0x10, 0x60, 0x04, 0xdc, 0xdf, 0xfc, 0xff, 0xff, 0xc0, 0x00, 0x00, 0x00, 0x00,
    0x00, 0x00, 0x00, 0x00, 0x00, 0x10, 0x60, 0x01, 0x9e, 0xdf, 0xfc, 0xff, 0xff, 0xff, 0xf0, 0x00, 0x00, 0x00, 0x00, 0x00, 0x00, 0x00, 0x00, 0x00,
    0x60, 0x00, 0x9e, 0xdf, 0xff, 0xff, 0xff, 0xd7, 0xfc, 0x00, 0x00, 0x00, 0x00, 0x00, 0x00, 0x00, 0x00, 0x00, 0x60, 0x00, 0xdc, 0xdf, 0xff, 0xff,
    0xff, 0xc7, 0xfc, 0x00, 0x00, 0x00, 0x00, 0x00, 0x00, 0x00, 0x01, 0x08, 0x60, 0x00, 0xc1, 0x9f, 0xff, 0xbf, 0xff, 0xff, 0xfe, 0x00, 0x00, 0x00,
    0x00, 0x00, 0x00, 0x00, 0x01, 0x08, 0x60, 0x00, 0x7f, 0x1f, 0xff, 0xff, 0xf1, 0xff, 0xfe, 0x00, 0x00, 0x00, 0x00, 0x00, 0x00, 0x00, 0x01, 0x08,
    0x60, 0x00, 0x3e, 0x3f, 0xff, 0xff, 0xff, 0xfe, 0x1e, 0x00, 0x00, 0x00, 0x00, 0x00, 0x00, 0x00, 0x01, 0x08, 0x60, 0x00, 0x00, 0x0f, 0xff, 0x07,
    0x8f, 0xff, 0x00, 0x00, 0x00, 0x00, 0x00, 0x00, 0x00, 0x00, 0x01, 0x08, 0x70, 0x00, 0x00, 0x07, 0xff, 0xf0, 0x3f, 0xff, 0x00, 0x00, 0x00, 0x00,
    0x00, 0x00, 0x00, 0x00, 0x03, 0x08, 0x30, 0x04, 0x0c, 0x03, 0xff, 0xff, 0xe1, 0xf0, 0x00, 0x00, 0x00, 0x00, 0x00, 0x00, 0x00, 0x00, 0x03, 0x08,
    0x30, 0x06, 0x0c, 0x01, 0xfc, 0xff, 0xcc, 0x07, 0x00, 0x00, 0x00, 0x00, 0x00, 0x00, 0x00, 0x00, 0x03, 0x18, 0x30, 0x02, 0x06, 0x00, 0x7a, 0xff,
    0xff, 0xfc, 0x00, 0x00, 0x00, 0x00, 0x00, 0x00, 0x00, 0x00, 0x07, 0x18, 0x30, 0x03, 0x82, 0x00, 0x3f, 0xff, 0xff, 0xfc, 0x00, 0x00, 0x00, 0x00,
    0x00, 0x00, 0x00, 0x00, 0x0f, 0x18, 0x18, 0x01, 0xc3, 0x00, 0x07, 0xff, 0xff, 0xff, 0xe0, 0x00, 0x00, 0x00, 0x00, 0x00, 0x00, 0x00, 0x0f, 0x38,
    0x18, 0x01, 0xf3, 0x00, 0x00, 0x1f, 0xff, 0xcf, 0xff, 0x80, 0x00, 0x00, 0x00, 0x00, 0x00, 0x00, 0x1f, 0x38, 0x18, 0x01, 0xf1, 0x80, 0x01, 0x00,
    0x7f, 0xcf, 0xff, 0xf0, 0x00, 0x00, 0x00, 0x00, 0x00, 0x00, 0x3f, 0x30, 0x18, 0x01, 0xf9, 0x80, 0x01, 0xfc, 0x03, 0xff, 0xff, 0xe0, 0x00, 0x00,
    0x00, 0x00, 0x00, 0x00, 0xfe, 0x70, 0x18, 0x01, 0xf8, 0x98, 0x11, 0xff, 0x00, 0x0f, 0xff, 0xe0, 0x00, 0x00, 0x00, 0x00, 0x03, 0x03, 0xee, 0x70,
    0x18, 0x01, 0xfc, 0x98, 0x13, 0xff, 0x1f, 0x00, 0x3f, 0xc0, 0x00, 0x00, 0x00, 0x00, 0x01, 0xff, 0xcc, 0xe2, 0x18, 0x01, 0xfc, 0x80, 0x13, 0xff,
    0x1f, 0x1c, 0x07, 0xc0, 0x00, 0x00, 0x00, 0x00, 0x00, 0x7f, 0x1d, 0xe2, 0x18, 0x01, 0xfc, 0x80, 0x13, 0xff, 0x1e, 0x1c, 0x07, 0x80, 0x00, 0x00,
    0x00, 0x00, 0x00, 0x00, 0x3f, 0xc2, 0x18, 0x01, 0xfc, 0x80, 0x13, 0xff, 0x1e, 0x3c, 0x0f, 0x80, 0x00, 0x00, 0x00, 0x00, 0x00, 0x00, 0x7f, 0x86,
    0x00, 0x01, 0xfc, 0x80, 0x13, 0xfe, 0x1e, 0x3c, 0x0f, 0x00, 0x00, 0x00, 0x00, 0x00, 0x00, 0x00, 0xff, 0x0c, 0x00, 0x01, 0xfc, 0x80, 0x13, 0xfe,
    0x3e, 0x38, 0x0f, 0x00, 0x00, 0x00, 0x00, 0x00, 0x00, 0x01, 0xfe, 0x0c, 0x30, 0x01, 0xfc, 0x80, 0x13, 0xfe, 0x3e, 0x78, 0x1e, 0x00, 0x00, 0x00,
    0x00, 0x00, 0x00, 0x03, 0xfc, 0x18, 0x7e, 0x01, 0xfc, 0x80, 0x13, 0xfe, 0x3e, 0x78, 0x1e, 0x00, 0x00, 0x00, 0x00, 0x00, 0x00, 0x07, 0xf8, 0x30,
    0x63, 0x81, 0xfc, 0xc0, 0x17, 0xfe, 0x3c, 0x78, 0x3e, 0x00, 0x00, 0x00, 0x00, 0x00, 0x00, 0x0f, 0xe0, 0x70, 0xec, 0x61, 0xfc, 0xc0, 0x17, 0xfe,
    0x3c, 0x70, 0x3c, 0x00, 0x00, 0x00, 0x00, 0x00, 0x00, 0x3f, 0xc0, 0xe0, 0xe4, 0x18, 0x7c, 0xc0, 0x17, 0xfe, 0x7c, 0xf0, 0x3c, 0x00, 0x00, 0x00,
    0x00, 0x00, 0x00, 0x7f, 0x00, 0xc0, 0x70, 0x1f, 0x0c, 0xc0, 0x17, 0xfc, 0x7c, 0xf0, 0x78, 0x00, 0x00, 0x00, 0x00, 0x00, 0x00, 0xfc, 0x01, 0xc0,
    0x0c, 0x3f, 0xc0, 0xc0, 0x17, 0xfc, 0x7c, 0xe0, 0x78, 0x00, 0x00, 0x00, 0x00, 0x00, 0x00, 0xf8, 0x21, 0x80, 0x03, 0x3f, 0xf0, 0xc0, 0x17, 0xfc,
    0x78, 0xe0, 0x78, 0x00, 0x00, 0x00, 0x00, 0x00, 0x01, 0xe0, 0x63, 0x00, 0x00, 0xff, 0x3c, 0xc0, 0x17, 0xfc, 0x79, 0xe0, 0xf0, 0x00, 0x00, 0x00,
    0x00, 0x00, 0x03, 0xc0, 0xc3, 0x00, 0x00, 0x1f, 0x5c, 0xc0, 0x1f, 0xfe, 0x79, 0xe0, 0xf0, 0x00, 0x00, 0x00, 0x00, 0x00, 0x03, 0x80, 0xc2, 0x10,
    0x00, 0x07, 0xbc, 0xc0, 0x1f, 0xff, 0xf9, 0xc0, 0xe0, 0x00, 0x00, 0x00, 0x00, 0x00, 0x07, 0x05, 0xc2, 0x20, 0x00, 0x01, 0xfc, 0xc0, 0x1f, 0xff,
    0xf9, 0xc1, 0xe0, 0x00, 0x00, 0x00, 0x00, 0x00, 0x06, 0x09, 0xc6, 0x20, 0x30, 0x00, 0x7c, 0xd8, 0x1f, 0xff, 0xf3, 0xc1, 0xe0, 0x00, 0x00, 0x00,
    0x00, 0x00, 0x0c, 0x1b, 0xc6, 0x20, 0x3e, 0x00, 0x0c, 0xd8, 0x1f, 0xff, 0xf3, 0xc1, 0xe0, 0x00, 0x00, 0x00, 0x00, 0x00, 0x0c, 0x3b, 0xc6, 0x60,
    0x73, 0x80, 0x00, 0xc0, 0x1f, 0xff, 0xfb, 0x83, 0xc0, 0x00, 0x00, 0x00, 0x00, 0x00, 0x08, 0x33, 0xc2, 0x60, 0x60, 0x70, 0x00, 0xe0, 0x1f, 0xff,
    0xff, 0x83, 0xc0, 0x00, 0x00, 0x00, 0x00, 0x00, 0x18, 0x73, 0xe2, 0x60, 0x00, 0x10, 0x00, 0x78, 0x0f, 0xff, 0xff, 0x83, 0xc0, 0x00, 0x00, 0x00,
    0x00, 0x00, 0x10, 0x73, 0xe2, 0x60, 0x00, 0x03, 0x00, 0x1e, 0x07, 0xff, 0xff, 0x83, 0x80, 0x00, 0x00, 0x00, 0x00, 0x00, 0x00, 0x73, 0xe0, 0x61,
    0xf8, 0x03, 0xc0, 0x03, 0x83, 0xff, 0xff, 0x87, 0x80, 0x00, 0x00, 0x00, 0x00, 0x00, 0x00, 0xf3, 0xf0, 0x71, 0x1f, 0x03, 0x30, 0x00, 0xe1, 0xff,
    0xff, 0xc7, 0x80, 0x00, 0x00, 0x00, 0x00, 0x00, 0x00, 0xf3, 0xf8, 0x38, 0x01, 0xc1, 0x3c, 0x00, 0x3c, 0x7f, 0xff, 0xe7, 0x80, 0x00, 0x00, 0x00,
    0x00, 0x00, 0x00, 0xd1, 0xf8, 0x38, 0x00, 0xc8, 0xff, 0x00, 0x0f, 0x3f, 0xff, 0xe7, 0x00, 0x00, 0x00, 0x00, 0x00, 0x00, 0x00, 0xd9, 0xfc, 0x1c,
    0x01, 0x9e, 0x3f, 0xc0, 0x03, 0xcf, 0xff, 0xef, 0x00, 0x00, 0x00, 0x00, 0x00, 0x00, 0x00, 0xd9, 0xff, 0x1e, 0x01, 0xbf, 0x8f, 0xe0, 0x00, 0xf7,
    0xff, 0xcf, 0x00, 0x00, 0x00, 0x00, 0x00, 0x00, 0x00, 0xc8, 0xff, 0x8f, 0x81, 0x3f, 0xe3, 0xf0, 0x00, 0x3f, 0xff, 0xcf, 0x00, 0x00, 0x00, 0x00,
    0x00, 0x00, 0x00, 0xc4, 0x7f, 0xe7, 0xe0, 0x1f, 0xf0, 0xfc, 0x00, 0x0f, 0xff, 0xce, 0x00, 0x00, 0x00, 0x00, 0x00, 0x00, 0x00, 0xc0, 0x3f, 0xff,
    0xfc, 0x03, 0xfc, 0x7e, 0x00, 0x01, 0xff, 0xda, 0x00, 0x00, 0x00, 0x00, 0x00, 0x00, 0x00, 0xc0, 0x1f, 0xff, 0xff, 0xc0, 0xff, 0x1f, 0x00, 0x00,
    0x7f, 0x90, 0x00, 0x00, 0x00, 0x00, 0x00, 0x00, 0x00, 0xc0, 0x0f, 0xff, 0xff, 0xfc, 0x3f, 0x87, 0x80, 0x00, 0x1f, 0x9a, 0x00, 0x00, 0x00, 0x00,
    0x00, 0x00, 0x00, 0xc0, 0x03, 0xff, 0xff, 0xff, 0x1f, 0xe3, 0xe0, 0x00, 0x07, 0x9e, 0x00, 0x00, 0x00, 0x00, 0x00, 0x00, 0x00, 0x60, 0x00, 0xff,
    0xff, 0x01, 0x0f, 0xf8, 0xf0, 0x00, 0x01, 0xbc, 0x00, 0x00, 0x00, 0x00, 0x00, 0x00, 0x00, 0x60, 0x80, 0x0f, 0xff, 0xe0, 0x0f, 0xfe, 0x3c, 0x00,
    0x00, 0x3c, 0x00, 0x00, 0x00, 0x00, 0x00, 0x00, 0x00, 0x20, 0xc0, 0x00, 0x0f, 0xf0, 0x07, 0xff, 0x0e, 0x00, 0x00, 0x0c, 0x00, 0x00, 0x00, 0x00,
    0x00, 0x00, 0x00, 0x30, 0x60, 0x00, 0x00, 0xfc, 0x47, 0xff, 0xc3, 0x80, 0x00, 0x00, 0x00, 0x00, 0x00, 0x00, 0x00, 0x00, 0x00, 0x18, 0x38, 0x00,
    0x00, 0x3e, 0x33, 0xff, 0xf0, 0xc0, 0x00, 0x00, 0x00, 0x00, 0x00, 0x00, 0x00, 0x00, 0x00, 0x08, 0x1f, 0x00, 0xff, 0x8f, 0x1b, 0xff, 0xfc, 0x00,
    0x00, 0x00, 0x00, 0x00, 0x00, 0x00, 0x00, 0x00, 0x00, 0x0c, 0x07, 0xf0, 0x0f, 0xf7, 0x8f, 0xff, 0xff, 0x00, 0x00, 0x00, 0x00, 0x00, 0x00, 0x00,
    0x00, 0x00, 0x00, 0x02, 0x01, 0xff, 0x83, 0xff, 0x87, 0xff, 0xff, 0xe0, 0x00, 0x00, 0x00, 0x00, 0x00, 0x00, 0x00, 0x00, 0x00, 0x01, 0x00, 0x01,
    0xc0, 0xff, 0xc3, 0xf1, 0xff, 0xfe, 0x40, 0x00, 0x00, 0x00, 0x00, 0x00, 0x00, 0x00, 0x00, 0x00, 0x80, 0x00, 0x00, 0x7f, 0xc1, 0xf5, 0xff, 0xff,
    0xe0, 0x00, 0x00, 0x00, 0x00, 0x00, 0x00, 0x00, 0x00, 0x00, 0x00, 0x00, 0x00, 0x1b, 0xe0, 0x73, 0xff, 0xff, 0xe0, 0x00, 0x00, 0x00, 0x00, 0x00,
    0x00, 0x00, 0x00, 0x00, 0x00, 0x00, 0x00, 0x0d, 0xe0, 0x3f, 0xff, 0xff, 0xf0, 0x00, 0x00, 0x00, 0x00, 0x00, 0x00, 0x00, 0x00, 0x00, 0x00, 0x00,
    0x06, 0x0d, 0xe0, 0x1f, 0xff, 0xff, 0xf0, 0x00, 0x00, 0x00, 0x00, 0x00, 0x00, 0x00, 0x00, 0x00, 0x00, 0x00, 0x03, 0x04, 0xe0, 0x0f, 0xff, 0xff,
    0xf8, 0x00, 0x00, 0x00, 0x00, 0x00, 0x00, 0x00, 0x00, 0x00, 0x00, 0x00, 0x01, 0x86, 0xe0, 0x03, 0xff, 0xff, 0xf8, 0x00, 0x00, 0x00, 0x00, 0x00,
    0x00, 0x00, 0x00, 0x00, 0x00, 0x00, 0x00, 0xc2, 0xe0, 0x01, 0xff, 0x1f, 0xf8, 0x00, 0x00, 0x00, 0x00, 0x00, 0x00, 0x00, 0x00, 0x00, 0x00, 0x00,
    0x00, 0x62, 0xe0, 0x00, 0x7f, 0x5f, 0xfc, 0x00, 0x00, 0x00, 0x00, 0x00, 0x00, 0x00, 0x00, 0x00, 0x00, 0x00, 0x00, 0x60, 0x60, 0x00, 0x1f, 0xbf,
    0xfc, 0x00, 0x00, 0x00, 0x00, 0x00, 0x00, 0x00, 0x00, 0x00, 0x00, 0x00, 0x00, 0x70, 0x60, 0x00, 0x0f, 0xff, 0xce, 0x00, 0x00, 0x00, 0x00, 0x00,
    0x00, 0x00, 0x00, 0x00, 0x00, 0x00, 0x00, 0x70, 0x60, 0x00, 0x01, 0xff, 0xd6, 0x00, 0x00, 0x00, 0x00, 0x00, 0x00, 0x00, 0x00, 0x00, 0x00, 0x00,
    0x00, 0x70, 0xc0, 0x00, 0x00, 0x7f, 0xcf, 0x00, 0x00, 0x00, 0x00, 0x00, 0x00, 0x00, 0x00, 0x00, 0x00, 0x00, 0x00, 0x70, 0xc0, 0x00, 0x00, 0x1f,
    0xff, 0x00, 0x00, 0x00, 0x00, 0x00, 0x00, 0x00, 0x00, 0x00, 0x00, 0x00, 0x00, 0xf0, 0x80, 0x00, 0x00, 0x03, 0xff, 0x80, 0x00, 0x00, 0x00, 0x00,
    0x00, 0x00, 0x00, 0x00, 0x00, 0x00, 0x00, 0xe1, 0x00, 0x00, 0x00, 0x00, 0x3f, 0x80, 0x00, 0x00, 0x00, 0x00, 0x00, 0x00, 0x00, 0x00, 0x00, 0x00,
    0x01, 0xe0, 0x00, 0x00, 0x00, 0x00, 0x00, 0x00, 0x00, 0x00, 0x00, 0x00, 0x00, 0x00, 0x00, 0x00, 0x00, 0x00, 0x07, 0xc0, 0x00, 0x00, 0x00, 0x00,
    0x00, 0x00, 0x00, 0x00, 0x00, 0x00, 0x00, 0x00, 0x00, 0x00, 0x00, 0x00, 0x7f, 0x80, 0x00, 0x00, 0x00, 0x00, 0x00, 0x00, 0x00, 0x00, 0x00, 0x00,
    0x00, 0x00, 0x00, 0x00, 0x00, 0x00, 0x0c, 0x00, 0x00, 0x00, 0x00, 0x00, 0x00, 0x00, 0x00, 0x00, 0x00, 0x00, 0x00, 0x00, 0x00, 0x00, 0x00, 0x00,
    0x00, 0x00, 0x00, 0x00, 0x00, 0x00, 0x00, 0x00, 0x00, 0x00, 0x00, 0x00, 0x00, 0x00, 0x00, 0x00, 0x00, 0x00, 0x00, 0x00, 0x00, 0x00, 0x00, 0x00,
    0x00, 0x00, 0x00, 0x00, 0x00, 0x00, 0x00, 0x00, 0x00, 0x00, 0x00, 0x00, 0x00, 0x00, 0x00, 0x00, 0x00, 0x00, 0x00, 0x00, 0x00, 0x00, 0x00, 0x00,
};
const uint8_t kTalk144[2592] = {
    0x00, 0x00, 0x00, 0x00, 0x00, 0x00, 0x00, 0x00, 0x00, 0x00, 0x00, 0x00, 0x00, 0x00, 0x00, 0x00, 0x00, 0x00, 0x00, 0x00, 0x00, 0x00, 0x00, 0x00,
    0x00, 0x00, 0x00, 0x00, 0x00, 0x00, 0x00, 0x00, 0x00, 0x00, 0x00, 0x00, 0x00, 0x00, 0x00, 0x00, 0x00, 0x00, 0x00, 0x00, 0x00, 0x00, 0x00, 0x00,
    0x00, 0x00, 0x00, 0x00, 0x00, 0x00, 0x00, 0x00, 0x00, 0x00, 0x00, 0x00, 0x00, 0x00, 0x03, 0x80, 0x00, 0x00, 0x00, 0x00, 0x00, 0x00, 0x00, 0x00,
    0x00, 0x00, 0x00, 0x00, 0x00, 0x00, 0x00, 0x00, 0x5f, 0x00, 0x00, 0x00, 0x00, 0x00, 0x00, 0x00, 0x00, 0x00, 0x00, 0x00, 0x00, 0x00, 0x00, 0x00,
    0x00, 0x01, 0xdc, 0x00, 0x00, 0x00, 0x00, 0x00, 0x00, 0x00, 0x00, 0x00, 0x00, 0x00, 0x00, 0x00, 0x00, 0x00, 0x00, 0x0f, 0xc0, 0x00, 0x00, 0x00,
    0x08, 0x00, 0x00, 0x00, 0x00, 0x00, 0x00, 0x00, 0x00, 0x00, 0x00, 0x00, 0x00, 0x7b, 0xf0, 0x00, 0x00, 0x03, 0x98, 0x00, 0x00, 0x00, 0x00, 0x00,
    0x00, 0x00, 0x00, 0x00, 0x00, 0x00, 0x01, 0xe7, 0xf0, 0x00, 0x00, 0x7f, 0xc0, 0x00, 0x00, 0x00, 0x00, 0x00, 0x00, 0x00, 0x00, 0x00, 0x00, 0x00,
    0x07, 0xde, 0xc0, 0x00, 0x07, 0xcf, 0x80, 0x00, 0x00, 0x00, 0x00, 0x00, 0x00, 0x00, 0x00, 0x00, 0x00, 0x00, 0x1f, 0x38, 0xc0, 0x00, 0x1e, 0x3b,
    0x00, 0x00, 0x00, 0x00, 0x00, 0x00, 0x00, 0x00, 0x00, 0x00, 0x00, 0x00, 0x7e, 0xe1, 0x80, 0x00, 0x70, 0xe6, 0x00, 0x00, 0x00, 0x00, 0x00, 0x00,
    0x00, 0x00, 0x00, 0x00, 0x00, 0x00, 0xf9, 0xc3, 0x80, 0x01, 0x83, 0x8c, 0x00, 0x00, 0x00, 0x00, 0x00, 0x00, 0x00, 0x00, 0x00, 0x00, 0x00, 0x03,
    0xf3, 0x03, 0x00, 0x06, 0x06, 0x18, 0x00, 0x00, 0x00, 0x00, 0x00, 0x00, 0x00, 0x00, 0x00, 0x00, 0x00, 0x07, 0xee, 0x03, 0x00, 0x08, 0x18, 0x10,
    0x00, 0x00, 0x00, 0x00, 0x00, 0x00, 0x00, 0x00, 0x00, 0x00, 0x00, 0x0f, 0xdc, 0x06, 0x00, 0x00, 0x30, 0x30, 0x00, 0x00, 0x00, 0x00, 0x00, 0x00,
    0x00, 0x00, 0x00, 0x00, 0x00, 0x3f, 0xb8, 0x06, 0x00, 0x00, 0x40, 0x20, 0x00, 0x00, 0x00, 0x00, 0x00, 0x00, 0x00, 0x00, 0x00, 0x00, 0x00, 0x7f,
    0x70, 0x06, 0x00, 0x00, 0x00, 0x20, 0x00, 0x00, 0x00, 0x00, 0x00, 0x00, 0x00, 0x00, 0x00, 0x00, 0x00, 0xfe, 0xe0, 0x86, 0x00, 0x00, 0x00, 0x40,
    0x00, 0x00, 0x00, 0x00, 0x00, 0x00, 0x00, 0x00, 0x00, 0x00, 0x01, 0xff, 0xc1, 0x0e, 0x00, 0x00, 0x00, 0x40, 0x00, 0x00, 0x00, 0x00, 0x00, 0x00,
    0x00, 0x00, 0x00, 0x00, 0x03, 0xff, 0x81, 0x0e, 0x00, 0x00, 0x00, 0x00, 0x00, 0x00, 0x00, 0x00, 0x00, 0x00, 0x00, 0x00, 0x00, 0x00, 0x07, 0xff,
    0x02, 0x0e, 0x00, 0x00, 0xf1, 0x80, 0x00, 0x00, 0x00, 0x00, 0x00, 0x00, 0x00, 0x00, 0x00, 0x00, 0x07, 0xfe, 0x04, 0x0e, 0x00, 0x00, 0x7c, 0xe0,
    0x00, 0x00, 0x00, 0x00, 0x00, 0x00, 0x00, 0x00, 0x00, 0x00, 0x0f, 0xfc, 0x04, 0x0e, 0x00, 0x7f, 0xfe, 0xf0, 0x00, 0x00, 0x00, 0x00, 0x00, 0x00,
    0x00, 0x00, 0x00, 0x00, 0x1f, 0xfc, 0x08, 0x0e, 0x00, 0x3f, 0xff, 0xf8, 0x00, 0x00, 0x00, 0x00, 0x00, 0x00, 0x00, 0x00, 0x00, 0x00, 0x3f, 0xf8,
    0x18, 0x0f, 0x01, 0xf1, 0xff, 0xfe, 0xc0, 0x00, 0x00, 0x00, 0x00, 0x00, 0x00, 0x00, 0x00, 0x00, 0x37, 0xf0, 0x10, 0x0f, 0x0f, 0xcf, 0xff, 0xff,
    0xc0, 0x00, 0x00, 0x00, 0x00, 0x00, 0x00, 0x00, 0x00, 0x00, 0x6f, 0xf0, 0x30, 0x0f, 0x86, 0x1f, 0xff, 0xff, 0xe0, 0x00, 0x00, 0x00, 0x00, 0x00,
    0x00, 0x00, 0x00, 0x00, 0x4f, 0xe0, 0x20, 0x1f, 0x80, 0x7d, 0xff, 0xff, 0xf0, 0x00, 0x00, 0x00, 0x00, 0x00, 0x00, 0x00, 0x00, 0x00, 0xdf, 0xc0,
    0x60, 0x0f, 0xc1, 0xf3, 0xff, 0xbf, 0xf9, 0x00, 0x00, 0x00, 0x00, 0x00, 0x00, 0x00, 0x00, 0x01, 0xbf, 0xc0, 0x41, 0x03, 0xe3, 0xe7, 0xf8, 0x03,
    0xf9, 0x00, 0x00, 0x00, 0x00, 0x00, 0x00, 0x00, 0x00, 0x01, 0x3f, 0x80, 0xc1, 0x01, 0xf0, 0xc7, 0xf0, 0x00, 0xf9, 0x82, 0x00, 0x00, 0x00, 0x00,
    0x00, 0x00, 0x00, 0x03, 0x7f, 0x80, 0x81, 0x00, 0xf8, 0x0f, 0xe0, 0x00, 0x7c, 0xc3, 0x00, 0x00, 0x00, 0x00, 0x00, 0x00, 0x00, 0x02, 0x7f, 0x09,
    0x91, 0x00, 0x7e, 0x07, 0xe1, 0xf0, 0x0c, 0xe1, 0x00, 0x00, 0x00, 0x00, 0x00, 0x00, 0x00, 0x06, 0xff, 0x09, 0x31, 0x00, 0x3f, 0x83, 0xe3, 0xfe,
    0x06, 0x71, 0x80, 0x00, 0x00, 0x00, 0x00, 0x00, 0x00, 0x04, 0xfe, 0x13, 0x7b, 0x00, 0x1f, 0xf1, 0xe7, 0xff, 0x02, 0x78, 0x80, 0x00, 0x00, 0x00,
    0x00, 0x00, 0x00, 0x0d, 0xf6, 0x13, 0x7b, 0x00, 0x0f, 0xfd, 0xe7, 0xff, 0xc0, 0x3d, 0x00, 0x00, 0x00, 0x00, 0x00, 0x00, 0x00, 0x09, 0xfc, 0x32,
    0xfb, 0x00, 0x07, 0xfc, 0xe3, 0xff, 0xe2, 0x1f, 0x80, 0x00, 0x00, 0x00, 0x00, 0x00, 0x00, 0x09, 0xec, 0x26, 0xfb, 0x38, 0x03, 0x7e, 0xf1, 0xff,
    0xe3, 0x1f, 0xc0, 0x00, 0x00, 0x00, 0x00, 0x00, 0x00, 0x13, 0xe8, 0x67, 0xfb, 0x7e, 0x01, 0xbf, 0xf9, 0xff, 0xf1, 0xef, 0xe0, 0x00, 0x00, 0x00,
    0x00, 0x00, 0x00, 0x03, 0xd8, 0x67, 0xfa, 0x7f, 0x00, 0x9f, 0xfc, 0xff, 0xd8, 0xfd, 0xf0, 0x00, 0x00, 0x00, 0x00, 0x00, 0x00, 0x07, 0xd8, 0xe7,
    0xfa, 0xff, 0xc0, 0x9f, 0xfc, 0xff, 0xc0, 0x3c, 0x78, 0x00, 0x00, 0x00, 0x00, 0x00, 0x00, 0x07, 0xd0, 0xef, 0xfb, 0xfc, 0x00, 0x1f, 0xfe, 0xff,
    0xe2, 0x3e, 0x38, 0x00, 0x00, 0x00, 0x00, 0x00, 0x00, 0x07, 0xb1, 0xcf, 0xfb, 0xf0, 0x00, 0x1f, 0xfe, 0x7f, 0xf1, 0xfe, 0xbc, 0x00, 0x00, 0x00,
    0x00, 0x00, 0x00, 0x07, 0xb1, 0xcf, 0x1b, 0xe0, 0x00, 0x1f, 0xff, 0x7f, 0xf8, 0xf7, 0x0c, 0x00, 0x00, 0x00, 0x00, 0x00, 0x00, 0x0f, 0xa1, 0xce,
    0x03, 0xc0, 0x00, 0x3f, 0xff, 0x7f, 0xfe, 0x37, 0xc8, 0x00, 0x00, 0x00, 0x00, 0x00, 0x00, 0x0f, 0x23, 0xc8, 0x03, 0x80, 0x00, 0x7f, 0xff, 0x7f,
    0xfc, 0x31, 0xfc, 0x00, 0x00, 0x00, 0x00, 0x00, 0x00, 0x07, 0x60, 0x18, 0x01, 0x00, 0x01, 0xff, 0xff, 0xff, 0xfe, 0x1c, 0xfc, 0x00, 0x00, 0x00,
    0x00, 0x00, 0x00, 0x03, 0x40, 0x00, 0x01, 0x00, 0x63, 0xff, 0xff, 0xff, 0xff, 0x86, 0x7e, 0x00, 0x00, 0x00, 0x00, 0x00, 0x00, 0x02, 0x43, 0x00,
    0x00, 0x00, 0xf0, 0xff, 0xff, 0xff, 0xff, 0xe3, 0x3f, 0x00, 0x00, 0x00, 0x00, 0x00, 0x00, 0x00, 0x42, 0x02, 0x00, 0x01, 0xfc, 0x1f, 0xff, 0xff,
    0xff, 0xf1, 0xbb, 0x00, 0x00, 0x00, 0x00, 0x00, 0x00, 0x00, 0xc6, 0x04, 0x00, 0x01, 0xff, 0xff, 0xff, 0xff, 0xff, 0xf9, 0x9f, 0x00, 0x00, 0x00,
    0x00, 0x00, 0x00, 0x00, 0xc4, 0x0c, 0x00, 0x03, 0xff, 0xff, 0xff, 0xff, 0xff, 0xfc, 0xc6, 0x00, 0x00, 0x00, 0x00, 0x00, 0x00, 0x00, 0x80, 0x08,
    0x20, 0x03, 0xff, 0xff, 0xff, 0xff, 0xff, 0xfc, 0xe2, 0x00, 0x00, 0x00, 0x00, 0x00, 0x00, 0x00, 0x80, 0x18, 0x20, 0x03, 0xc0, 0x1f, 0xff, 0xff,
    0xff, 0xfc, 0x60, 0x00, 0x00, 0x00, 0x00, 0x00, 0x00, 0x00, 0x80, 0x18, 0x20, 0x07, 0x00, 0x00, 0x1f, 0xff, 0xff, 0xfe, 0x00, 0x00, 0x00, 0x00,
    0x00, 0x00, 0x00, 0x00, 0x80, 0x10, 0x60, 0x06, 0x3e, 0x3c, 0x00, 0x07, 0xff, 0xff, 0x18, 0x00, 0x00, 0x00, 0x00, 0x00, 0x00, 0x00, 0x00, 0x10,
    0x60, 0x06, 0x7f, 0x3f, 0xff, 0x00, 0x03, 0xff, 0x98, 0x00, 0x00, 0x00, 0x00, 0x00, 0x00, 0x00, 0x00, 0x30, 0x60, 0x04, 0xc1, 0x9f, 0xff, 0xff,
    0x80, 0x00, 0x88, 0x00, 0x00, 0x00, 0x00, 0x00, 0x00, 0x00, 0x00, 0x10, 0x60, 0x04, 0xdc, 0xdf, 0xfc, 0xff, 0xff, 0xc0, 0x00, 0x00, 0x00, 0x00,
    0x00, 0x00, 0x00, 0x00, 0x00, 0x10, 0x60, 0x01, 0x9e, 0xdf, 0xfc, 0xff, 0xff, 0xff, 0xf0, 0x00, 0x00, 0x00, 0x00, 0x00, 0x00, 0x00, 0x00, 0x00,
    0x60, 0x00, 0x9e, 0xdf, 0xff, 0xff, 0xff, 0xd7, 0xfc, 0x00, 0x00, 0x00, 0x00, 0x00, 0x00, 0x00, 0x00, 0x00, 0x60, 0x00, 0xdc, 0xdf, 0xff, 0xff,
    0xff, 0xc7, 0xfc, 0x00, 0x00, 0x00, 0x00, 0x00, 0x00, 0x00, 0x01, 0x08, 0x60, 0x00, 0xc1, 0x9f, 0xff, 0x80, 0xff, 0xff, 0xfe, 0x00, 0x00, 0x00,
    0x00, 0x00, 0x00, 0x00, 0x01, 0x08, 0x60, 0x00, 0x7f, 0x1f, 0xff, 0x80, 0x00, 0x3f, 0xfe, 0x00, 0x00, 0x00, 0x00, 0x00, 0x00, 0x00, 0x01, 0x08,
    0x60, 0x00, 0x3e, 0x3f, 0xff, 0x80, 0x00, 0x00, 0x1e, 0x00, 0x00, 0x00, 0x00, 0x00, 0x00, 0x00, 0x01, 0x08, 0x60, 0x00, 0x00, 0x0f, 0xff, 0x80,
    0x00, 0x00, 0x00, 0x00, 0x00, 0x00, 0x00, 0x00, 0x00, 0x00, 0x01, 0x08, 0x70, 0x00, 0x00, 0x07, 0xff, 0x80, 0x00, 0x00, 0x00, 0x00, 0x00, 0x00,
    0x00, 0x00, 0x00, 0x00, 0x03, 0x08, 0x30, 0x04, 0x0c, 0x03, 0xff, 0xf8, 0x00, 0x00, 0x00, 0x00, 0x00, 0x00, 0x00, 0x00, 0x00, 0x00, 0x03, 0x08,
    0x30, 0x06, 0x0c, 0x01, 0xfc, 0xff, 0xe0, 0x00, 0x00, 0x00, 0x00, 0x00, 0x00, 0x00, 0x00, 0x00, 0x03, 0x18, 0x30, 0x02, 0x06, 0x00, 0x7a, 0xff,
    0xff, 0x00, 0x00, 0x00, 0x00, 0x00, 0x00, 0x00, 0x00, 0x00, 0x07, 0x18, 0x30, 0x03, 0x82, 0x00, 0x3f, 0xff, 0xff, 0xfc, 0x00, 0x00, 0x00, 0x00,
    0x00, 0x00, 0x00, 0x00, 0x0f, 0x18, 0x18, 0x01, 0xc3, 0x00, 0x07, 0xff, 0xff, 0xff, 0xe0, 0x00, 0x00, 0x00, 0x00, 0x00, 0x00, 0x00, 0x0f, 0x38,
    0x18, 0x01, 0xf3, 0x00, 0x00, 0x1f, 0xff, 0xcf, 0xff, 0x80, 0x00, 0x00, 0x00, 0x00, 0x00, 0x00, 0x1f, 0x38, 0x18, 0x01, 0xf1, 0x80, 0x01, 0x00,
    0x7f, 0xcf, 0xff, 0xf0, 0x00, 0x00, 0x00, 0x00, 0x00, 0x00, 0x3f, 0x30, 0x18, 0x01, 0xf9, 0x80, 0x01, 0xfc, 0x03, 0xff, 0xff, 0xe0, 0x00, 0x00,
    0x00, 0x00, 0x00, 0x00, 0xfe, 0x70, 0x18, 0x01, 0xf8, 0x98, 0x11, 0xff, 0x00, 0x0f, 0xff, 0xe0, 0x00, 0x00, 0x00, 0x00, 0x03, 0x03, 0xee, 0x70,
    0x18, 0x01, 0xfc, 0x98, 0x13, 0xff, 0x1f, 0x00, 0x3f, 0xc0, 0x00, 0x00, 0x00, 0x00, 0x01, 0xff, 0xcc, 0xe2, 0x18, 0x01, 0xfc, 0x80, 0x13, 0xff,
    0x1f, 0x1c, 0x07, 0xc0, 0x00, 0x00, 0x00, 0x00, 0x00, 0x7f, 0x1d, 0xe2, 0x18, 0x01, 0xfc, 0x80, 0x13, 0xff, 0x1e, 0x1c, 0x07, 0x80, 0x00, 0x00,
    0x00, 0x00, 0x00, 0x00, 0x3f, 0xc2, 0x18, 0x01, 0xfc, 0x80, 0x13, 0xff, 0x1e, 0x3c, 0x0f, 0x80, 0x00, 0x00, 0x00, 0x00, 0x00, 0x00, 0x7f, 0x86,
    0x00, 0x01, 0xfc, 0x80, 0x13, 0xfe, 0x1e, 0x3c, 0x0f, 0x00, 0x00, 0x00, 0x00, 0x00, 0x00, 0x00, 0xff, 0x0c, 0x00, 0x01, 0xfc, 0x80, 0x13, 0xfe,
    0x3e, 0x38, 0x0f, 0x00, 0x00, 0x00, 0x00, 0x00, 0x00, 0x01, 0xfe, 0x0c, 0x30, 0x01, 0xfc, 0x80, 0x13, 0xfe, 0x3e, 0x78, 0x1e, 0x00, 0x00, 0x00,
    0x00, 0x00, 0x00, 0x03, 0xfc, 0x18, 0x7e, 0x01, 0xfc, 0x80, 0x13, 0xfe, 0x3e, 0x78, 0x1e, 0x00, 0x00, 0x00, 0x00, 0x00, 0x00, 0x07, 0xf8, 0x30,
    0x63, 0x81, 0xfc, 0xc0, 0x17, 0xfe, 0x3c, 0x10, 0x3e, 0x00, 0x00, 0x00, 0x00, 0x00, 0x00, 0x0f, 0xe0, 0x70, 0xec, 0x61, 0xfc, 0xc0, 0x17, 0xfe,
    0x20, 0x00, 0x3c, 0x00, 0x00, 0x00, 0x00, 0x00, 0x00, 0x3f, 0xc0, 0xe0, 0xe4, 0x18, 0x7c, 0xc0, 0x17, 0xfe, 0x00, 0x00, 0x3c, 0x00, 0x00, 0x00,
    0x00, 0x00, 0x00, 0x7f, 0x00, 0xc0, 0x70, 0x1f, 0x0c, 0xc0, 0x17, 0xfc, 0x00, 0x00, 0x78, 0x00, 0x00, 0x00, 0x00, 0x00, 0x00, 0xfc, 0x01, 0xc0,
    0x0c, 0x3f, 0xc0, 0xc0, 0x17, 0xfc, 0x60, 0x00, 0x78, 0x00, 0x00, 0x00, 0x00, 0x00, 0x00, 0xf8, 0x21, 0x80, 0x03, 0x3f, 0xf0, 0xc0, 0x17, 0xfc,
    0x78, 0xe0, 0x78, 0x00, 0x00, 0x00, 0x00, 0x00, 0x01, 0xe0, 0x63, 0x00, 0x00, 0xff, 0x3c, 0xc0, 0x17, 0xfc, 0x79, 0xe0, 0xf0, 0x00, 0x00, 0x00,
    0x00, 0x00, 0x03, 0xc0, 0xc3, 0x00, 0x00, 0x1f, 0x5c, 0xc0, 0x1f, 0xfe, 0x79, 0xe0, 0xf0, 0x00, 0x00, 0x00, 0x00, 0x00, 0x03, 0x80, 0xc2, 0x10,
    0x00, 0x07, 0xbc, 0xc0, 0x1f, 0xff, 0xf9, 0xc0, 0xe0, 0x00, 0x00, 0x00, 0x00, 0x00, 0x07, 0x05, 0xc2, 0x20, 0x00, 0x01, 0xfc, 0xc0, 0x1f, 0xff,
    0xf9, 0xc1, 0xe0, 0x00, 0x00, 0x00, 0x00, 0x00, 0x06, 0x09, 0xc6, 0x20, 0x30, 0x00, 0x7c, 0xd8, 0x1f, 0xff, 0xf3, 0xc1, 0xe0, 0x00, 0x00, 0x00,
    0x00, 0x00, 0x0c, 0x1b, 0xc6, 0x20, 0x3e, 0x00, 0x0c, 0xd8, 0x1f, 0xff, 0xf3, 0xc1, 0xe0, 0x00, 0x00, 0x00, 0x00, 0x00, 0x0c, 0x3b, 0xc6, 0x60,
    0x73, 0x80, 0x00, 0xc0, 0x1f, 0xff, 0xfb, 0x83, 0xc0, 0x00, 0x00, 0x00, 0x00, 0x00, 0x08, 0x33, 0xc2, 0x60, 0x60, 0x70, 0x00, 0xe0, 0x1f, 0xff,
    0xff, 0x83, 0xc0, 0x00, 0x00, 0x00, 0x00, 0x00, 0x18, 0x73, 0xe2, 0x60, 0x00, 0x10, 0x00, 0x78, 0x0f, 0xff, 0xff, 0x83, 0xc0, 0x00, 0x00, 0x00,
    0x00, 0x00, 0x10, 0x73, 0xe2, 0x60, 0x00, 0x03, 0x00, 0x1e, 0x07, 0xff, 0xff, 0x83, 0x80, 0x00, 0x00, 0x00, 0x00, 0x00, 0x00, 0x73, 0xe0, 0x61,
    0xf8, 0x03, 0xc0, 0x03, 0x83, 0xff, 0xff, 0x87, 0x80, 0x00, 0x00, 0x00, 0x00, 0x00, 0x00, 0xf3, 0xf0, 0x71, 0x1f, 0x03, 0x30, 0x00, 0xe1, 0xff,
    0xff, 0xc7, 0x80, 0x00, 0x00, 0x00, 0x00, 0x00, 0x00, 0xf3, 0xf8, 0x38, 0x01, 0xc1, 0x3c, 0x00, 0x3c, 0x7f, 0xff, 0xe7, 0x80, 0x00, 0x00, 0x00,
    0x00, 0x00, 0x00, 0xd1, 0xf8, 0x38, 0x00, 0xc8, 0xff, 0x00, 0x0f, 0x3f, 0xff, 0xe7, 0x00, 0x00, 0x00, 0x00, 0x00, 0x00, 0x00, 0xd9, 0xfc, 0x1c,
    0x01, 0x9e, 0x3f, 0xc0, 0x03, 0xcf, 0xff, 0xef, 0x00, 0x00, 0x00, 0x00, 0x00, 0x00, 0x00, 0xd9, 0xff, 0x1e, 0x01, 0xbf, 0x8f, 0xe0, 0x00, 0xf7,
    0xff, 0xcf, 0x00, 0x00, 0x00, 0x00, 0x00, 0x00, 0x00, 0xc8, 0xff, 0x8f, 0x81, 0x3f, 0xe3, 0xf0, 0x00, 0x3f, 0xff, 0xcf, 0x00, 0x00, 0x00, 0x00,
    0x00, 0x00, 0x00, 0xc4, 0x7f, 0xe7, 0xe0, 0x1f, 0xf0, 0xfc, 0x00, 0x0f, 0xff, 0xce, 0x00, 0x00, 0x00, 0x00, 0x00, 0x00, 0x00, 0xc0, 0x3f, 0xff,
    0xfc, 0x03, 0xfc, 0x7e, 0x00, 0x01, 0xff, 0xda, 0x00, 0x00, 0x00, 0x00, 0x00, 0x00, 0x00, 0xc0, 0x1f, 0xff, 0xff, 0xc0, 0xff, 0x1f, 0x00, 0x00,
    0x7f, 0x90, 0x00, 0x00, 0x00, 0x00, 0x00, 0x00, 0x00, 0xc0, 0x0f, 0xff, 0xff, 0xfc, 0x3f, 0x87, 0x80, 0x00, 0x1f, 0x9a, 0x00, 0x00, 0x00, 0x00,
    0x00, 0x00, 0x00, 0xc0, 0x03, 0xff, 0xff, 0xff, 0x1f, 0xe3, 0xe0, 0x00, 0x07, 0x9e, 0x00, 0x00, 0x00, 0x00, 0x00, 0x00, 0x00, 0x60, 0x00, 0xff,
    0xff, 0x01, 0x0f, 0xf8, 0xf0, 0x00, 0x01, 0xbc, 0x00, 0x00, 0x00, 0x00, 0x00, 0x00, 0x00, 0x60, 0x80, 0x0f, 0xff, 0xe0, 0x0f, 0xfe, 0x3c, 0x00,
    0x00, 0x3c, 0x00, 0x00, 0x00, 0x00, 0x00, 0x00, 0x00, 0x20, 0xc0, 0x00, 0x0f, 0xf0, 0x07, 0xff, 0x0e, 0x00, 0x00, 0x0c, 0x00, 0x00, 0x00, 0x00,
    0x00, 0x00, 0x00, 0x30, 0x60, 0x00, 0x00, 0xfc, 0x47, 0xff, 0xc3, 0x80, 0x00, 0x00, 0x00, 0x00, 0x00, 0x00, 0x00, 0x00, 0x00, 0x18, 0x38, 0x00,
    0x00, 0x3e, 0x33, 0xff, 0xf0, 0xc0, 0x00, 0x00, 0x00, 0x00, 0x00, 0x00, 0x00, 0x00, 0x00, 0x08, 0x1f, 0x00, 0xff, 0x8f, 0x1b, 0xff, 0xfc, 0x00,
    0x00, 0x00, 0x00, 0x00, 0x00, 0x00, 0x00, 0x00, 0x00, 0x0c, 0x07, 0xf0, 0x0f, 0xf7, 0x8f, 0xff, 0xff, 0x00, 0x00, 0x00, 0x00, 0x00, 0x00, 0x00,
    0x00, 0x00, 0x00, 0x02, 0x01, 0xff, 0x83, 0xff, 0x87, 0xff, 0xff, 0xe0, 0x00, 0x00, 0x00, 0x00, 0x00, 0x00, 0x00, 0x00, 0x00, 0x01, 0x00, 0x01,
    0xc0, 0xff, 0xc3, 0xf1, 0xff, 0xfe, 0x40, 0x00, 0x00, 0x00, 0x00, 0x00, 0x00, 0x00, 0x00, 0x00, 0x80, 0x00, 0x00, 0x7f, 0xc1, 0xf5, 0xff, 0xff,
    0xe0, 0x00, 0x00, 0x00, 0x00, 0x00, 0x00, 0x00, 0x00, 0x00, 0x00, 0x00, 0x00, 0x1b, 0xe0, 0x73, 0xff, 0xff, 0xe0, 0x00, 0x00, 0x00, 0x00, 0x00,
    0x00, 0x00, 0x00, 0x00, 0x00, 0x00, 0x00, 0x0d, 0xe0, 0x3f, 0xff, 0xff, 0xf0, 0x00, 0x00, 0x00, 0x00, 0x00, 0x00, 0x00, 0x00, 0x00, 0x00, 0x00,
    0x06, 0x0d, 0xe0, 0x1f, 0xff, 0xff, 0xf0, 0x00, 0x00, 0x00, 0x00, 0x00, 0x00, 0x00, 0x00, 0x00, 0x00, 0x00, 0x03, 0x04, 0xe0, 0x0f, 0xff, 0xff,
    0xf8, 0x00, 0x00, 0x00, 0x00, 0x00, 0x00, 0x00, 0x00, 0x00, 0x00, 0x00, 0x01, 0x86, 0xe0, 0x03, 0xff, 0xff, 0xf8, 0x00, 0x00, 0x00, 0x00, 0x00,
    0x00, 0x00, 0x00, 0x00, 0x00, 0x00, 0x00, 0xc2, 0xe0, 0x01, 0xff, 0x1f, 0xf8, 0x00, 0x00, 0x00, 0x00, 0x00, 0x00, 0x00, 0x00, 0x00, 0x00, 0x00,
    0x00, 0x62, 0xe0, 0x00, 0x7f, 0x5f, 0xfc, 0x00, 0x00, 0x00, 0x00, 0x00, 0x00, 0x00, 0x00, 0x00, 0x00, 0x00, 0x00, 0x60, 0x60, 0x00, 0x1f, 0xbf,
    0xfc, 0x00, 0x00, 0x00, 0x00, 0x00, 0x00, 0x00, 0x00, 0x00, 0x00, 0x00, 0x00, 0x70, 0x60, 0x00, 0x0f, 0xff, 0xce, 0x00, 0x00, 0x00, 0x00, 0x00,
    0x00, 0x00, 0x00, 0x00, 0x00, 0x00, 0x00, 0x70, 0x60, 0x00, 0x01, 0xff, 0xd6, 0x00, 0x00, 0x00, 0x00, 0x00, 0x00, 0x00, 0x00, 0x00, 0x00, 0x00,
    0x00, 0x70, 0xc0, 0x00, 0x00, 0x7f, 0xcf, 0x00, 0x00, 0x00, 0x00, 0x00, 0x00, 0x00, 0x00, 0x00, 0x00, 0x00, 0x00, 0x70, 0xc0, 0x00, 0x00, 0x1f,
    0xff, 0x00, 0x00, 0x00, 0x00, 0x00, 0x00, 0x00, 0x00, 0x00, 0x00, 0x00, 0x00, 0xf0, 0x80, 0x00, 0x00, 0x03, 0xff, 0x80, 0x00, 0x00, 0x00, 0x00,
    0x00, 0x00, 0x00, 0x00, 0x00, 0x00, 0x00, 0xe1, 0x00, 0x00, 0x00, 0x00, 0x3f, 0x80, 0x00, 0x00, 0x00, 0x00, 0x00, 0x00, 0x00, 0x00, 0x00, 0x00,
    0x01, 0xe0, 0x00, 0x00, 0x00, 0x00, 0x00, 0x00, 0x00, 0x00, 0x00, 0x00, 0x00, 0x00, 0x00, 0x00, 0x00, 0x00, 0x07, 0xc0, 0x00, 0x00, 0x00, 0x00,
    0x00, 0x00, 0x00, 0x00, 0x00, 0x00, 0x00, 0x00, 0x00, 0x00, 0x00, 0x00, 0x7f, 0x80, 0x00, 0x00, 0x00, 0x00, 0x00, 0x00, 0x00, 0x00, 0x00, 0x00,
    0x00, 0x00, 0x00, 0x00, 0x00, 0x00, 0x0c, 0x00, 0x00, 0x00, 0x00, 0x00, 0x00, 0x00, 0x00, 0x00, 0x00, 0x00, 0x00, 0x00, 0x00, 0x00, 0x00, 0x00,
    0x00, 0x00, 0x00, 0x00, 0x00, 0x00, 0x00, 0x00, 0x00, 0x00, 0x00, 0x00, 0x00, 0x00, 0x00, 0x00, 0x00, 0x00, 0x00, 0x00, 0x00, 0x00, 0x00, 0x00,
    0x00, 0x00, 0x00, 0x00, 0x00, 0x00, 0x00, 0x00, 0x00, 0x00, 0x00, 0x00, 0x00, 0x00, 0x00, 0x00, 0x00, 0x00, 0x00, 0x00, 0x00, 0x00, 0x00, 0x00,
};
const uint8_t kIdle192[4608] = {
    0x00, 0x00, 0x00, 0x00, 0x00, 0x00, 0x00, 0x00, 0x00, 0x00, 0x00, 0x00, 0x00, 0x00, 0x00, 0x00, 0x00, 0x00, 0x00, 0x00, 0x00, 0x00, 0x00, 0x00,
    0x00, 0x00, 0x00, 0x00, 0x00, 0x00, 0x00, 0x00, 0x00, 0x00, 0x00, 0x00, 0x00, 0x00, 0x00, 0x00, 0x00, 0x00, 0x00, 0x00, 0x00, 0x00, 0x00, 0x00,
    0x00, 0x00, 0x00, 0x00, 0x00, 0x00, 0x00, 0x00, 0x00, 0x00, 0x00, 0x00, 0x00, 0x00, 0x00, 0x00, 0x00, 0x00, 0x00, 0x00, 0x00, 0x00, 0x00, 0x00,
    0x00, 0x00, 0x00, 0x00, 0x00, 0x00, 0x00, 0x00, 0x00, 0x00, 0x00, 0x00, 0x00, 0x00, 0x00, 0x00, 0x00, 0x00, 0x00, 0x00, 0x00, 0x00, 0x00, 0x00,
    0x00, 0x00, 0x00, 0x00, 0x00, 0x00, 0x00, 0x00, 0x00, 0x00, 0x00, 0x03, 0x80, 0x00, 0x00, 0x00, 0x00, 0x00, 0x00, 0x00, 0x00, 0x00, 0x00, 0x00,
    0x00, 0x00, 0x00, 0x00, 0x00, 0x00, 0x00, 0x00, 0x00, 0x00, 0x01, 0x1f, 0xe0, 0x00, 0x00, 0x00, 0x00, 0x00, 0x00, 0x00, 0x00, 0x00, 0x00, 0x00,
    0x00, 0x00, 0x00, 0x00, 0x00, 0x00, 0x00, 0x00, 0x00, 0x00, 0x03, 0x3e, 0x00, 0x00, 0x00, 0x00, 0x00, 0x00, 0x00, 0x00, 0x00, 0x00, 0x00, 0x00,
    0x00, 0x00, 0x00, 0x00, 0x00, 0x00, 0x00, 0x00, 0x00, 0x00, 0x0f, 0x38, 0x00, 0x00, 0x00, 0x00, 0x00, 0x00, 0x00, 0x00, 0x00, 0x00, 0x00, 0x00,
    0x00, 0x00, 0x00, 0x00, 0x00, 0x00, 0x00, 0x00, 0x00, 0x00, 0xff, 0x10, 0x00, 0x00, 0x00, 0x00, 0x00, 0x00, 0x00, 0x00, 0x00, 0x00, 0x00, 0x00,
    0x00, 0x00, 0x00, 0x00, 0x00, 0x00, 0x00, 0x00, 0x00, 0x07, 0xef, 0x80, 0x00, 0x00, 0x00, 0x00, 0x0f, 0x00, 0x00, 0x00, 0x00, 0x00, 0x00, 0x00,
    0x00, 0x00, 0x00, 0x00, 0x00, 0x00, 0x00, 0x00, 0x00, 0x1f, 0x9f, 0xe0, 0x00, 0x00, 0x00, 0x3f, 0xc8, 0x00, 0x00, 0x00, 0x00, 0x00, 0x00, 0x00,
    0x00, 0x00, 0x00, 0x00, 0x00, 0x00, 0x00, 0x00, 0x00, 0x7e, 0x7d, 0xc0, 0x00, 0x00, 0x03, 0xff, 0xc0, 0x00, 0x00, 0x00, 0x00, 0x00, 0x00, 0x00,
    0x00, 0x00, 0x00, 0x00, 0x00, 0x00, 0x00, 0x00, 0x03, 0xf9, 0xf3, 0x80, 0x00, 0x00, 0x3f, 0x1f, 0xc0, 0x00, 0x00, 0x00, 0x00, 0x00, 0x00, 0x00,
    0x00, 0x00, 0x00, 0x00, 0x00, 0x00, 0x00, 0x00, 0x07, 0xf3, 0xc7, 0x00, 0x00, 0x00, 0xf8, 0x7f, 0x80, 0x00, 0x00, 0x00, 0x00, 0x00, 0x00, 0x00,
    0x00, 0x00, 0x00, 0x00, 0x00, 0x00, 0x00, 0x00, 0x1f, 0xcf, 0x06, 0x00, 0x00, 0x03, 0xc1, 0xe6, 0x00, 0x00, 0x00, 0x00, 0x00, 0x00, 0x00, 0x00,
    0x00, 0x00, 0x00, 0x00, 0x00, 0x00, 0x00, 0x00, 0x7f, 0x9e, 0x0e, 0x00, 0x00, 0x0e, 0x07, 0x8c, 0x00, 0x00, 0x00, 0x00, 0x00, 0x00, 0x00, 0x00,
    0x00, 0x00, 0x00, 0x00, 0x00, 0x00, 0x00, 0x00, 0xfe, 0x78, 0x1c, 0x00, 0x00, 0x30, 0x1e, 0x18, 0x00, 0x00, 0x00, 0x00, 0x00, 0x00, 0x00, 0x00,
    0x00, 0x00, 0x00, 0x00, 0x00, 0x00, 0x00, 0x03, 0xfc, 0xf0, 0x1c, 0x00, 0x00, 0xc0, 0x38, 0x30, 0x00, 0x00, 0x00, 0x00, 0x00, 0x00, 0x00, 0x00,
    0x00, 0x00, 0x00, 0x00, 0x00, 0x00, 0x00, 0x07, 0xf9, 0xc0, 0x38, 0x00, 0x03, 0x00, 0xe0, 0x30, 0x00, 0x00, 0x00, 0x00, 0x00, 0x00, 0x00, 0x00,
    0x00, 0x00, 0x00, 0x00, 0x00, 0x00, 0x00, 0x0f, 0xf3, 0x80, 0x38, 0x00, 0x04, 0x01, 0x80, 0x60, 0x00, 0x00, 0x00, 0x00, 0x00, 0x00, 0x00, 0x00,
    0x00, 0x00, 0x00, 0x00, 0x00, 0x00, 0x00, 0x3f, 0xef, 0x00, 0x38, 0x00, 0x08, 0x03, 0x00, 0xc0, 0x00, 0x00, 0x00, 0x00, 0x00, 0x00, 0x00, 0x00,
    0x00, 0x00, 0x00, 0x00, 0x00, 0x00, 0x00, 0x7f, 0xde, 0x00, 0x70, 0x00, 0x00, 0x0c, 0x00, 0xc0, 0x00, 0x00, 0x00, 0x00, 0x00, 0x00, 0x00, 0x00,
    0x00, 0x00, 0x00, 0x00, 0x00, 0x00, 0x00, 0xff, 0xbc, 0x00, 0x70, 0x00, 0x00, 0x18, 0x00, 0x80, 0x00, 0x00, 0x00, 0x00, 0x00, 0x00, 0x00, 0x00,
    0x00, 0x00, 0x00, 0x00, 0x00, 0x00, 0x01, 0xff, 0x78, 0x00, 0x70, 0x00, 0x00, 0x00, 0x01, 0x80, 0x00, 0x00, 0x00, 0x00, 0x00, 0x00, 0x00, 0x00,
    0x00, 0x00, 0x00, 0x00, 0x00, 0x00, 0x03, 0xfe, 0xf0, 0x10, 0x70, 0x00, 0x00, 0x00, 0x01, 0x80, 0x00, 0x00, 0x00, 0x00, 0x00, 0x00, 0x00, 0x00,
    0x00, 0x00, 0x00, 0x00, 0x00, 0x00, 0x07, 0xfd, 0xe0, 0x20, 0x70, 0x00, 0x00, 0x00, 0x01, 0x00, 0x00, 0x00, 0x00, 0x00, 0x00, 0x00, 0x00, 0x00,
    0x00, 0x00, 0x00, 0x00, 0x00, 0x00, 0x0f, 0xfb, 0xc0, 0x20, 0xf0, 0x00, 0x00, 0x00, 0x00, 0x00, 0x00, 0x00, 0x00, 0x00, 0x00, 0x00, 0x00, 0x00,
    0x00, 0x00, 0x00, 0x00, 0x00, 0x00, 0x1f, 0xff, 0x80, 0x40, 0xf0, 0x00, 0x00, 0x20, 0x00, 0x00, 0x00, 0x00, 0x00, 0x00, 0x00, 0x00, 0x00, 0x00,
    0x00, 0x00, 0x00, 0x00, 0x00, 0x00, 0x3f, 0xff, 0x00, 0x80, 0xf0, 0x00, 0x00, 0x3e, 0x0e, 0x00, 0x00, 0x00, 0x00, 0x00, 0x00, 0x00, 0x00, 0x00,
    0x00, 0x00, 0x00, 0x00, 0x00, 0x00, 0x7f, 0xfe, 0x01, 0x80, 0xf0, 0x00, 0x00, 0x0f, 0x87, 0x00, 0x00, 0x00, 0x00, 0x00, 0x00, 0x00, 0x00, 0x00,
    0x00, 0x00, 0x00, 0x00, 0x00, 0x00, 0x7f, 0xfc, 0x01, 0x00, 0xf0, 0x00, 0x7f, 0x8f, 0xe7, 0xc0, 0x00, 0x00, 0x00, 0x00, 0x00, 0x00, 0x00, 0x00,
    0x00, 0x00, 0x00, 0x00, 0x00, 0x00, 0xff, 0xfc, 0x03, 0x00, 0xf0, 0x00, 0x3f, 0xff, 0xfb, 0xe0, 0x00, 0x00, 0x00, 0x00, 0x00, 0x00, 0x00, 0x00,
    0x00, 0x00, 0x00, 0x00, 0x00, 0x01, 0xff, 0xf8, 0x06, 0x00, 0xf0, 0x00, 0x1f, 0xff, 0xff, 0xf0, 0x00, 0x00, 0x00, 0x00, 0x00, 0x00, 0x00, 0x00,
    0x00, 0x00, 0x00, 0x00, 0x00, 0x03, 0xff, 0xf0, 0x04, 0x00, 0xf8, 0x00, 0x1e, 0x1f, 0xff, 0xfc, 0x80, 0x00, 0x00, 0x00, 0x00, 0x00, 0x00, 0x00,
    0x00, 0x00, 0x00, 0x00, 0x00, 0x03, 0xbf, 0xf0, 0x0c, 0x00, 0xf8, 0x07, 0xf0, 0xff, 0xff, 0xfe, 0xc0, 0x00, 0x00, 0x00, 0x00, 0x00, 0x00, 0x00,
    0x00, 0x00, 0x00, 0x00, 0x00, 0x07, 0x7f, 0xe0, 0x08, 0x00, 0xfc, 0x3f, 0xc7, 0xff, 0xff, 0xff, 0xe0, 0x00, 0x00, 0x00, 0x00, 0x00, 0x00, 0x00,
    0x00, 0x00, 0x00, 0x00, 0x00, 0x0e, 0xff, 0xc0, 0x18, 0x00, 0xfc, 0x0f, 0x0f, 0xff, 0xff, 0xff, 0xf0, 0x00, 0x00, 0x00, 0x00, 0x00, 0x00, 0x00,
    0x00, 0x00, 0x00, 0x00, 0x00, 0x0c, 0xff, 0xc0, 0x30, 0x00, 0xfe, 0x04, 0x3f, 0xff, 0xff, 0xff, 0xf8, 0x00, 0x00, 0x00, 0x00, 0x00, 0x00, 0x00,
    0x00, 0x00, 0x00, 0x00, 0x00, 0x1d, 0xff, 0x80, 0x30, 0x01, 0xfe, 0x00, 0xfe, 0x7f, 0xff, 0xff, 0xfc, 0x40, 0x00, 0x00, 0x00, 0x00, 0x00, 0x00,
    0x00, 0x00, 0x00, 0x00, 0x00, 0x3b, 0xff, 0x00, 0x60, 0x20, 0xff, 0x01, 0xfc, 0xff, 0xf8, 0x7f, 0xfe, 0x40, 0x00, 0x00, 0x00, 0x00, 0x00, 0x00,
    0x00, 0x00, 0x00, 0x00, 0x00, 0x33, 0xff, 0x00, 0x60, 0x20, 0x3f, 0x83, 0xf1, 0xff, 0xc0, 0x07, 0xfe, 0x60, 0x00, 0x00, 0x00, 0x00, 0x00, 0x00,
    0x00, 0x00, 0x00, 0x00, 0x00, 0x77, 0xfe, 0x00, 0xc0, 0x20, 0x1f, 0xc1, 0xe1, 0xff, 0x00, 0x01, 0xfe, 0x70, 0x00, 0x00, 0x00, 0x00, 0x00, 0x00,
    0x00, 0x00, 0x00, 0x00, 0x00, 0x67, 0xfe, 0x08, 0xc0, 0x60, 0x07, 0xe0, 0x03, 0xfe, 0x00, 0x00, 0x7e, 0x38, 0x10, 0x00, 0x00, 0x00, 0x00, 0x00,
    0x00, 0x00, 0x00, 0x00, 0x00, 0xcf, 0xfc, 0x08, 0xc0, 0x60, 0x03, 0xf8, 0x03, 0xfe, 0x00, 0x00, 0x27, 0x38, 0x18, 0x00, 0x00, 0x00, 0x00, 0x00,
    0x00, 0x00, 0x00, 0x00, 0x00, 0xcf, 0xfc, 0x11, 0x88, 0x60, 0x01, 0xfe, 0x03, 0xfc, 0x0f, 0xe0, 0x07, 0x1c, 0x08, 0x00, 0x00, 0x00, 0x00, 0x00,
    0x00, 0x00, 0x00, 0x00, 0x01, 0x9f, 0xf8, 0x31, 0x9c, 0x40, 0x00, 0xff, 0x81, 0xfc, 0x1f, 0xf8, 0x03, 0x9e, 0x0c, 0x00, 0x00, 0x00, 0x00, 0x00,
    0x00, 0x00, 0x00, 0x00, 0x01, 0x9f, 0xb8, 0x23, 0x3c, 0x40, 0x00, 0x7f, 0xe0, 0xfc, 0x3f, 0xfe, 0x01, 0x8f, 0x06, 0x00, 0x00, 0x00, 0x00, 0x00,
    0x00, 0x00, 0x00, 0x00, 0x03, 0x3f, 0xf0, 0x63, 0x3c, 0x40, 0x00, 0x3f, 0xfc, 0x7c, 0x3f, 0xff, 0x80, 0x47, 0x82, 0x00, 0x00, 0x00, 0x00, 0x00,
    0x00, 0x00, 0x00, 0x00, 0x03, 0x3f, 0x70, 0x63, 0x7c, 0x40, 0x00, 0x1f, 0xfe, 0x3c, 0x3f, 0xff, 0xc0, 0x07, 0xd8, 0x00, 0x00, 0x00, 0x00, 0x00,
    0x00, 0x00, 0x00, 0x00, 0x02, 0x7f, 0x60, 0xc6, 0x7c, 0xc0, 0x00, 0x0f, 0xff, 0x3e, 0x3f, 0xff, 0xe0, 0x03, 0xec, 0x00, 0x00, 0x00, 0x00, 0x00,
    0x00, 0x00, 0x00, 0x00, 0x06, 0x7e, 0xe0, 0xc6, 0xfc, 0xc3, 0x00, 0x07, 0x7f, 0x9e, 0x1f, 0xff, 0xf0, 0x81, 0xfe, 0x00, 0x00, 0x00, 0x00, 0x00,
    0x00, 0x00, 0x00, 0x00, 0x04, 0x7e, 0xc1, 0xc6, 0xfc, 0xc7, 0xc0, 0x03, 0x3f, 0xdf, 0x0f, 0xff, 0xf8, 0x61, 0xff, 0x80, 0x00, 0x00, 0x00, 0x00,
    0x00, 0x00, 0x00, 0x00, 0x04, 0xfc, 0xc1, 0xcd, 0xfc, 0xcf, 0xe0, 0x01, 0x9f, 0xdf, 0x8f, 0xff, 0xfc, 0x3c, 0xff, 0xc0, 0x00, 0x00, 0x00, 0x00,
    0x00, 0x00, 0x00, 0x00, 0x08, 0xfd, 0xc3, 0x8d, 0xfc, 0xcf, 0xf8, 0x00, 0x8f, 0xdf, 0xc7, 0xff, 0xfc, 0x1e, 0xdf, 0xc0, 0x00, 0x00, 0x00, 0x00,
    0x00, 0x00, 0x00, 0x00, 0x08, 0xfd, 0x83, 0x8f, 0xfc, 0xdf, 0xfc, 0x00, 0xcf, 0xff, 0xe7, 0xff, 0xe6, 0x0f, 0xe7, 0xe0, 0x00, 0x00, 0x00, 0x00,
    0x00, 0x00, 0x00, 0x00, 0x01, 0xf9, 0x87, 0x9f, 0xfc, 0xdf, 0xff, 0x00, 0xcf, 0xff, 0xe7, 0xff, 0xe0, 0x07, 0xe1, 0xf0, 0x00, 0x00, 0x00, 0x00,
    0x00, 0x00, 0x00, 0x00, 0x01, 0xfb, 0x07, 0x9f, 0xfc, 0xdf, 0xf1, 0x80, 0x0f, 0xff, 0xf3, 0xff, 0xf0, 0x07, 0xf1, 0xf0, 0x00, 0x00, 0x00, 0x00,
    0x00, 0x00, 0x00, 0x00, 0x01, 0xf3, 0x07, 0x9f, 0xfc, 0xdf, 0x80, 0x00, 0x0f, 0xff, 0xf3, 0xff, 0xf8, 0xff, 0xf4, 0xf8, 0x00, 0x00, 0x00, 0x00,
    0x00, 0x00, 0x00, 0x00, 0x03, 0xf3, 0x0f, 0x1f, 0xfc, 0xfe, 0x00, 0x00, 0x0f, 0xff, 0xfb, 0xff, 0xfc, 0x3f, 0x72, 0xf8, 0x00, 0x00, 0x00, 0x00,
    0x00, 0x00, 0x00, 0x00, 0x03, 0xf6, 0x0f, 0x1f, 0x04, 0xfc, 0x00, 0x00, 0x1f, 0xff, 0xfb, 0xff, 0xfe, 0x0f, 0x78, 0x18, 0x00, 0x00, 0x00, 0x00,
    0x00, 0x00, 0x00, 0x00, 0x03, 0xf6, 0x1f, 0x3c, 0x00, 0xf8, 0x00, 0x00, 0x1f, 0xff, 0xfb, 0xff, 0xff, 0x87, 0x3e, 0x30, 0x00, 0x00, 0x00, 0x00,
    0x00, 0x00, 0x00, 0x00, 0x07, 0xe6, 0x1f, 0x38, 0x00, 0xf0, 0x00, 0x00, 0x3f, 0xff, 0xfb, 0xff, 0xfe, 0x07, 0x1f, 0x38, 0x00, 0x00, 0x00, 0x00,
    0x00, 0x00, 0x00, 0x00, 0x03, 0xe6, 0x1a, 0x30, 0x00, 0x70, 0x00, 0x00, 0xff, 0xff, 0xfb, 0xff, 0xff, 0x07, 0x8f, 0xb8, 0x00, 0x00, 0x00, 0x00,
    0x00, 0x00, 0x00, 0x00, 0x01, 0xec, 0x00, 0x20, 0x00, 0x60, 0x00, 0x03, 0xff, 0xff, 0xfb, 0xff, 0xff, 0xc1, 0xe3, 0xfc, 0x00, 0x00, 0x00, 0x00,
    0x00, 0x00, 0x00, 0x00, 0x00, 0xcc, 0x00, 0x20, 0x00, 0x40, 0x01, 0x87, 0xff, 0xff, 0xff, 0xff, 0xff, 0xf0, 0x71, 0xfc, 0x00, 0x00, 0x00, 0x00,
    0x00, 0x00, 0x00, 0x00, 0x00, 0xcc, 0x08, 0x00, 0x00, 0x40, 0x03, 0xc3, 0xff, 0xff, 0xff, 0xff, 0xff, 0xfc, 0x19, 0xfe, 0x00, 0x00, 0x00, 0x00,
    0x00, 0x00, 0x00, 0x00, 0x00, 0xc8, 0x18, 0x00, 0x00, 0x40, 0x07, 0xe0, 0x77, 0xff, 0xff, 0xff, 0xff, 0xfe, 0x0c, 0xe7, 0x00, 0x00, 0x00, 0x00,
    0x00, 0x00, 0x00, 0x00, 0x00, 0x08, 0x30, 0x04, 0x00, 0x00, 0x0f, 0xf8, 0x0f, 0xff, 0xff, 0xff, 0xff, 0xff, 0x8c, 0x77, 0x00, 0x00, 0x00, 0x00,
    0x00, 0x00, 0x00, 0x00, 0x00, 0x18, 0x70, 0x0c, 0x00, 0x00, 0x0f, 0xff, 0xff, 0xff, 0xff, 0xff, 0xff, 0xff, 0xc6, 0x3f, 0x00, 0x00, 0x00, 0x00,
    0x00, 0x00, 0x00, 0x00, 0x00, 0x18, 0x60, 0x08, 0x08, 0x00, 0x1f, 0xff, 0xff, 0xff, 0xff, 0xff, 0xff, 0xff, 0xc6, 0x1e, 0x00, 0x00, 0x00, 0x00,
    0x00, 0x00, 0x00, 0x00, 0x00, 0x18, 0x20, 0x18, 0x00, 0x00, 0x1f, 0xff, 0xff, 0xff, 0xff, 0xff, 0xff, 0xff, 0xe7, 0x0e, 0x00, 0x00, 0x00, 0x00,
    0x00, 0x00, 0x00, 0x00, 0x00, 0x10, 0x00, 0x30, 0x10, 0x00, 0x1f, 0xff, 0xff, 0xff, 0xff, 0xff, 0xff, 0xff, 0xe3, 0xc4, 0x00, 0x00, 0x00, 0x00,
    0x00, 0x00, 0x00, 0x00, 0x00, 0x10, 0x00, 0x30, 0x10, 0x00, 0x3f, 0x00, 0x3f, 0xff, 0xff, 0xff, 0xff, 0xff, 0xe3, 0x80, 0x00, 0x00, 0x00, 0x00,
    0x00, 0x00, 0x00, 0x00, 0x00, 0x10, 0x00, 0x20, 0x30, 0x00, 0x3c, 0x00, 0x00, 0x1f, 0xff, 0xff, 0xff, 0xff, 0xe0, 0x00, 0x00, 0x00, 0x00, 0x00,
    0x00, 0x00, 0x00, 0x00, 0x00, 0x30, 0x00, 0x60, 0x30, 0x00, 0x38, 0x38, 0x00, 0x00, 0x0f, 0xff, 0xff, 0xff, 0xf0, 0x20, 0x00, 0x00, 0x00, 0x00,
    0x00, 0x00, 0x00, 0x00, 0x00, 0x20, 0x00, 0x60, 0x30, 0x00, 0x30, 0xfe, 0x1f, 0xc0, 0x00, 0x07, 0xff, 0xff, 0xf8, 0x70, 0x00, 0x00, 0x00, 0x00,
    0x00, 0x00, 0x00, 0x00, 0x00, 0x20, 0x00, 0x60, 0x70, 0x00, 0x21, 0xff, 0x1f, 0xff, 0xe0, 0x00, 0x03, 0xff, 0xfe, 0x30, 0x00, 0x00, 0x00, 0x00,
    0x00, 0x00, 0x00, 0x00, 0x00, 0x20, 0x00, 0x40, 0x60, 0x00, 0x63, 0x83, 0x8f, 0xff, 0xff, 0xf8, 0x00, 0x00, 0xfe, 0x30, 0x00, 0x00, 0x00, 0x00,
    0x00, 0x00, 0x00, 0x00, 0x00, 0x20, 0x00, 0x40, 0x60, 0x00, 0x67, 0x01, 0xcf, 0xff, 0xe7, 0xff, 0xfc, 0x00, 0x00, 0x10, 0x00, 0x00, 0x00, 0x00,
    0x00, 0x00, 0x00, 0x00, 0x00, 0x00, 0x00, 0x40, 0x60, 0x00, 0x46, 0x7d, 0xcf, 0xff, 0xeb, 0xff, 0xff, 0xfe, 0x00, 0x00, 0x00, 0x00, 0x00, 0x00,
    0x00, 0x00, 0x00, 0x00, 0x00, 0x00, 0x00, 0x40, 0x60, 0x00, 0x46, 0x7c, 0xc7, 0xff, 0xeb, 0xff, 0xff, 0xff, 0xff, 0x80, 0x00, 0x00, 0x00, 0x00,
    0x00, 0x00, 0x00, 0x00, 0x00, 0x00, 0x00, 0x40, 0x60, 0x00, 0x06, 0x7c, 0xc7, 0xff, 0xf7, 0xff, 0xff, 0xfc, 0x7f, 0xf8, 0x00, 0x00, 0x00, 0x00,
    0x00, 0x00, 0x00, 0x00, 0x00, 0x00, 0x00, 0x40, 0x70, 0x00, 0x06, 0x7c, 0xc7, 0xff, 0xff, 0xff, 0xff, 0xfd, 0x7f, 0xf8, 0x00, 0x00, 0x00, 0x00,
    0x00, 0x00, 0x00, 0x00, 0x00, 0x00, 0x08, 0x10, 0x70, 0x00, 0x07, 0x39, 0xcf, 0xff, 0xff, 0xff, 0xff, 0xfc, 0x7f, 0xfc, 0x00, 0x00, 0x00, 0x00,
    0x00, 0x00, 0x00, 0x00, 0x00, 0x00, 0x08, 0x10, 0x70, 0x00, 0x07, 0x01, 0xcf, 0xff, 0xfc, 0x01, 0xff, 0xff, 0xff, 0xfc, 0x00, 0x00, 0x00, 0x00,
    0x00, 0x00, 0x00, 0x00, 0x00, 0x00, 0x08, 0x10, 0x70, 0x00, 0x03, 0xc7, 0x8f, 0xff, 0xfc, 0x00, 0x00, 0xff, 0xff, 0xfc, 0x00, 0x00, 0x00, 0x00,
    0x00, 0x00, 0x00, 0x00, 0x00, 0x00, 0x08, 0x10, 0x70, 0x00, 0x01, 0xff, 0x1f, 0xff, 0xfc, 0x00, 0x00, 0x00, 0x3f, 0xfe, 0x00, 0x00, 0x00, 0x00,
    0x00, 0x00, 0x00, 0x00, 0x00, 0x00, 0x08, 0x18, 0x70, 0x00, 0x00, 0xfe, 0x1f, 0xff, 0xfc, 0x00, 0x00, 0x00, 0x00, 0x1e, 0x00, 0x00, 0x00, 0x00,
    0x00, 0x00, 0x00, 0x00, 0x00, 0x00, 0x0c, 0x18, 0x30, 0x00, 0x00, 0x00, 0x07, 0xff, 0xfc, 0x00, 0x00, 0x00, 0x00, 0x00, 0x00, 0x00, 0x00, 0x00,
    0x00, 0x00, 0x00, 0x00, 0x00, 0x00, 0x0c, 0x18, 0x38, 0x00, 0x00, 0x00, 0x03, 0xff, 0xfc, 0x00, 0x00, 0x00, 0x00, 0x00, 0x00, 0x00, 0x00, 0x00,
    0x00, 0x00, 0x00, 0x00, 0x00, 0x00, 0x1c, 0x18, 0x38, 0x00, 0x40, 0x00, 0x01, 0xff, 0xfe, 0x00, 0x00, 0x00, 0x00, 0x00, 0x00, 0x00, 0x00, 0x00,
    0x00, 0x00, 0x00, 0x00, 0x00, 0x00, 0x1c, 0x18, 0x38, 0x00, 0x60, 0x18, 0x00, 0x7f, 0xff, 0xf0, 0x00, 0x00, 0x00, 0x00, 0x00, 0x00, 0x00, 0x00,
    0x00, 0x00, 0x00, 0x00, 0x00, 0x00, 0x1c, 0x38, 0x18, 0x00, 0x20, 0x1c, 0x00, 0x3f, 0xc7, 0xff, 0xe0, 0x00, 0x00, 0x00, 0x00, 0x00, 0x00, 0x00,
    0x00, 0x00, 0x00, 0x00, 0x00, 0x00, 0x3c, 0x38, 0x18, 0x00, 0x30, 0x0c, 0x00, 0x1f, 0xd7, 0xff, 0xff, 0x00, 0x00, 0x00, 0x00, 0x00, 0x00, 0x00,
    0x00, 0x00, 0x00, 0x00, 0x00, 0x00, 0x3c, 0x30, 0x1c, 0x00, 0x38, 0x0e, 0x00, 0x0f, 0xc7, 0xff, 0xff, 0xfc, 0x00, 0x00, 0x00, 0x00, 0x00, 0x00,
    0x00, 0x00, 0x00, 0x00, 0x00, 0x00, 0x7c, 0x30, 0x1c, 0x00, 0x1c, 0x06, 0x00, 0x03, 0xff, 0xff, 0xff, 0xff, 0xe0, 0x00, 0x00, 0x00, 0x00, 0x00,
    0x00, 0x00, 0x00, 0x00, 0x00, 0x00, 0x78, 0x70, 0x1c, 0x00, 0x0f, 0x07, 0x00, 0x00, 0x7f, 0xff, 0xff, 0xff, 0xff, 0x80, 0x00, 0x00, 0x00, 0x00,
    0x00, 0x00, 0x00, 0x00, 0x00, 0x00, 0xf8, 0x70, 0x0c, 0x00, 0x0f, 0x83, 0x00, 0x00, 0x01, 0xff, 0xff, 0xf8, 0xff, 0xfe, 0x00, 0x00, 0x00, 0x00,
    0x00, 0x00, 0x00, 0x00, 0x00, 0x01, 0xf8, 0xf0, 0x0e, 0x00, 0x0f, 0xc3, 0x80, 0x00, 0x00, 0x0f, 0xff, 0xfa, 0xff, 0xff, 0xf0, 0x00, 0x00, 0x00,
    0x00, 0x00, 0x00, 0x00, 0x00, 0x03, 0xf8, 0xe0, 0x0e, 0x00, 0x0f, 0xe1, 0x80, 0x00, 0x0c, 0x00, 0x3f, 0xf8, 0xff, 0xff, 0xf8, 0x00, 0x00, 0x00,
    0x00, 0x00, 0x00, 0x00, 0x00, 0x07, 0xf8, 0xe0, 0x0e, 0x00, 0x0f, 0xe1, 0x80, 0x00, 0x0f, 0xf0, 0x00, 0xff, 0xff, 0xff, 0xf8, 0x00, 0x00, 0x00,
    0x00, 0x00, 0x00, 0x00, 0x00, 0x0f, 0xf1, 0xe0, 0x0e, 0x00, 0x0f, 0xf0, 0xc6, 0x03, 0x1f, 0xff, 0x00, 0x07, 0xff, 0xff, 0xf0, 0x00, 0x00, 0x00,
    0x00, 0x00, 0x00, 0x00, 0x00, 0x3f, 0xf1, 0xc0, 0x0e, 0x00, 0x0f, 0xf8, 0xce, 0x03, 0x1f, 0xff, 0x06, 0x00, 0x1f, 0xff, 0xf0, 0x00, 0x00, 0x00,
    0x00, 0x00, 0x00, 0x03, 0x00, 0xfe, 0xf3, 0xc2, 0x0e, 0x00, 0x07, 0xf8, 0xc6, 0x03, 0x1f, 0xff, 0x07, 0xc0, 0x00, 0xff, 0xe0, 0x00, 0x00, 0x00,
    0x00, 0x00, 0x00, 0x01, 0xff, 0xfd, 0xe7, 0x82, 0x0e, 0x00, 0x0f, 0xf8, 0xc0, 0x03, 0x1f, 0xff, 0x0f, 0xc3, 0xc0, 0x0f, 0xc0, 0x00, 0x00, 0x00,
    0x00, 0x00, 0x00, 0x00, 0xff, 0xf1, 0xe7, 0x82, 0x0e, 0x00, 0x0f, 0xf8, 0xc0, 0x03, 0x1f, 0xff, 0x0f, 0xc3, 0xe0, 0x0f, 0xc0, 0x00, 0x00, 0x00,
    0x00, 0x00, 0x00, 0x00, 0x3f, 0xc3, 0xcf, 0x06, 0x0e, 0x00, 0x0f, 0xf8, 0xc0, 0x03, 0x1f, 0xfe, 0x0f, 0xc3, 0xe0, 0x0f, 0x80, 0x00, 0x00, 0x00,
    0x00, 0x00, 0x00, 0x00, 0x00, 0x03, 0xdf, 0x04, 0x0c, 0x00, 0x0f, 0xf8, 0xc0, 0x03, 0x1f, 0xfe, 0x0f, 0xc3, 0xe0, 0x1f, 0x80, 0x00, 0x00, 0x00,
    0x00, 0x00, 0x00, 0x00, 0x00, 0x07, 0xfe, 0x0c, 0x04, 0x00, 0x0f, 0xf8, 0xc0, 0x03, 0x1f, 0xfe, 0x0f, 0xc7, 0xc0, 0x1f, 0x80, 0x00, 0x00, 0x00,
    0x00, 0x00, 0x00, 0x00, 0x00, 0x0f, 0xfc, 0x1c, 0x00, 0x00, 0x0f, 0xf8, 0xc0, 0x03, 0x3f, 0xfe, 0x1f, 0x87, 0xc0, 0x3f, 0x00, 0x00, 0x00, 0x00,
    0x00, 0x00, 0x00, 0x00, 0x00, 0x1f, 0xf8, 0x18, 0x10, 0x00, 0x0f, 0xf8, 0xc0, 0x03, 0x3f, 0xfe, 0x1f, 0x87, 0xc0, 0x3f, 0x00, 0x00, 0x00, 0x00,
    0x00, 0x00, 0x00, 0x00, 0x00, 0x3f, 0xf0, 0x38, 0x3c, 0x00, 0x0f, 0xf8, 0xc0, 0x03, 0x3f, 0xfe, 0x1f, 0x87, 0xc0, 0x3e, 0x00, 0x00, 0x00, 0x00,
    0x00, 0x00, 0x00, 0x00, 0x00, 0xff, 0xe0, 0x70, 0x3f, 0x00, 0x0f, 0xf8, 0xc0, 0x03, 0x3f, 0xfe, 0x1f, 0x8f, 0x80, 0x7e, 0x00, 0x00, 0x00, 0x00,
    0x00, 0x00, 0x00, 0x00, 0x01, 0xff, 0xc0, 0xf0, 0x79, 0xe0, 0x0f, 0xf8, 0xc0, 0x03, 0x3f, 0xfe, 0x1f, 0x0f, 0x80, 0x7c, 0x00, 0x00, 0x00, 0x00,
    0x00, 0x00, 0x00, 0x00, 0x03, 0xff, 0x00, 0xe0, 0x70, 0x38, 0x0f, 0xf8, 0xc0, 0x03, 0x3f, 0xfc, 0x3f, 0x0f, 0x80, 0xfc, 0x00, 0x00, 0x00, 0x00,
    0x00, 0x00, 0x00, 0x00, 0x07, 0xfe, 0x01, 0xc0, 0xf3, 0x0e, 0x07, 0xf8, 0xc0, 0x03, 0x3f, 0xfc, 0x3f, 0x0f, 0x00, 0xf8, 0x00, 0x00, 0x00, 0x00,
    0x00, 0x00, 0x00, 0x00, 0x1f, 0xf8, 0x03, 0xc0, 0xe3, 0x03, 0xc1, 0xf8, 0xc0, 0x03, 0x3f, 0xfc, 0x3f, 0x1f, 0x00, 0xf8, 0x00, 0x00, 0x00, 0x00,
    0x00, 0x00, 0x00, 0x00, 0x3f, 0xf0, 0x07, 0x80, 0x70, 0x03, 0xf0, 0x78, 0xc0, 0x03, 0x3f, 0xfc, 0x3f, 0x1f, 0x01, 0xf8, 0x00, 0x00, 0x00, 0x00,
    0x00, 0x00, 0x00, 0x00, 0x7f, 0xc0, 0x07, 0x00, 0x1e, 0x03, 0xfc, 0x18, 0xc0, 0x01, 0x7f, 0xfc, 0x3f, 0x1f, 0x01, 0xf0, 0x00, 0x00, 0x00, 0x00,
    0x00, 0x00, 0x00, 0x00, 0xff, 0x00, 0x0e, 0x00, 0x07, 0x83, 0xff, 0x00, 0xc0, 0x01, 0x7f, 0xfc, 0x7e, 0x1e, 0x01, 0xf0, 0x00, 0x00, 0x00, 0x00,
    0x00, 0x00, 0x00, 0x00, 0xfe, 0x06, 0x0e, 0x00, 0x00, 0xe7, 0xff, 0xc0, 0xc0, 0x01, 0x7f, 0xfc, 0x7e, 0x3e, 0x03, 0xe0, 0x00, 0x00, 0x00, 0x00,
    0x00, 0x00, 0x00, 0x01, 0xf8, 0x06, 0x1c, 0x00, 0x00, 0x3f, 0xfc, 0xf8, 0xc0, 0x01, 0x7f, 0xf8, 0x7e, 0x3e, 0x03, 0xe0, 0x00, 0x00, 0x00, 0x00,
    0x00, 0x00, 0x00, 0x03, 0xf0, 0x0c, 0x1c, 0x00, 0x00, 0x0f, 0xfb, 0x78, 0xc0, 0x01, 0x7f, 0xfc, 0x7e, 0x3c, 0x03, 0xe0, 0x00, 0x00, 0x00, 0x00,
    0x00, 0x00, 0x00, 0x07, 0xe0, 0x1c, 0x18, 0x00, 0x00, 0x01, 0xfb, 0x78, 0xc0, 0x01, 0x7f, 0xfe, 0x7c, 0x7c, 0x07, 0xc0, 0x00, 0x00, 0x00, 0x00,
    0x00, 0x00, 0x00, 0x07, 0x80, 0x3c, 0x38, 0x00, 0x00, 0x00, 0x7c, 0xf8, 0xc0, 0x01, 0x7f, 0xff, 0xfc, 0x7c, 0x07, 0xc0, 0x00, 0x00, 0x00, 0x00,
    0x00, 0x00, 0x00, 0x0f, 0x01, 0x3c, 0x30, 0x40, 0x00, 0x00, 0x1f, 0xf8, 0xc0, 0x01, 0xff, 0xff, 0xfc, 0x78, 0x07, 0xc0, 0x00, 0x00, 0x00, 0x00,
    0x00, 0x00, 0x00, 0x0f, 0x02, 0x78, 0x30, 0xc0, 0x00, 0x00, 0x03, 0xf8, 0xc0, 0x01, 0xff, 0xff, 0xfc, 0x78, 0x0f, 0x80, 0x00, 0x00, 0x00, 0x00,
    0x00, 0x00, 0x00, 0x1e, 0x06, 0x78, 0x30, 0x80, 0x18, 0x00, 0x00, 0xf8, 0xce, 0x01, 0xff, 0xff, 0xfc, 0x78, 0x0f, 0x80, 0x00, 0x00, 0x00, 0x00,
    0x00, 0x00, 0x00, 0x1c, 0x0c, 0xfc, 0x30, 0x80, 0x3f, 0x00, 0x00, 0x3c, 0xce, 0x01, 0xff, 0xff, 0xfc, 0xf8, 0x0f, 0x80, 0x00, 0x00, 0x00, 0x00,
    0x00, 0x00, 0x00, 0x18, 0x0c, 0xfc, 0x31, 0x80, 0x3b, 0xe0, 0x00, 0x08, 0xc0, 0x01, 0xff, 0xff, 0xfc, 0xf0, 0x1f, 0x00, 0x00, 0x00, 0x00, 0x00,
    0x00, 0x00, 0x00, 0x38, 0x1c, 0xfc, 0x31, 0x80, 0x38, 0x3c, 0x00, 0x00, 0xc0, 0x01, 0xff, 0xff, 0xff, 0xf0, 0x1f, 0x00, 0x00, 0x00, 0x00, 0x00,
    0x00, 0x00, 0x00, 0x30, 0x3c, 0xfc, 0x31, 0x80, 0x30, 0x0f, 0x00, 0x00, 0xf0, 0x01, 0xff, 0xff, 0xff, 0xf0, 0x1f, 0x00, 0x00, 0x00, 0x00, 0x00,
    0x00, 0x00, 0x00, 0x20, 0x3c, 0xfc, 0x31, 0x80, 0x00, 0x01, 0x00, 0x00, 0x7c, 0x01, 0xff, 0xff, 0xff, 0xf0, 0x1f, 0x00, 0x00, 0x00, 0x00, 0x00,
    0x00, 0x00, 0x00, 0x20, 0x7c, 0xfc, 0x11, 0x80, 0x00, 0x00, 0x10, 0x00, 0x1f, 0x80, 0x7f, 0xff, 0xff, 0xe0, 0x3e, 0x00, 0x00, 0x00, 0x00, 0x00,
    0x00, 0x00, 0x00, 0x00, 0x78, 0xfe, 0x11, 0xc1, 0xc0, 0x00, 0x1c, 0x00, 0x03, 0xe0, 0x3f, 0xff, 0xff, 0xe0, 0x3e, 0x00, 0x00, 0x00, 0x00, 0x00,
    0x00, 0x00, 0x00, 0x00, 0x78, 0xfe, 0x01, 0xc3, 0xfc, 0x00, 0x1f, 0x00, 0x00, 0xf8, 0x1f, 0xff, 0xff, 0xf8, 0x3e, 0x00, 0x00, 0x00, 0x00, 0x00,
    0x00, 0x00, 0x00, 0x00, 0xf8, 0xff, 0x01, 0xc3, 0x0f, 0x80, 0x1d, 0xc0, 0x00, 0x3e, 0x0f, 0xff, 0xff, 0xfc, 0x7c, 0x00, 0x00, 0x00, 0x00, 0x00,
    0x00, 0x00, 0x00, 0x00, 0xfc, 0xff, 0x01, 0xe0, 0x01, 0xf0, 0x1c, 0xf0, 0x00, 0x0f, 0x87, 0xff, 0xff, 0xfc, 0x7c, 0x00, 0x00, 0x00, 0x00, 0x00,
    0x00, 0x00, 0x00, 0x00, 0xec, 0xff, 0x80, 0xf0, 0x00, 0x3c, 0x06, 0xfc, 0x00, 0x03, 0xe1, 0xff, 0xff, 0xfe, 0x7c, 0x00, 0x00, 0x00, 0x00, 0x00,
    0x00, 0x00, 0x00, 0x00, 0xec, 0x7f, 0xc0, 0xf0, 0x60, 0x18, 0x83, 0xff, 0x00, 0x00, 0xf8, 0xff, 0xff, 0xfc, 0x7c, 0x00, 0x00, 0x00, 0x00, 0x00,
    0x00, 0x00, 0x00, 0x00, 0xec, 0x7f, 0xe0, 0x78, 0x20, 0x31, 0xe0, 0xff, 0xc0, 0x00, 0x3e, 0x3f, 0xff, 0xfc, 0xf8, 0x00, 0x00, 0x00, 0x00, 0x00,
    0x00, 0x00, 0x00, 0x01, 0xec, 0x3f, 0xf0, 0x7e, 0x00, 0x73, 0xf8, 0x3f, 0xe0, 0x00, 0x0f, 0x9f, 0xff, 0xfc, 0xf8, 0x00, 0x00, 0x00, 0x00, 0x00,
    0x00, 0x00, 0x00, 0x01, 0xc6, 0x3f, 0xfc, 0x3f, 0x00, 0x63, 0xfe, 0x0f, 0xf8, 0x00, 0x01, 0xf7, 0xff, 0xfc, 0xf8, 0x00, 0x00, 0x00, 0x00, 0x00,
    0x00, 0x00, 0x00, 0x01, 0xc2, 0x1f, 0xfe, 0x1f, 0x80, 0x07, 0xff, 0x87, 0xfc, 0x00, 0x00, 0x7f, 0xff, 0xf8, 0xf8, 0x00, 0x00, 0x00, 0x00, 0x00,
    0x00, 0x00, 0x00, 0x01, 0xc3, 0x0f, 0xff, 0x8f, 0xe0, 0x03, 0xff, 0xe1, 0xfe, 0x00, 0x00, 0x1f, 0xff, 0xf9, 0xf0, 0x00, 0x00, 0x00, 0x00, 0x00,
    0x00, 0x00, 0x00, 0x00, 0xc1, 0x0f, 0xff, 0xf3, 0xfc, 0x00, 0x3f, 0xf8, 0x7f, 0x00, 0x00, 0x07, 0xff, 0xf9, 0xb0, 0x00, 0x00, 0x00, 0x00, 0x00,
    0x00, 0x00, 0x00, 0x00, 0xe0, 0x87, 0xff, 0xff, 0xff, 0xc0, 0x0f, 0xfc, 0x1f, 0xc0, 0x00, 0x01, 0xff, 0xf9, 0x50, 0x00, 0x00, 0x00, 0x00, 0x00,
    0x00, 0x00, 0x00, 0x00, 0xe0, 0x01, 0xff, 0xff, 0xff, 0xfc, 0x03, 0xff, 0x07, 0xe0, 0x00, 0x00, 0x7f, 0xf1, 0x10, 0x00, 0x00, 0x00, 0x00, 0x00,
    0x00, 0x00, 0x00, 0x00, 0xe0, 0x00, 0xff, 0xff, 0xff, 0xff, 0x80, 0xff, 0x83, 0xf0, 0x00, 0x00, 0x0f, 0xf1, 0x90, 0x00, 0x00, 0x00, 0x00, 0x00,
    0x00, 0x00, 0x00, 0x00, 0xe0, 0x00, 0x7f, 0xff, 0xff, 0xff, 0xf0, 0x7f, 0xe0, 0xfc, 0x00, 0x00, 0x03, 0xf3, 0xe0, 0x00, 0x00, 0x00, 0x00, 0x00,
    0x00, 0x00, 0x00, 0x00, 0x60, 0x00, 0x1f, 0xff, 0xff, 0x80, 0xf8, 0x3f, 0xf8, 0x3e, 0x00, 0x00, 0x00, 0xf3, 0xe0, 0x00, 0x00, 0x00, 0x00, 0x00,
    0x00, 0x00, 0x00, 0x00, 0x70, 0x00, 0x03, 0xff, 0xff, 0xf0, 0x04, 0x3f, 0xfc, 0x1f, 0x00, 0x00, 0x00, 0x23, 0xe0, 0x00, 0x00, 0x00, 0x00, 0x00,
    0x00, 0x00, 0x00, 0x00, 0x70, 0x20, 0x00, 0x3f, 0xff, 0xfc, 0x00, 0x1f, 0xff, 0x07, 0xc0, 0x00, 0x00, 0x03, 0xe0, 0x00, 0x00, 0x00, 0x00, 0x00,
    0x00, 0x00, 0x00, 0x00, 0x30, 0x10, 0x00, 0x00, 0x3f, 0xff, 0x00, 0x0f, 0xff, 0xc1, 0xe0, 0x00, 0x00, 0x03, 0xe0, 0x00, 0x00, 0x00, 0x00, 0x00,
    0x00, 0x00, 0x00, 0x00, 0x38, 0x0c, 0x00, 0x00, 0x00, 0xff, 0x80, 0x0f, 0xff, 0xf0, 0x78, 0x00, 0x00, 0x00, 0x60, 0x00, 0x00, 0x00, 0x00, 0x00,
    0x00, 0x00, 0x00, 0x00, 0x18, 0x06, 0x00, 0x00, 0x00, 0x1f, 0xc1, 0x0f, 0xff, 0xfc, 0x1e, 0x00, 0x00, 0x00, 0x00, 0x00, 0x00, 0x00, 0x00, 0x00,
    0x00, 0x00, 0x00, 0x00, 0x0c, 0x03, 0x80, 0x00, 0x00, 0x07, 0xf0, 0xc7, 0xff, 0xff, 0x07, 0x00, 0x00, 0x00, 0x00, 0x00, 0x00, 0x00, 0x00, 0x00,
    0x00, 0x00, 0x00, 0x00, 0x0e, 0x01, 0xf0, 0x03, 0xff, 0xe1, 0xf8, 0xe7, 0xff, 0xff, 0xc0, 0xc0, 0x00, 0x00, 0x00, 0x00, 0x00, 0x00, 0x00, 0x00,
    0x00, 0x00, 0x00, 0x00, 0x07, 0x00, 0xfe, 0x00, 0x3f, 0xfc, 0x78, 0x77, 0xff, 0xff, 0xf0, 0x00, 0x00, 0x00, 0x00, 0x00, 0x00, 0x00, 0x00, 0x00,
    0x00, 0x00, 0x00, 0x00, 0x03, 0x00, 0x7f, 0xf0, 0x07, 0xff, 0xbc, 0x3f, 0xff, 0xff, 0xfc, 0x00, 0x00, 0x00, 0x00, 0x00, 0x00, 0x00, 0x00, 0x00,
    0x00, 0x00, 0x00, 0x00, 0x01, 0x80, 0x0f, 0xff, 0x00, 0xff, 0xde, 0x0f, 0xff, 0xff, 0xff, 0x80, 0x00, 0x00, 0x00, 0x00, 0x00, 0x00, 0x00, 0x00,
    0x00, 0x00, 0x00, 0x00, 0x00, 0x40, 0x00, 0xff, 0xe0, 0x3f, 0xfe, 0x07, 0xfc, 0xff, 0xff, 0xf0, 0x60, 0x00, 0x00, 0x00, 0x00, 0x00, 0x00, 0x00,
    0x00, 0x00, 0x00, 0x00, 0x00, 0x30, 0x00, 0x00, 0x00, 0x0f, 0xff, 0x03, 0xfb, 0x7f, 0xff, 0xff, 0xe0, 0x00, 0x00, 0x00, 0x00, 0x00, 0x00, 0x00,
    0x00, 0x00, 0x00, 0x00, 0x00, 0x10, 0x00, 0x00, 0x00, 0x07, 0xff, 0x01, 0xfb, 0x7f, 0xff, 0xff, 0xf0, 0x00, 0x00, 0x00, 0x00, 0x00, 0x00, 0x00,
    0x00, 0x00, 0x00, 0x00, 0x00, 0x00, 0x00, 0x00, 0x00, 0x03, 0xbf, 0x80, 0x7c, 0xff, 0xff, 0xff, 0xf0, 0x00, 0x00, 0x00, 0x00, 0x00, 0x00, 0x00,
    0x00, 0x00, 0x00, 0x00, 0x00, 0x00, 0x00, 0x00, 0x00, 0x01, 0xdf, 0x80, 0x3f, 0xff, 0xff, 0xff, 0xf8, 0x00, 0x00, 0x00, 0x00, 0x00, 0x00, 0x00,
    0x00, 0x00, 0x00, 0x00, 0x00, 0x00, 0x00, 0x00, 0x00, 0x00, 0xcf, 0x80, 0x1f, 0xff, 0xff, 0xff, 0xf8, 0x00, 0x00, 0x00, 0x00, 0x00, 0x00, 0x00,
    0x00, 0x00, 0x00, 0x00, 0x00, 0x00, 0x00, 0x00, 0x01, 0x80, 0x6f, 0x80, 0x0f, 0xff, 0xff, 0xff, 0xfc, 0x00, 0x00, 0x00, 0x00, 0x00, 0x00, 0x00,
    0x00, 0x00, 0x00, 0x00, 0x00, 0x00, 0x00, 0x00, 0x00, 0xe0, 0x67, 0xc0, 0x03, 0xff, 0xff, 0xff, 0xfc, 0x00, 0x00, 0x00, 0x00, 0x00, 0x00, 0x00,
    0x00, 0x00, 0x00, 0x00, 0x00, 0x00, 0x00, 0x00, 0x00, 0x70, 0x27, 0xc0, 0x01, 0xff, 0xff, 0xff, 0xfc, 0x00, 0x00, 0x00, 0x00, 0x00, 0x00, 0x00,
    0x00, 0x00, 0x00, 0x00, 0x00, 0x00, 0x00, 0x00, 0x00, 0x38, 0x33, 0xc0, 0x00, 0x7f, 0xfe, 0xff, 0xfe, 0x00, 0x00, 0x00, 0x00, 0x00, 0x00, 0x00,
    0x00, 0x00, 0x00, 0x00, 0x00, 0x00, 0x00, 0x00, 0x00, 0x1c, 0x33, 0xc0, 0x00, 0x3f, 0xfc, 0x7f, 0xfe, 0x00, 0x00, 0x00, 0x00, 0x00, 0x00, 0x00,
    0x00, 0x00, 0x00, 0x00, 0x00, 0x00, 0x00, 0x00, 0x00, 0x1c, 0x13, 0xc0, 0x00, 0x0f, 0xfb, 0x7f, 0xff, 0x00, 0x00, 0x00, 0x00, 0x00, 0x00, 0x00,
    0x00, 0x00, 0x00, 0x00, 0x00, 0x00, 0x00, 0x00, 0x00, 0x0e, 0x03, 0xc0, 0x00, 0x07, 0xfc, 0x7f, 0xff, 0x00, 0x00, 0x00, 0x00, 0x00, 0x00, 0x00,
    0x00, 0x00, 0x00, 0x00, 0x00, 0x00, 0x00, 0x00, 0x00, 0x0e, 0x03, 0x80, 0x00, 0x01, 0xfe, 0xff, 0xe7, 0x80, 0x00, 0x00, 0x00, 0x00, 0x00, 0x00,
    0x00, 0x00, 0x00, 0x00, 0x00, 0x00, 0x00, 0x00, 0x00, 0x0f, 0x03, 0x80, 0x00, 0x00, 0x7f, 0xff, 0xcb, 0x80, 0x00, 0x00, 0x00, 0x00, 0x00, 0x00,
    0x00, 0x00, 0x00, 0x00, 0x00, 0x00, 0x00, 0x00, 0x00, 0x0f, 0x03, 0x80, 0x00, 0x00, 0x1f, 0xff, 0xdb, 0xc0, 0x00, 0x00, 0x00, 0x00, 0x00, 0x00,
    0x00, 0x00, 0x00, 0x00, 0x00, 0x00, 0x00, 0x00, 0x00, 0x0f, 0x03, 0x00, 0x00, 0x00, 0x07, 0xff, 0xe3, 0xc0, 0x00, 0x00, 0x00, 0x00, 0x00, 0x00,
    0x00, 0x00, 0x00, 0x00, 0x00, 0x00, 0x00, 0x00, 0x00, 0x0f, 0x03, 0x00, 0x00, 0x00, 0x01, 0xff, 0xff, 0xc0, 0x00, 0x00, 0x00, 0x00, 0x00, 0x00,
    0x00, 0x00, 0x00, 0x00, 0x00, 0x00, 0x00, 0x00, 0x00, 0x0f, 0x06, 0x00, 0x00, 0x00, 0x00, 0x3f, 0xff, 0xe0, 0x00, 0x00, 0x00, 0x00, 0x00, 0x00,
    0x00, 0x00, 0x00, 0x00, 0x00, 0x00, 0x00, 0x00, 0x00, 0x1f, 0x06, 0x00, 0x00, 0x00, 0x00, 0x07, 0xff, 0xe0, 0x00, 0x00, 0x00, 0x00, 0x00, 0x00,
    0x00, 0x00, 0x00, 0x00, 0x00, 0x00, 0x00, 0x00, 0x00, 0x1e, 0x04, 0x00, 0x00, 0x00, 0x00, 0x00, 0x7f, 0xf0, 0x00, 0x00, 0x00, 0x00, 0x00, 0x00,
    0x00, 0x00, 0x00, 0x00, 0x00, 0x00, 0x00, 0x00, 0x00, 0x3e, 0x08, 0x00, 0x00, 0x00, 0x00, 0x00, 0x03, 0xf0, 0x00, 0x00, 0x00, 0x00, 0x00, 0x00,
    0x00, 0x00, 0x00, 0x00, 0x00, 0x00, 0x00, 0x00, 0x00, 0x7c, 0x10, 0x00, 0x00, 0x00, 0x00, 0x00, 0x00, 0x00, 0x00, 0x00, 0x00, 0x00, 0x00, 0x00,
    0x00, 0x00, 0x00, 0x00, 0x00, 0x00, 0x00, 0x00, 0x01, 0xf8, 0x00, 0x00, 0x00, 0x00, 0x00, 0x00, 0x00, 0x00, 0x00, 0x00, 0x00, 0x00, 0x00, 0x00,
    0x00, 0x00, 0x00, 0x00, 0x00, 0x00, 0x00, 0x00, 0x7f, 0xf0, 0x00, 0x00, 0x00, 0x00, 0x00, 0x00, 0x00, 0x00, 0x00, 0x00, 0x00, 0x00, 0x00, 0x00,
    0x00, 0x00, 0x00, 0x00, 0x00, 0x00, 0x00, 0x00, 0x1f, 0xe0, 0x00, 0x00, 0x00, 0x00, 0x00, 0x00, 0x00, 0x00, 0x00, 0x00, 0x00, 0x00, 0x00, 0x00,
    0x00, 0x00, 0x00, 0x00, 0x00, 0x00, 0x00, 0x00, 0x00, 0x00, 0x00, 0x00, 0x00, 0x00, 0x00, 0x00, 0x00, 0x00, 0x00, 0x00, 0x00, 0x00, 0x00, 0x00,
    0x00, 0x00, 0x00, 0x00, 0x00, 0x00, 0x00, 0x00, 0x00, 0x00, 0x00, 0x00, 0x00, 0x00, 0x00, 0x00, 0x00, 0x00, 0x00, 0x00, 0x00, 0x00, 0x00, 0x00,
    0x00, 0x00, 0x00, 0x00, 0x00, 0x00, 0x00, 0x00, 0x00, 0x00, 0x00, 0x00, 0x00, 0x00, 0x00, 0x00, 0x00, 0x00, 0x00, 0x00, 0x00, 0x00, 0x00, 0x00,
    0x00, 0x00, 0x00, 0x00, 0x00, 0x00, 0x00, 0x00, 0x00, 0x00, 0x00, 0x00, 0x00, 0x00, 0x00, 0x00, 0x00, 0x00, 0x00, 0x00, 0x00, 0x00, 0x00, 0x00,
    0x00, 0x00, 0x00, 0x00, 0x00, 0x00, 0x00, 0x00, 0x00, 0x00, 0x00, 0x00, 0x00, 0x00, 0x00, 0x00, 0x00, 0x00, 0x00, 0x00, 0x00, 0x00, 0x00, 0x00,
};
const uint8_t kBlink192[4608] = {
    0x00, 0x00, 0x00, 0x00, 0x00, 0x00, 0x00, 0x00, 0x00, 0x00, 0x00, 0x00, 0x00, 0x00, 0x00, 0x00, 0x00, 0x00, 0x00, 0x00, 0x00, 0x00, 0x00, 0x00,
    0x00, 0x00, 0x00, 0x00, 0x00, 0x00, 0x00, 0x00, 0x00, 0x00, 0x00, 0x00, 0x00, 0x00, 0x00, 0x00, 0x00, 0x00, 0x00, 0x00, 0x00, 0x00, 0x00, 0x00,
    0x00, 0x00, 0x00, 0x00, 0x00, 0x00, 0x00, 0x00, 0x00, 0x00, 0x00, 0x00, 0x00, 0x00, 0x00, 0x00, 0x00, 0x00, 0x00, 0x00, 0x00, 0x00, 0x00, 0x00,
    0x00, 0x00, 0x00, 0x00, 0x00, 0x00, 0x00, 0x00, 0x00, 0x00, 0x00, 0x00, 0x00, 0x00, 0x00, 0x00, 0x00, 0x00, 0x00, 0x00, 0x00, 0x00, 0x00, 0x00,
    0x00, 0x00, 0x00, 0x00, 0x00, 0x00, 0x00, 0x00, 0x00, 0x00, 0x00, 0x03, 0x80, 0x00, 0x00, 0x00, 0x00, 0x00, 0x00, 0x00, 0x00, 0x00, 0x00, 0x00,
    0x00, 0x00, 0x00, 0x00, 0x00, 0x00, 0x00, 0x00, 0x00, 0x00, 0x01, 0x1f, 0xe0, 0x00, 0x00, 0x00, 0x00, 0x00, 0x00, 0x00, 0x00, 0x00, 0x00, 0x00,
    0x00, 0x00, 0x00, 0x00, 0x00, 0x00, 0x00, 0x00, 0x00, 0x00, 0x03, 0x3e, 0x00, 0x00, 0x00, 0x00, 0x00, 0x00, 0x00, 0x00, 0x00, 0x00, 0x00, 0x00,
    0x00, 0x00, 0x00, 0x00, 0x00, 0x00, 0x00, 0x00, 0x00, 0x00, 0x0f, 0x38, 0x00, 0x00, 0x00, 0x00, 0x00, 0x00, 0x00, 0x00, 0x00, 0x00, 0x00, 0x00,
    0x00, 0x00, 0x00, 0x00, 0x00, 0x00, 0x00, 0x00, 0x00, 0x00, 0xff, 0x10, 0x00, 0x00, 0x00, 0x00, 0x00, 0x00, 0x00, 0x00, 0x00, 0x00, 0x00, 0x00,
    0x00, 0x00, 0x00, 0x00, 0x00, 0x00, 0x00, 0x00, 0x00, 0x07, 0xef, 0x80, 0x00, 0x00, 0x00, 0x00, 0x0f, 0x00, 0x00, 0x00, 0x00, 0x00, 0x00, 0x00,
    0x00, 0x00, 0x00, 0x00, 0x00, 0x00, 0x00, 0x00, 0x00, 0x1f, 0x9f, 0xe0, 0x00, 0x00, 0x00, 0x3f, 0xc8, 0x00, 0x00, 0x00, 0x00, 0x00, 0x00, 0x00,
    0x00, 0x00, 0x00, 0x00, 0x00, 0x00, 0x00, 0x00, 0x00, 0x7e, 0x7d, 0xc0, 0x00, 0x00, 0x03, 0xff, 0xc0, 0x00, 0x00, 0x00, 0x00, 0x00, 0x00, 0x00,
    0x00, 0x00, 0x00, 0x00, 0x00, 0x00, 0x00, 0x00, 0x03, 0xf9, 0xf3, 0x80, 0x00, 0x00, 0x3f, 0x1f, 0xc0, 0x00, 0x00, 0x00, 0x00, 0x00, 0x00, 0x00,
    0x00, 0x00, 0x00, 0x00, 0x00, 0x00, 0x00, 0x00, 0x07, 0xf3, 0xc7, 0x00, 0x00, 0x00, 0xf8, 0x7f, 0x80, 0x00, 0x00, 0x00, 0x00, 0x00, 0x00, 0x00,
    0x00, 0x00, 0x00, 0x00, 0x00, 0x00, 0x00, 0x00, 0x1f, 0xcf, 0x06, 0x00, 0x00, 0x03, 0xc1, 0xe6, 0x00, 0x00, 0x00, 0x00, 0x00, 0x00, 0x00, 0x00,
    0x00, 0x00, 0x00, 0x00, 0x00, 0x00, 0x00, 0x00, 0x7f, 0x9e, 0x0e, 0x00, 0x00, 0x0e, 0x07, 0x8c, 0x00, 0x00, 0x00, 0x00, 0x00, 0x00, 0x00, 0x00,
    0x00, 0x00, 0x00, 0x00, 0x00, 0x00, 0x00, 0x00, 0xfe, 0x78, 0x1c, 0x00, 0x00, 0x30, 0x1e, 0x18, 0x00, 0x00, 0x00, 0x00, 0x00, 0x00, 0x00, 0x00,
    0x00, 0x00, 0x00, 0x00, 0x00, 0x00, 0x00, 0x03, 0xfc, 0xf0, 0x1c, 0x00, 0x00, 0xc0, 0x38, 0x30, 0x00, 0x00, 0x00, 0x00, 0x00, 0x00, 0x00, 0x00,
    0x00, 0x00, 0x00, 0x00, 0x00, 0x00, 0x00, 0x07, 0xf9, 0xc0, 0x38, 0x00, 0x03, 0x00, 0xe0, 0x30, 0x00, 0x00, 0x00, 0x00, 0x00, 0x00, 0x00, 0x00,
    0x00, 0x00, 0x00, 0x00, 0x00, 0x00, 0x00, 0x0f, 0xf3, 0x80, 0x38, 0x00, 0x04, 0x01, 0x80, 0x60, 0x00, 0x00, 0x00, 0x00, 0x00, 0x00, 0x00, 0x00,
    0x00, 0x00, 0x00, 0x00, 0x00, 0x00, 0x00, 0x3f, 0xef, 0x00, 0x38, 0x00, 0x08, 0x03, 0x00, 0xc0, 0x00, 0x00, 0x00, 0x00, 0x00, 0x00, 0x00, 0x00,
    0x00, 0x00, 0x00, 0x00, 0x00, 0x00, 0x00, 0x7f, 0xde, 0x00, 0x70, 0x00, 0x00, 0x0c, 0x00, 0xc0, 0x00, 0x00, 0x00, 0x00, 0x00, 0x00, 0x00, 0x00,
    0x00, 0x00, 0x00, 0x00, 0x00, 0x00, 0x00, 0xff, 0xbc, 0x00, 0x70, 0x00, 0x00, 0x18, 0x00, 0x80, 0x00, 0x00, 0x00, 0x00, 0x00, 0x00, 0x00, 0x00,
    0x00, 0x00, 0x00, 0x00, 0x00, 0x00, 0x01, 0xff, 0x78, 0x00, 0x70, 0x00, 0x00, 0x00, 0x01, 0x80, 0x00, 0x00, 0x00, 0x00, 0x00, 0x00, 0x00, 0x00,
    0x00, 0x00, 0x00, 0x00, 0x00, 0x00, 0x03, 0xfe, 0xf0, 0x10, 0x70, 0x00, 0x00, 0x00, 0x01, 0x80, 0x00, 0x00, 0x00, 0x00, 0x00, 0x00, 0x00, 0x00,
    0x00, 0x00, 0x00, 0x00, 0x00, 0x00, 0x07, 0xfd, 0xe0, 0x20, 0x70, 0x00, 0x00, 0x00, 0x01, 0x00, 0x00, 0x00, 0x00, 0x00, 0x00, 0x00, 0x00, 0x00,
    0x00, 0x00, 0x00, 0x00, 0x00, 0x00, 0x0f, 0xfb, 0xc0, 0x20, 0xf0, 0x00, 0x00, 0x00, 0x00, 0x00, 0x00, 0x00, 0x00, 0x00, 0x00, 0x00, 0x00, 0x00,
    0x00, 0x00, 0x00, 0x00, 0x00, 0x00, 0x1f, 0xff, 0x80, 0x40, 0xf0, 0x00, 0x00, 0x20, 0x00, 0x00, 0x00, 0x00, 0x00, 0x00, 0x00, 0x00, 0x00, 0x00,
    0x00, 0x00, 0x00, 0x00, 0x00, 0x00, 0x3f, 0xff, 0x00, 0x80, 0xf0, 0x00, 0x00, 0x3e, 0x0e, 0x00, 0x00, 0x00, 0x00, 0x00, 0x00, 0x00, 0x00, 0x00,
    0x00, 0x00, 0x00, 0x00, 0x00, 0x00, 0x7f, 0xfe, 0x01, 0x80, 0xf0, 0x00, 0x00, 0x0f, 0x87, 0x00, 0x00, 0x00, 0x00, 0x00, 0x00, 0x00, 0x00, 0x00,
    0x00, 0x00, 0x00, 0x00, 0x00, 0x00, 0x7f, 0xfc, 0x01, 0x00, 0xf0, 0x00, 0x7f, 0x8f, 0xe7, 0xc0, 0x00, 0x00, 0x00, 0x00, 0x00, 0x00, 0x00, 0x00,
    0x00, 0x00, 0x00, 0x00, 0x00, 0x00, 0xff, 0xfc, 0x03, 0x00, 0xf0, 0x00, 0x3f, 0xff, 0xfb, 0xe0, 0x00, 0x00, 0x00, 0x00, 0x00, 0x00, 0x00, 0x00,
    0x00, 0x00, 0x00, 0x00, 0x00, 0x01, 0xff, 0xf8, 0x06, 0x00, 0xf0, 0x00, 0x1f, 0xff, 0xff, 0xf0, 0x00, 0x00, 0x00, 0x00, 0x00, 0x00, 0x00, 0x00,
    0x00, 0x00, 0x00, 0x00, 0x00, 0x03, 0xff, 0xf0, 0x04, 0x00, 0xf8, 0x00, 0x1e, 0x1f, 0xff, 0xfc, 0x80, 0x00, 0x00, 0x00, 0x00, 0x00, 0x00, 0x00,
    0x00, 0x00, 0x00, 0x00, 0x00, 0x03, 0xbf, 0xf0, 0x0c, 0x00, 0xf8, 0x07, 0xf0, 0xff, 0xff, 0xfe, 0xc0, 0x00, 0x00, 0x00, 0x00, 0x00, 0x00, 0x00,
    0x00, 0x00, 0x00, 0x00, 0x00, 0x07, 0x7f, 0xe0, 0x08, 0x00, 0xfc, 0x3f, 0xc7, 0xff, 0xff, 0xff, 0xe0, 0x00, 0x00, 0x00, 0x00, 0x00, 0x00, 0x00,
    0x00, 0x00, 0x00, 0x00, 0x00, 0x0e, 0xff, 0xc0, 0x18, 0x00, 0xfc, 0x0f, 0x0f, 0xff, 0xff, 0xff, 0xf0, 0x00, 0x00, 0x00, 0x00, 0x00, 0x00, 0x00,
    0x00, 0x00, 0x00, 0x00, 0x00, 0x0c, 0xff, 0xc0, 0x30, 0x00, 0xfe, 0x04, 0x3f, 0xff, 0xff, 0xff, 0xf8, 0x00, 0x00, 0x00, 0x00, 0x00, 0x00, 0x00,
    0x00, 0x00, 0x00, 0x00, 0x00, 0x1d, 0xff, 0x80, 0x30, 0x01, 0xfe, 0x00, 0xfe, 0x7f, 0xff, 0xff, 0xfc, 0x40, 0x00, 0x00, 0x00, 0x00, 0x00, 0x00,
    0x00, 0x00, 0x00, 0x00, 0x00, 0x3b, 0xff, 0x00, 0x60, 0x20, 0xff, 0x01, 0xfc, 0xff, 0xf8, 0x7f, 0xfe, 0x40, 0x00, 0x00, 0x00, 0x00, 0x00, 0x00,
    0x00, 0x00, 0x00, 0x00, 0x00, 0x33, 0xff, 0x00, 0x60, 0x20, 0x3f, 0x83, 0xf1, 0xff, 0xc0, 0x07, 0xfe, 0x60, 0x00, 0x00, 0x00, 0x00, 0x00, 0x00,
    0x00, 0x00, 0x00, 0x00, 0x00, 0x77, 0xfe, 0x00, 0xc0, 0x20, 0x1f, 0xc1, 0xe1, 0xff, 0x00, 0x01, 0xfe, 0x70, 0x00, 0x00, 0x00, 0x00, 0x00, 0x00,
    0x00, 0x00, 0x00, 0x00, 0x00, 0x67, 0xfe, 0x08, 0xc0, 0x60, 0x07, 0xe0, 0x03, 0xfe, 0x00, 0x00, 0x7e, 0x38, 0x10, 0x00, 0x00, 0x00, 0x00, 0x00,
    0x00, 0x00, 0x00, 0x00, 0x00, 0xcf, 0xfc, 0x08, 0xc0, 0x60, 0x03, 0xf8, 0x03, 0xfe, 0x00, 0x00, 0x27, 0x38, 0x18, 0x00, 0x00, 0x00, 0x00, 0x00,
    0x00, 0x00, 0x00, 0x00, 0x00, 0xcf, 0xfc, 0x11, 0x88, 0x60, 0x01, 0xfe, 0x03, 0xfc, 0x0f, 0xe0, 0x07, 0x1c, 0x08, 0x00, 0x00, 0x00, 0x00, 0x00,
    0x00, 0x00, 0x00, 0x00, 0x01, 0x9f, 0xf8, 0x31, 0x9c, 0x40, 0x00, 0xff, 0x81, 0xfc, 0x1f, 0xf8, 0x03, 0x9e, 0x0c, 0x00, 0x00, 0x00, 0x00, 0x00,
    0x00, 0x00, 0x00, 0x00, 0x01, 0x9f, 0xb8, 0x23, 0x3c, 0x40, 0x00, 0x7f, 0xe0, 0xfc, 0x3f, 0xfe, 0x01, 0x8f, 0x06, 0x00, 0x00, 0x00, 0x00, 0x00,
    0x00, 0x00, 0x00, 0x00, 0x03, 0x3f, 0xf0, 0x63, 0x3c, 0x40, 0x00, 0x3f, 0xfc, 0x7c, 0x3f, 0xff, 0x80, 0x47, 0x82, 0x00, 0x00, 0x00, 0x00, 0x00,
    0x00, 0x00, 0x00, 0x00, 0x03, 0x3f, 0x70, 0x63, 0x7c, 0x40, 0x00, 0x1f, 0xfe, 0x3c, 0x3f, 0xff, 0xc0, 0x07, 0xd8, 0x00, 0x00, 0x00, 0x00, 0x00,
    0x00, 0x00, 0x00, 0x00, 0x02, 0x7f, 0x60, 0xc6, 0x7c, 0xc0, 0x00, 0x0f, 0xff, 0x3e, 0x3f, 0xff, 0xe0, 0x03, 0xec, 0x00, 0x00, 0x00, 0x00, 0x00,
    0x00, 0x00, 0x00, 0x00, 0x06, 0x7e, 0xe0, 0xc6, 0xfc, 0xc3, 0x00, 0x07, 0x7f, 0x9e, 0x1f, 0xff, 0xf0, 0x81, 0xfe, 0x00, 0x00, 0x00, 0x00, 0x00,
    0x00, 0x00, 0x00, 0x00, 0x04, 0x7e, 0xc1, 0xc6, 0xfc, 0xc7, 0xc0, 0x03, 0x3f, 0xdf, 0x0f, 0xff, 0xf8, 0x61, 0xff, 0x80, 0x00, 0x00, 0x00, 0x00,
    0x00, 0x00, 0x00, 0x00, 0x04, 0xfc, 0xc1, 0xcd, 0xfc, 0xcf, 0xe0, 0x01, 0x9f, 0xdf, 0x8f, 0xff, 0xfc, 0x3c, 0xff, 0xc0, 0x00, 0x00, 0x00, 0x00,
    0x00, 0x00, 0x00, 0x00, 0x08, 0xfd, 0xc3, 0x8d, 0xfc, 0xcf, 0xf8, 0x00, 0x8f, 0xdf, 0xc7, 0xff, 0xfc, 0x1e, 0xdf, 0xc0, 0x00, 0x00, 0x00, 0x00,
    0x00, 0x00, 0x00, 0x00, 0x08, 0xfd, 0x83, 0x8f, 0xfc, 0xdf, 0xfc, 0x00, 0xcf, 0xff, 0xe7, 0xff, 0xe6, 0x0f, 0xe7, 0xe0, 0x00, 0x00, 0x00, 0x00,
    0x00, 0x00, 0x00, 0x00, 0x01, 0xf9, 0x87, 0x9f, 0xfc, 0xdf, 0xff, 0x00, 0xcf, 0xff, 0xe7, 0xff, 0xe0, 0x07, 0xe1, 0xf0, 0x00, 0x00, 0x00, 0x00,
    0x00, 0x00, 0x00, 0x00, 0x01, 0xfb, 0x07, 0x9f, 0xfc, 0xdf, 0xf1, 0x80, 0x0f, 0xff, 0xf3, 0xff, 0xf0, 0x07, 0xf1, 0xf0, 0x00, 0x00, 0x00, 0x00,
    0x00, 0x00, 0x00, 0x00, 0x01, 0xf3, 0x07, 0x9f, 0xfc, 0xdf, 0x80, 0x00, 0x0f, 0xff, 0xf3, 0xff, 0xf8, 0xff, 0xf4, 0xf8, 0x00, 0x00, 0x00, 0x00,
    0x00, 0x00, 0x00, 0x00, 0x03, 0xf3, 0x0f, 0x1f, 0xfc, 0xfe, 0x00, 0x00, 0x0f, 0xff, 0xfb, 0xff, 0xfc, 0x3f, 0x72, 0xf8, 0x00, 0x00, 0x00, 0x00,
    0x00, 0x00, 0x00, 0x00, 0x03, 0xf6, 0x0f, 0x1f, 0x04, 0xfc, 0x00, 0x00, 0x1f, 0xff, 0xfb, 0xff, 0xfe, 0x0f, 0x78, 0x18, 0x00, 0x00, 0x00, 0x00,
    0x00, 0x00, 0x00, 0x00, 0x03, 0xf6, 0x1f, 0x3c, 0x00, 0xf8, 0x00, 0x00, 0x1f, 0xff, 0xfb, 0xff, 0xff, 0x87, 0x3e, 0x30, 0x00, 0x00, 0x00, 0x00,
    0x00, 0x00, 0x00, 0x00, 0x07, 0xe6, 0x1f, 0x38, 0x00, 0xf0, 0x00, 0x00, 0x3f, 0xff, 0xfb, 0xff, 0xfe, 0x07, 0x1f, 0x38, 0x00, 0x00, 0x00, 0x00,
    0x00, 0x00, 0x00, 0x00, 0x03, 0xe6, 0x1a, 0x30, 0x00, 0x70, 0x00, 0x00, 0xff, 0xff, 0xfb, 0xff, 0xff, 0x07, 0x8f, 0xb8, 0x00, 0x00, 0x00, 0x00,
    0x00, 0x00, 0x00, 0x00, 0x01, 0xec, 0x00, 0x20, 0x00, 0x60, 0x00, 0x03, 0xff, 0xff, 0xfb, 0xff, 0xff, 0xc1, 0xe3, 0xfc, 0x00, 0x00, 0x00, 0x00,
    0x00, 0x00, 0x00, 0x00, 0x00, 0xcc, 0x00, 0x20, 0x00, 0x40, 0x01, 0x87, 0xff, 0xff, 0xff, 0xff, 0xff, 0xf0, 0x71, 0xfc, 0x00, 0x00, 0x00, 0x00,
    0x00, 0x00, 0x00, 0x00, 0x00, 0xcc, 0x08, 0x00, 0x00, 0x40, 0x03, 0xc3, 0xff, 0xff, 0xff, 0xff, 0xff, 0xfc, 0x19, 0xfe, 0x00, 0x00, 0x00, 0x00,
    0x00, 0x00, 0x00, 0x00, 0x00, 0xc8, 0x18, 0x00, 0x00, 0x40, 0x07, 0xe0, 0x77, 0xff, 0xff, 0xff, 0xff, 0xfe, 0x0c, 0xe7, 0x00, 0x00, 0x00, 0x00,
    0x00, 0x00, 0x00, 0x00, 0x00, 0x08, 0x30, 0x04, 0x00, 0x00, 0x0f, 0xf8, 0x0f, 0xff, 0xff, 0xff, 0xff, 0xff, 0x8c, 0x77, 0x00, 0x00, 0x00, 0x00,
    0x00, 0x00, 0x00, 0x00, 0x00, 0x18, 0x70, 0x0c, 0x00, 0x00, 0x0f, 0xff, 0xff, 0xff, 0xff, 0xff, 0xff, 0xff, 0xc6, 0x3f, 0x00, 0x00, 0x00, 0x00,
    0x00, 0x00, 0x00, 0x00, 0x00, 0x18, 0x60, 0x08, 0x08, 0x00, 0x1f, 0xff, 0xff, 0xff, 0xff, 0xff, 0xff, 0xff, 0xc6, 0x1e, 0x00, 0x00, 0x00, 0x00,
    0x00, 0x00, 0x00, 0x00, 0x00, 0x18, 0x20, 0x18, 0x00, 0x00, 0x1f, 0xff, 0xff, 0xff, 0xff, 0xff, 0xff, 0xff, 0xe7, 0x0e, 0x00, 0x00, 0x00, 0x00,
    0x00, 0x00, 0x00, 0x00, 0x00, 0x10, 0x00, 0x30, 0x10, 0x00, 0x1f, 0xff, 0xff, 0xff, 0xff, 0xff, 0xff, 0xff, 0xe3, 0xc4, 0x00, 0x00, 0x00, 0x00,
    0x00, 0x00, 0x00, 0x00, 0x00, 0x10, 0x00, 0x30, 0x10, 0x00, 0x3f, 0x00, 0x3f, 0xff, 0xff, 0xff, 0xff, 0xff, 0xe3, 0x80, 0x00, 0x00, 0x00, 0x00,
    0x00, 0x00, 0x00, 0x00, 0x00, 0x10, 0x00, 0x20, 0x30, 0x00, 0x3c, 0x00, 0x00, 0x1f, 0xff, 0xff, 0xff, 0xff, 0xe0, 0x00, 0x00, 0x00, 0x00, 0x00,
    0x00, 0x00, 0x00, 0x00, 0x00, 0x30, 0x00, 0x60, 0x30, 0x00, 0x38, 0x38, 0x00, 0x00, 0x0f, 0xff, 0xff, 0xff, 0xf0, 0x20, 0x00, 0x00, 0x00, 0x00,
    0x00, 0x00, 0x00, 0x00, 0x00, 0x20, 0x00, 0x60, 0x30, 0x00, 0x30, 0xfe, 0x1f, 0xc0, 0x00, 0x07, 0xff, 0xff, 0xf8, 0x70, 0x00, 0x00, 0x00, 0x00,
    0x00, 0x00, 0x00, 0x00, 0x00, 0x20, 0x00, 0x60, 0x70, 0x00, 0x21, 0xff, 0x1f, 0xff, 0xe0, 0x00, 0x03, 0xff, 0xfe, 0x30, 0x00, 0x00, 0x00, 0x00,
    0x00, 0x00, 0x00, 0x00, 0x00, 0x20, 0x00, 0x40, 0x60, 0x00, 0x63, 0x83, 0x8f, 0xff, 0xff, 0xf8, 0x00, 0x00, 0xfe, 0x30, 0x00, 0x00, 0x00, 0x00,
    0x00, 0x00, 0x00, 0x00, 0x00, 0x20, 0x00, 0x40, 0x60, 0x00, 0x67, 0x01, 0xcf, 0xff, 0xe7, 0xff, 0xfc, 0x00, 0x00, 0x10, 0x00, 0x00, 0x00, 0x00,
    0x00, 0x00, 0x00, 0x00, 0x00, 0x00, 0x00, 0x40, 0x60, 0x00, 0x46, 0x7d, 0xcf, 0xff, 0xeb, 0xff, 0xff, 0xfe, 0x00, 0x00, 0x00, 0x00, 0x00, 0x00,
    0x00, 0x00, 0x00, 0x00, 0x00, 0x00, 0x00, 0x40, 0x60, 0x00, 0x46, 0x7c, 0xc7, 0xff, 0xeb, 0xff, 0xff, 0xff, 0xff, 0x80, 0x00, 0x00, 0x00, 0x00,
    0x00, 0x00, 0x00, 0x00, 0x00, 0x00, 0x00, 0x40, 0x60, 0x00, 0x06, 0x7c, 0xc7, 0xff, 0xf7, 0xff, 0xff, 0xfc, 0x7f, 0xf8, 0x00, 0x00, 0x00, 0x00,
    0x00, 0x00, 0x00, 0x00, 0x00, 0x00, 0x00, 0x40, 0x70, 0x00, 0x06, 0x7c, 0xc7, 0xff, 0xff, 0xff, 0xff, 0xfd, 0x7f, 0xf8, 0x00, 0x00, 0x00, 0x00,
    0x00, 0x00, 0x00, 0x00, 0x00, 0x00, 0x08, 0x10, 0x70, 0x00, 0x07, 0x39, 0xcf, 0xff, 0xff, 0xff, 0xff, 0xfc, 0x7f, 0xfc, 0x00, 0x00, 0x00, 0x00,
    0x00, 0x00, 0x00, 0x00, 0x00, 0x00, 0x08, 0x10, 0x70, 0x00, 0x07, 0x01, 0xcf, 0xff, 0xfc, 0x7f, 0xff, 0xff, 0xff, 0xfc, 0x00, 0x00, 0x00, 0x00,
    0x00, 0x00, 0x00, 0x00, 0x00, 0x00, 0x08, 0x10, 0x70, 0x00, 0x03, 0xc7, 0x8f, 0xff, 0xfd, 0xff, 0xfc, 0x7f, 0xff, 0xfc, 0x00, 0x00, 0x00, 0x00,
    0x00, 0x00, 0x00, 0x00, 0x00, 0x00, 0x08, 0x10, 0x70, 0x00, 0x01, 0xff, 0x1f, 0xff, 0xff, 0xff, 0xfc, 0xff, 0xff, 0xfe, 0x00, 0x00, 0x00, 0x00,
    0x00, 0x00, 0x00, 0x00, 0x00, 0x00, 0x08, 0x18, 0x70, 0x00, 0x00, 0xfe, 0x1f, 0xff, 0xff, 0xff, 0xff, 0xff, 0xe0, 0x1e, 0x00, 0x00, 0x00, 0x00,
    0x00, 0x00, 0x00, 0x00, 0x00, 0x00, 0x0c, 0x18, 0x30, 0x00, 0x00, 0x00, 0x07, 0xff, 0xfc, 0x3f, 0xc7, 0xff, 0xf8, 0x00, 0x00, 0x00, 0x00, 0x00,
    0x00, 0x00, 0x00, 0x00, 0x00, 0x00, 0x0c, 0x18, 0x38, 0x00, 0x00, 0x00, 0x03, 0xff, 0xff, 0x00, 0x0f, 0xff, 0xf8, 0x00, 0x00, 0x00, 0x00, 0x00,
    0x00, 0x00, 0x00, 0x00, 0x00, 0x00, 0x1c, 0x18, 0x38, 0x00, 0x40, 0x00, 0x01, 0xff, 0xff, 0xf9, 0xfb, 0xff, 0xf0, 0x00, 0x00, 0x00, 0x00, 0x00,
    0x00, 0x00, 0x00, 0x00, 0x00, 0x00, 0x1c, 0x18, 0x38, 0x00, 0x60, 0x18, 0x00, 0x7f, 0xff, 0xff, 0xf0, 0x1e, 0x00, 0x00, 0x00, 0x00, 0x00, 0x00,
    0x00, 0x00, 0x00, 0x00, 0x00, 0x00, 0x1c, 0x38, 0x18, 0x00, 0x20, 0x1c, 0x00, 0x3f, 0xc7, 0xff, 0xe7, 0x00, 0x38, 0x00, 0x00, 0x00, 0x00, 0x00,
    0x00, 0x00, 0x00, 0x00, 0x00, 0x00, 0x3c, 0x38, 0x18, 0x00, 0x30, 0x0c, 0x00, 0x1f, 0xd7, 0xff, 0xff, 0xff, 0xf0, 0x00, 0x00, 0x00, 0x00, 0x00,
    0x00, 0x00, 0x00, 0x00, 0x00, 0x00, 0x3c, 0x30, 0x1c, 0x00, 0x38, 0x0e, 0x00, 0x0f, 0xc7, 0xff, 0xff, 0xff, 0xc0, 0x00, 0x00, 0x00, 0x00, 0x00,
    0x00, 0x00, 0x00, 0x00, 0x00, 0x00, 0x7c, 0x30, 0x1c, 0x00, 0x1c, 0x06, 0x00, 0x03, 0xff, 0xff, 0xff, 0xff, 0xe0, 0x00, 0x00, 0x00, 0x00, 0x00,
    0x00, 0x00, 0x00, 0x00, 0x00, 0x00, 0x78, 0x70, 0x1c, 0x00, 0x0f, 0x07, 0x00, 0x00, 0x7f, 0xff, 0xff, 0xff, 0xff, 0x80, 0x00, 0x00, 0x00, 0x00,
    0x00, 0x00, 0x00, 0x00, 0x00, 0x00, 0xf8, 0x70, 0x0c, 0x00, 0x0f, 0x83, 0x00, 0x00, 0x01, 0xff, 0xff, 0xf8, 0xff, 0xfe, 0x00, 0x00, 0x00, 0x00,
    0x00, 0x00, 0x00, 0x00, 0x00, 0x01, 0xf8, 0xf0, 0x0e, 0x00, 0x0f, 0xc3, 0x80, 0x00, 0x00, 0x0f, 0xff, 0xfa, 0xff, 0xff, 0xf0, 0x00, 0x00, 0x00,
    0x00, 0x00, 0x00, 0x00, 0x00, 0x03, 0xf8, 0xe0, 0x0e, 0x00, 0x0f, 0xe1, 0x80, 0x00, 0x0c, 0x00, 0x3f, 0xf8, 0xff, 0xff, 0xf8, 0x00, 0x00, 0x00,
    0x00, 0x00, 0x00, 0x00, 0x00, 0x07, 0xf8, 0xe0, 0x0e, 0x00, 0x0f, 0xe1, 0x80, 0x00, 0x0f, 0xf0, 0x00, 0xff, 0xff, 0xff, 0xf8, 0x00, 0x00, 0x00,
    0x00, 0x00, 0x00, 0x00, 0x00, 0x0f, 0xf1, 0xe0, 0x0e, 0x00, 0x0f, 0xf0, 0xc6, 0x03, 0x1f, 0xff, 0x00, 0x07, 0xff, 0xff, 0xf0, 0x00, 0x00, 0x00,
    0x00, 0x00, 0x00, 0x00, 0x00, 0x3f, 0xf1, 0xc0, 0x0e, 0x00, 0x0f, 0xf8, 0xce, 0x03, 0x1f, 0xff, 0x06, 0x00, 0x1f, 0xff, 0xf0, 0x00, 0x00, 0x00,
    0x00, 0x00, 0x00, 0x03, 0x00, 0xfe, 0xf3, 0xc2, 0x0e, 0x00, 0x07, 0xf8, 0xc6, 0x03, 0x1f, 0xff, 0x07, 0xc0, 0x00, 0xff, 0xe0, 0x00, 0x00, 0x00,
    0x00, 0x00, 0x00, 0x01, 0xff, 0xfd, 0xe7, 0x82, 0x0e, 0x00, 0x0f, 0xf8, 0xc0, 0x03, 0x1f, 0xff, 0x0f, 0xc3, 0xc0, 0x0f, 0xc0, 0x00, 0x00, 0x00,
    0x00, 0x00, 0x00, 0x00, 0xff, 0xf1, 0xe7, 0x82, 0x0e, 0x00, 0x0f, 0xf8, 0xc0, 0x03, 0x1f, 0xff, 0x0f, 0xc3, 0xe0, 0x0f, 0xc0, 0x00, 0x00, 0x00,
    0x00, 0x00, 0x00, 0x00, 0x3f, 0xc3, 0xcf, 0x06, 0x0e, 0x00, 0x0f, 0xf8, 0xc0, 0x03, 0x1f, 0xfe, 0x0f, 0xc3, 0xe0, 0x0f, 0x80, 0x00, 0x00, 0x00,
    0x00, 0x00, 0x00, 0x00, 0x00, 0x03, 0xdf, 0x04, 0x0c, 0x00, 0x0f, 0xf8, 0xc0, 0x03, 0x1f, 0xfe, 0x0f, 0xc3, 0xe0, 0x1f, 0x80, 0x00, 0x00, 0x00,
    0x00, 0x00, 0x00, 0x00, 0x00, 0x07, 0xfe, 0x0c, 0x04, 0x00, 0x0f, 0xf8, 0xc0, 0x03, 0x1f, 0xfe, 0x0f, 0xc7, 0xc0, 0x1f, 0x80, 0x00, 0x00, 0x00,
    0x00, 0x00, 0x00, 0x00, 0x00, 0x0f, 0xfc, 0x1c, 0x00, 0x00, 0x0f, 0xf8, 0xc0, 0x03, 0x3f, 0xfe, 0x1f, 0x87, 0xc0, 0x3f, 0x00, 0x00, 0x00, 0x00,
    0x00, 0x00, 0x00, 0x00, 0x00, 0x1f, 0xf8, 0x18, 0x10, 0x00, 0x0f, 0xf8, 0xc0, 0x03, 0x3f, 0xfe, 0x1f, 0x87, 0xc0, 0x3f, 0x00, 0x00, 0x00, 0x00,
    0x00, 0x00, 0x00, 0x00, 0x00, 0x3f, 0xf0, 0x38, 0x3c, 0x00, 0x0f, 0xf8, 0xc0, 0x03, 0x3f, 0xfe, 0x1f, 0x87, 0xc0, 0x3e, 0x00, 0x00, 0x00, 0x00,
    0x00, 0x00, 0x00, 0x00, 0x00, 0xff, 0xe0, 0x70, 0x3f, 0x00, 0x0f, 0xf8, 0xc0, 0x03, 0x3f, 0xfe, 0x1f, 0x8f, 0x80, 0x7e, 0x00, 0x00, 0x00, 0x00,
    0x00, 0x00, 0x00, 0x00, 0x01, 0xff, 0xc0, 0xf0, 0x79, 0xe0, 0x0f, 0xf8, 0xc0, 0x03, 0x3f, 0xfe, 0x1f, 0x0f, 0x80, 0x7c, 0x00, 0x00, 0x00, 0x00,
    0x00, 0x00, 0x00, 0x00, 0x03, 0xff, 0x00, 0xe0, 0x70, 0x38, 0x0f, 0xf8, 0xc0, 0x03, 0x3f, 0xfc, 0x3f, 0x0f, 0x80, 0xfc, 0x00, 0x00, 0x00, 0x00,
    0x00, 0x00, 0x00, 0x00, 0x07, 0xfe, 0x01, 0xc0, 0xf3, 0x0e, 0x07, 0xf8, 0xc0, 0x03, 0x3f, 0xfc, 0x3f, 0x0f, 0x00, 0xf8, 0x00, 0x00, 0x00, 0x00,
    0x00, 0x00, 0x00, 0x00, 0x1f, 0xf8, 0x03, 0xc0, 0xe3, 0x03, 0xc1, 0xf8, 0xc0, 0x03, 0x3f, 0xfc, 0x3f, 0x1f, 0x00, 0xf8, 0x00, 0x00, 0x00, 0x00,
    0x00, 0x00, 0x00, 0x00, 0x3f, 0xf0, 0x07, 0x80, 0x70, 0x03, 0xf0, 0x78, 0xc0, 0x03, 0x3f, 0xfc, 0x3f, 0x1f, 0x01, 0xf8, 0x00, 0x00, 0x00, 0x00,
    0x00, 0x00, 0x00, 0x00, 0x7f, 0xc0, 0x07, 0x00, 0x1e, 0x03, 0xfc, 0x18, 0xc0, 0x01, 0x7f, 0xfc, 0x3f, 0x1f, 0x01, 0xf0, 0x00, 0x00, 0x00, 0x00,
    0x00, 0x00, 0x00, 0x00, 0xff, 0x00, 0x0e, 0x00, 0x07, 0x83, 0xff, 0x00, 0xc0, 0x01, 0x7f, 0xfc, 0x7e, 0x1e, 0x01, 0xf0, 0x00, 0x00, 0x00, 0x00,
    0x00, 0x00, 0x00, 0x00, 0xfe, 0x06, 0x0e, 0x00, 0x00, 0xe7, 0xff, 0xc0, 0xc0, 0x01, 0x7f, 0xfc, 0x7e, 0x3e, 0x03, 0xe0, 0x00, 0x00, 0x00, 0x00,
    0x00, 0x00, 0x00, 0x01, 0xf8, 0x06, 0x1c, 0x00, 0x00, 0x3f, 0xfc, 0xf8, 0xc0, 0x01, 0x7f, 0xf8, 0x7e, 0x3e, 0x03, 0xe0, 0x00, 0x00, 0x00, 0x00,
    0x00, 0x00, 0x00, 0x03, 0xf0, 0x0c, 0x1c, 0x00, 0x00, 0x0f, 0xfb, 0x78, 0xc0, 0x01, 0x7f, 0xfc, 0x7e, 0x3c, 0x03, 0xe0, 0x00, 0x00, 0x00, 0x00,
    0x00, 0x00, 0x00, 0x07, 0xe0, 0x1c, 0x18, 0x00, 0x00, 0x01, 0xfb, 0x78, 0xc0, 0x01, 0x7f, 0xfe, 0x7c, 0x7c, 0x07, 0xc0, 0x00, 0x00, 0x00, 0x00,
    0x00, 0x00, 0x00, 0x07, 0x80, 0x3c, 0x38, 0x00, 0x00, 0x00, 0x7c, 0xf8, 0xc0, 0x01, 0x7f, 0xff, 0xfc, 0x7c, 0x07, 0xc0, 0x00, 0x00, 0x00, 0x00,
    0x00, 0x00, 0x00, 0x0f, 0x01, 0x3c, 0x30, 0x40, 0x00, 0x00, 0x1f, 0xf8, 0xc0, 0x01, 0xff, 0xff, 0xfc, 0x78, 0x07, 0xc0, 0x00, 0x00, 0x00, 0x00,
    0x00, 0x00, 0x00, 0x0f, 0x02, 0x78, 0x30, 0xc0, 0x00, 0x00, 0x03, 0xf8, 0xc0, 0x01, 0xff, 0xff, 0xfc, 0x78, 0x0f, 0x80, 0x00, 0x00, 0x00, 0x00,
    0x00, 0x00, 0x00, 0x1e, 0x06, 0x78, 0x30, 0x80, 0x18, 0x00, 0x00, 0xf8, 0xce, 0x01, 0xff, 0xff, 0xfc, 0x78, 0x0f, 0x80, 0x00, 0x00, 0x00, 0x00,
    0x00, 0x00, 0x00, 0x1c, 0x0c, 0xfc, 0x30, 0x80, 0x3f, 0x00, 0x00, 0x3c, 0xce, 0x01, 0xff, 0xff, 0xfc, 0xf8, 0x0f, 0x80, 0x00, 0x00, 0x00, 0x00,
    0x00, 0x00, 0x00, 0x18, 0x0c, 0xfc, 0x31, 0x80, 0x3b, 0xe0, 0x00, 0x08, 0xc0, 0x01, 0xff, 0xff, 0xfc, 0xf0, 0x1f, 0x00, 0x00, 0x00, 0x00, 0x00,
    0x00, 0x00, 0x00, 0x38, 0x1c, 0xfc, 0x31, 0x80, 0x38, 0x3c, 0x00, 0x00, 0xc0, 0x01, 0xff, 0xff, 0xff, 0xf0, 0x1f, 0x00, 0x00, 0x00, 0x00, 0x00,
    0x00, 0x00, 0x00, 0x30, 0x3c, 0xfc, 0x31, 0x80, 0x30, 0x0f, 0x00, 0x00, 0xf0, 0x01, 0xff, 0xff, 0xff, 0xf0, 0x1f, 0x00, 0x00, 0x00, 0x00, 0x00,
    0x00, 0x00, 0x00, 0x20, 0x3c, 0xfc, 0x31, 0x80, 0x00, 0x01, 0x00, 0x00, 0x7c, 0x01, 0xff, 0xff, 0xff, 0xf0, 0x1f, 0x00, 0x00, 0x00, 0x00, 0x00,
    0x00, 0x00, 0x00, 0x20, 0x7c, 0xfc, 0x11, 0x80, 0x00, 0x00, 0x10, 0x00, 0x1f, 0x80, 0x7f, 0xff, 0xff, 0xe0, 0x3e, 0x00, 0x00, 0x00, 0x00, 0x00,
    0x00, 0x00, 0x00, 0x00, 0x78, 0xfe, 0x11, 0xc1, 0xc0, 0x00, 0x1c, 0x00, 0x03, 0xe0, 0x3f, 0xff, 0xff, 0xe0, 0x3e, 0x00, 0x00, 0x00, 0x00, 0x00,
    0x00, 0x00, 0x00, 0x00, 0x78, 0xfe, 0x01, 0xc3, 0xfc, 0x00, 0x1f, 0x00, 0x00, 0xf8, 0x1f, 0xff, 0xff, 0xf8, 0x3e, 0x00, 0x00, 0x00, 0x00, 0x00,
    0x00, 0x00, 0x00, 0x00, 0xf8, 0xff, 0x01, 0xc3, 0x0f, 0x80, 0x1d, 0xc0, 0x00, 0x3e, 0x0f, 0xff, 0xff, 0xfc, 0x7c, 0x00, 0x00, 0x00, 0x00, 0x00,
    0x00, 0x00, 0x00, 0x00, 0xfc, 0xff, 0x01, 0xe0, 0x01, 0xf0, 0x1c, 0xf0, 0x00, 0x0f, 0x87, 0xff, 0xff, 0xfc, 0x7c, 0x00, 0x00, 0x00, 0x00, 0x00,
    0x00, 0x00, 0x00, 0x00, 0xec, 0xff, 0x80, 0xf0, 0x00, 0x3c, 0x06, 0xfc, 0x00, 0x03, 0xe1, 0xff, 0xff, 0xfe, 0x7c, 0x00, 0x00, 0x00, 0x00, 0x00,
    0x00, 0x00, 0x00, 0x00, 0xec, 0x7f, 0xc0, 0xf0, 0x60, 0x18, 0x83, 0xff, 0x00, 0x00, 0xf8, 0xff, 0xff, 0xfc, 0x7c, 0x00, 0x00, 0x00, 0x00, 0x00,
    0x00, 0x00, 0x00, 0x00, 0xec, 0x7f, 0xe0, 0x78, 0x20, 0x31, 0xe0, 0xff, 0xc0, 0x00, 0x3e, 0x3f, 0xff, 0xfc, 0xf8, 0x00, 0x00, 0x00, 0x00, 0x00,
    0x00, 0x00, 0x00, 0x01, 0xec, 0x3f, 0xf0, 0x7e, 0x00, 0x73, 0xf8, 0x3f, 0xe0, 0x00, 0x0f, 0x9f, 0xff, 0xfc, 0xf8, 0x00, 0x00, 0x00, 0x00, 0x00,
    0x00, 0x00, 0x00, 0x01, 0xc6, 0x3f, 0xfc, 0x3f, 0x00, 0x63, 0xfe, 0x0f, 0xf8, 0x00, 0x01, 0xf7, 0xff, 0xfc, 0xf8, 0x00, 0x00, 0x00, 0x00, 0x00,
    0x00, 0x00, 0x00, 0x01, 0xc2, 0x1f, 0xfe, 0x1f, 0x80, 0x07, 0xff, 0x87, 0xfc, 0x00, 0x00, 0x7f, 0xff, 0xf8, 0xf8, 0x00, 0x00, 0x00, 0x00, 0x00,
    0x00, 0x00, 0x00, 0x01, 0xc3, 0x0f, 0xff, 0x8f, 0xe0, 0x03, 0xff, 0xe1, 0xfe, 0x00, 0x00, 0x1f, 0xff, 0xf9, 0xf0, 0x00, 0x00, 0x00, 0x00, 0x00,
    0x00, 0x00, 0x00, 0x00, 0xc1, 0x0f, 0xff, 0xf3, 0xfc, 0x00, 0x3f, 0xf8, 0x7f, 0x00, 0x00, 0x07, 0xff, 0xf9, 0xb0, 0x00, 0x00, 0x00, 0x00, 0x00,
    0x00, 0x00, 0x00, 0x00, 0xe0, 0x87, 0xff, 0xff, 0xff, 0xc0, 0x0f, 0xfc, 0x1f, 0xc0, 0x00, 0x01, 0xff, 0xf9, 0x50, 0x00, 0x00, 0x00, 0x00, 0x00,
    0x00, 0x00, 0x00, 0x00, 0xe0, 0x01, 0xff, 0xff, 0xff, 0xfc, 0x03, 0xff, 0x07, 0xe0, 0x00, 0x00, 0x7f, 0xf1, 0x10, 0x00, 0x00, 0x00, 0x00, 0x00,
    0x00, 0x00, 0x00, 0x00, 0xe0, 0x00, 0xff, 0xff, 0xff, 0xff, 0x80, 0xff, 0x83, 0xf0, 0x00, 0x00, 0x0f, 0xf1, 0x90, 0x00, 0x00, 0x00, 0x00, 0x00,
    0x00, 0x00, 0x00, 0x00, 0xe0, 0x00, 0x7f, 0xff, 0xff, 0xff, 0xf0, 0x7f, 0xe0, 0xfc, 0x00, 0x00, 0x03, 0xf3, 0xe0, 0x00, 0x00, 0x00, 0x00, 0x00,
    0x00, 0x00, 0x00, 0x00, 0x60, 0x00, 0x1f, 0xff, 0xff, 0x80, 0xf8, 0x3f, 0xf8, 0x3e, 0x00, 0x00, 0x00, 0xf3, 0xe0, 0x00, 0x00, 0x00, 0x00, 0x00,
    0x00, 0x00, 0x00, 0x00, 0x70, 0x00, 0x03, 0xff, 0xff, 0xf0, 0x04, 0x3f, 0xfc, 0x1f, 0x00, 0x00, 0x00, 0x23, 0xe0, 0x00, 0x00, 0x00, 0x00, 0x00,
    0x00, 0x00, 0x00, 0x00, 0x70, 0x20, 0x00, 0x3f, 0xff, 0xfc, 0x00, 0x1f, 0xff, 0x07, 0xc0, 0x00, 0x00, 0x03, 0xe0, 0x00, 0x00, 0x00, 0x00, 0x00,
    0x00, 0x00, 0x00, 0x00, 0x30, 0x10, 0x00, 0x00, 0x3f, 0xff, 0x00, 0x0f, 0xff, 0xc1, 0xe0, 0x00, 0x00, 0x03, 0xe0, 0x00, 0x00, 0x00, 0x00, 0x00,
    0x00, 0x00, 0x00, 0x00, 0x38, 0x0c, 0x00, 0x00, 0x00, 0xff, 0x80, 0x0f, 0xff, 0xf0, 0x78, 0x00, 0x00, 0x00, 0x60, 0x00, 0x00, 0x00, 0x00, 0x00,
    0x00, 0x00, 0x00, 0x00, 0x18, 0x06, 0x00, 0x00, 0x00, 0x1f, 0xc1, 0x0f, 0xff, 0xfc, 0x1e, 0x00, 0x00, 0x00, 0x00, 0x00, 0x00, 0x00, 0x00, 0x00,
    0x00, 0x00, 0x00, 0x00, 0x0c, 0x03, 0x80, 0x00, 0x00, 0x07, 0xf0, 0xc7, 0xff, 0xff, 0x07, 0x00, 0x00, 0x00, 0x00, 0x00, 0x00, 0x00, 0x00, 0x00,
    0x00, 0x00, 0x00, 0x00, 0x0e, 0x01, 0xf0, 0x03, 0xff, 0xe1, 0xf8, 0xe7, 0xff, 0xff, 0xc0, 0xc0, 0x00, 0x00, 0x00, 0x00, 0x00, 0x00, 0x00, 0x00,
    0x00, 0x00, 0x00, 0x00, 0x07, 0x00, 0xfe, 0x00, 0x3f, 0xfc, 0x78, 0x77, 0xff, 0xff, 0xf0, 0x00, 0x00, 0x00, 0x00, 0x00, 0x00, 0x00, 0x00, 0x00,
    0x00, 0x00, 0x00, 0x00, 0x03, 0x00, 0x7f, 0xf0, 0x07, 0xff, 0xbc, 0x3f, 0xff, 0xff, 0xfc, 0x00, 0x00, 0x00, 0x00, 0x00, 0x00, 0x00, 0x00, 0x00,
    0x00, 0x00, 0x00, 0x00, 0x01, 0x80, 0x0f, 0xff, 0x00, 0xff, 0xde, 0x0f, 0xff, 0xff, 0xff, 0x80, 0x00, 0x00, 0x00, 0x00, 0x00, 0x00, 0x00, 0x00,
    0x00, 0x00, 0x00, 0x00, 0x00, 0x40, 0x00, 0xff, 0xe0, 0x3f, 0xfe, 0x07, 0xfc, 0xff, 0xff, 0xf0, 0x60, 0x00, 0x00, 0x00, 0x00, 0x00, 0x00, 0x00,
    0x00, 0x00, 0x00, 0x00, 0x00, 0x30, 0x00, 0x00, 0x00, 0x0f, 0xff, 0x03, 0xfb, 0x7f, 0xff, 0xff, 0xe0, 0x00, 0x00, 0x00, 0x00, 0x00, 0x00, 0x00,
    0x00, 0x00, 0x00, 0x00, 0x00, 0x10, 0x00, 0x00, 0x00, 0x07, 0xff, 0x01, 0xfb, 0x7f, 0xff, 0xff, 0xf0, 0x00, 0x00, 0x00, 0x00, 0x00, 0x00, 0x00,
    0x00, 0x00, 0x00, 0x00, 0x00, 0x00, 0x00, 0x00, 0x00, 0x03, 0xbf, 0x80, 0x7c, 0xff, 0xff, 0xff, 0xf0, 0x00, 0x00, 0x00, 0x00, 0x00, 0x00, 0x00,
    0x00, 0x00, 0x00, 0x00, 0x00, 0x00, 0x00, 0x00, 0x00, 0x01, 0xdf, 0x80, 0x3f, 0xff, 0xff, 0xff, 0xf8, 0x00, 0x00, 0x00, 0x00, 0x00, 0x00, 0x00,
    0x00, 0x00, 0x00, 0x00, 0x00, 0x00, 0x00, 0x00, 0x00, 0x00, 0xcf, 0x80, 0x1f, 0xff, 0xff, 0xff, 0xf8, 0x00, 0x00, 0x00, 0x00, 0x00, 0x00, 0x00,
    0x00, 0x00, 0x00, 0x00, 0x00, 0x00, 0x00, 0x00, 0x01, 0x80, 0x6f, 0x80, 0x0f, 0xff, 0xff, 0xff, 0xfc, 0x00, 0x00, 0x00, 0x00, 0x00, 0x00, 0x00,
    0x00, 0x00, 0x00, 0x00, 0x00, 0x00, 0x00, 0x00, 0x00, 0xe0, 0x67, 0xc0, 0x03, 0xff, 0xff, 0xff, 0xfc, 0x00, 0x00, 0x00, 0x00, 0x00, 0x00, 0x00,
    0x00, 0x00, 0x00, 0x00, 0x00, 0x00, 0x00, 0x00, 0x00, 0x70, 0x27, 0xc0, 0x01, 0xff, 0xff, 0xff, 0xfc, 0x00, 0x00, 0x00, 0x00, 0x00, 0x00, 0x00,
    0x00, 0x00, 0x00, 0x00, 0x00, 0x00, 0x00, 0x00, 0x00, 0x38, 0x33, 0xc0, 0x00, 0x7f, 0xfe, 0xff, 0xfe, 0x00, 0x00, 0x00, 0x00, 0x00, 0x00, 0x00,
    0x00, 0x00, 0x00, 0x00, 0x00, 0x00, 0x00, 0x00, 0x00, 0x1c, 0x33, 0xc0, 0x00, 0x3f, 0xfc, 0x7f, 0xfe, 0x00, 0x00, 0x00, 0x00, 0x00, 0x00, 0x00,
    0x00, 0x00, 0x00, 0x00, 0x00, 0x00, 0x00, 0x00, 0x00, 0x1c, 0x13, 0xc0, 0x00, 0x0f, 0xfb, 0x7f, 0xff, 0x00, 0x00, 0x00, 0x00, 0x00, 0x00, 0x00,
    0x00, 0x00, 0x00, 0x00, 0x00, 0x00, 0x00, 0x00, 0x00, 0x0e, 0x03, 0xc0, 0x00, 0x07, 0xfc, 0x7f, 0xff, 0x00, 0x00, 0x00, 0x00, 0x00, 0x00, 0x00,
    0x00, 0x00, 0x00, 0x00, 0x00, 0x00, 0x00, 0x00, 0x00, 0x0e, 0x03, 0x80, 0x00, 0x01, 0xfe, 0xff, 0xe7, 0x80, 0x00, 0x00, 0x00, 0x00, 0x00, 0x00,
    0x00, 0x00, 0x00, 0x00, 0x00, 0x00, 0x00, 0x00, 0x00, 0x0f, 0x03, 0x80, 0x00, 0x00, 0x7f, 0xff, 0xcb, 0x80, 0x00, 0x00, 0x00, 0x00, 0x00, 0x00,
    0x00, 0x00, 0x00, 0x00, 0x00, 0x00, 0x00, 0x00, 0x00, 0x0f, 0x03, 0x80, 0x00, 0x00, 0x1f, 0xff, 0xdb, 0xc0, 0x00, 0x00, 0x00, 0x00, 0x00, 0x00,
    0x00, 0x00, 0x00, 0x00, 0x00, 0x00, 0x00, 0x00, 0x00, 0x0f, 0x03, 0x00, 0x00, 0x00, 0x07, 0xff, 0xe3, 0xc0, 0x00, 0x00, 0x00, 0x00, 0x00, 0x00,
    0x00, 0x00, 0x00, 0x00, 0x00, 0x00, 0x00, 0x00, 0x00, 0x0f, 0x03, 0x00, 0x00, 0x00, 0x01, 0xff, 0xff, 0xc0, 0x00, 0x00, 0x00, 0x00, 0x00, 0x00,
    0x00, 0x00, 0x00, 0x00, 0x00, 0x00, 0x00, 0x00, 0x00, 0x0f, 0x06, 0x00, 0x00, 0x00, 0x00, 0x3f, 0xff, 0xe0, 0x00, 0x00, 0x00, 0x00, 0x00, 0x00,
    0x00, 0x00, 0x00, 0x00, 0x00, 0x00, 0x00, 0x00, 0x00, 0x1f, 0x06, 0x00, 0x00, 0x00, 0x00, 0x07, 0xff, 0xe0, 0x00, 0x00, 0x00, 0x00, 0x00, 0x00,
    0x00, 0x00, 0x00, 0x00, 0x00, 0x00, 0x00, 0x00, 0x00, 0x1e, 0x04, 0x00, 0x00, 0x00, 0x00, 0x00, 0x7f, 0xf0, 0x00, 0x00, 0x00, 0x00, 0x00, 0x00,
    0x00, 0x00, 0x00, 0x00, 0x00, 0x00, 0x00, 0x00, 0x00, 0x3e, 0x08, 0x00, 0x00, 0x00, 0x00, 0x00, 0x03, 0xf0, 0x00, 0x00, 0x00, 0x00, 0x00, 0x00,
    0x00, 0x00, 0x00, 0x00, 0x00, 0x00, 0x00, 0x00, 0x00, 0x7c, 0x10, 0x00, 0x00, 0x00, 0x00, 0x00, 0x00, 0x00, 0x00, 0x00, 0x00, 0x00, 0x00, 0x00,
    0x00, 0x00, 0x00, 0x00, 0x00, 0x00, 0x00, 0x00, 0x01, 0xf8, 0x00, 0x00, 0x00, 0x00, 0x00, 0x00, 0x00, 0x00, 0x00, 0x00, 0x00, 0x00, 0x00, 0x00,
    0x00, 0x00, 0x00, 0x00, 0x00, 0x00, 0x00, 0x00, 0x7f, 0xf0, 0x00, 0x00, 0x00, 0x00, 0x00, 0x00, 0x00, 0x00, 0x00, 0x00, 0x00, 0x00, 0x00, 0x00,
    0x00, 0x00, 0x00, 0x00, 0x00, 0x00, 0x00, 0x00, 0x1f, 0xe0, 0x00, 0x00, 0x00, 0x00, 0x00, 0x00, 0x00, 0x00, 0x00, 0x00, 0x00, 0x00, 0x00, 0x00,
    0x00, 0x00, 0x00, 0x00, 0x00, 0x00, 0x00, 0x00, 0x00, 0x00, 0x00, 0x00, 0x00, 0x00, 0x00, 0x00, 0x00, 0x00, 0x00, 0x00, 0x00, 0x00, 0x00, 0x00,
    0x00, 0x00, 0x00, 0x00, 0x00, 0x00, 0x00, 0x00, 0x00, 0x00, 0x00, 0x00, 0x00, 0x00, 0x00, 0x00, 0x00, 0x00, 0x00, 0x00, 0x00, 0x00, 0x00, 0x00,
    0x00, 0x00, 0x00, 0x00, 0x00, 0x00, 0x00, 0x00, 0x00, 0x00, 0x00, 0x00, 0x00, 0x00, 0x00, 0x00, 0x00, 0x00, 0x00, 0x00, 0x00, 0x00, 0x00, 0x00,
    0x00, 0x00, 0x00, 0x00, 0x00, 0x00, 0x00, 0x00, 0x00, 0x00, 0x00, 0x00, 0x00, 0x00, 0x00, 0x00, 0x00, 0x00, 0x00, 0x00, 0x00, 0x00, 0x00, 0x00,
    0x00, 0x00, 0x00, 0x00, 0x00, 0x00, 0x00, 0x00, 0x00, 0x00, 0x00, 0x00, 0x00, 0x00, 0x00, 0x00, 0x00, 0x00, 0x00, 0x00, 0x00, 0x00, 0x00, 0x00,
};
const uint8_t kTalk192[4608] = {
    0x00, 0x00, 0x00, 0x00, 0x00, 0x00, 0x00, 0x00, 0x00, 0x00, 0x00, 0x00, 0x00, 0x00, 0x00, 0x00, 0x00, 0x00, 0x00, 0x00, 0x00, 0x00, 0x00, 0x00,
    0x00, 0x00, 0x00, 0x00, 0x00, 0x00, 0x00, 0x00, 0x00, 0x00, 0x00, 0x00, 0x00, 0x00, 0x00, 0x00, 0x00, 0x00, 0x00, 0x00, 0x00, 0x00, 0x00, 0x00,
    0x00, 0x00, 0x00, 0x00, 0x00, 0x00, 0x00, 0x00, 0x00, 0x00, 0x00, 0x00, 0x00, 0x00, 0x00, 0x00, 0x00, 0x00, 0x00, 0x00, 0x00, 0x00, 0x00, 0x00,
    0x00, 0x00, 0x00, 0x00, 0x00, 0x00, 0x00, 0x00, 0x00, 0x00, 0x00, 0x00, 0x00, 0x00, 0x00, 0x00, 0x00, 0x00, 0x00, 0x00, 0x00, 0x00, 0x00, 0x00,
    0x00, 0x00, 0x00, 0x00, 0x00, 0x00, 0x00, 0x00, 0x00, 0x00, 0x00, 0x03, 0x80, 0x00, 0x00, 0x00, 0x00, 0x00, 0x00, 0x00, 0x00, 0x00, 0x00, 0x00,
    0x00, 0x00, 0x00, 0x00, 0x00, 0x00, 0x00, 0x00, 0x00, 0x00, 0x01, 0x1f, 0xe0, 0x00, 0x00, 0x00, 0x00, 0x00, 0x00, 0x00, 0x00, 0x00, 0x00, 0x00,
    0x00, 0x00, 0x00, 0x00, 0x00, 0x00, 0x00, 0x00, 0x00, 0x00, 0x03, 0x3e, 0x00, 0x00, 0x00, 0x00, 0x00, 0x00, 0x00, 0x00, 0x00, 0x00, 0x00, 0x00,
    0x00, 0x00, 0x00, 0x00, 0x00, 0x00, 0x00, 0x00, 0x00, 0x00, 0x0f, 0x38, 0x00, 0x00, 0x00, 0x00, 0x00, 0x00, 0x00, 0x00, 0x00, 0x00, 0x00, 0x00,
    0x00, 0x00, 0x00, 0x00, 0x00, 0x00, 0x00, 0x00, 0x00, 0x00, 0xff, 0x10, 0x00, 0x00, 0x00, 0x00, 0x00, 0x00, 0x00, 0x00, 0x00, 0x00, 0x00, 0x00,
    0x00, 0x00, 0x00, 0x00, 0x00, 0x00, 0x00, 0x00, 0x00, 0x07, 0xef, 0x80, 0x00, 0x00, 0x00, 0x00, 0x0f, 0x00, 0x00, 0x00, 0x00, 0x00, 0x00, 0x00,
    0x00, 0x00, 0x00, 0x00, 0x00, 0x00, 0x00, 0x00, 0x00, 0x1f, 0x9f, 0xe0, 0x00, 0x00, 0x00, 0x3f, 0xc8, 0x00, 0x00, 0x00, 0x00, 0x00, 0x00, 0x00,
    0x00, 0x00, 0x00, 0x00, 0x00, 0x00, 0x00, 0x00, 0x00, 0x7e, 0x7d, 0xc0, 0x00, 0x00, 0x03, 0xff, 0xc0, 0x00, 0x00, 0x00, 0x00, 0x00, 0x00, 0x00,
    0x00, 0x00, 0x00, 0x00, 0x00, 0x00, 0x00, 0x00, 0x03, 0xf9, 0xf3, 0x80, 0x00, 0x00, 0x3f, 0x1f, 0xc0, 0x00, 0x00, 0x00, 0x00, 0x00, 0x00, 0x00,
    0x00, 0x00, 0x00, 0x00, 0x00, 0x00, 0x00, 0x00, 0x07, 0xf3, 0xc7, 0x00, 0x00, 0x00, 0xf8, 0x7f, 0x80, 0x00, 0x00, 0x00, 0x00, 0x00, 0x00, 0x00,
    0x00, 0x00, 0x00, 0x00, 0x00, 0x00, 0x00, 0x00, 0x1f, 0xcf, 0x06, 0x00, 0x00, 0x03, 0xc1, 0xe6, 0x00, 0x00, 0x00, 0x00, 0x00, 0x00, 0x00, 0x00,
    0x00, 0x00, 0x00, 0x00, 0x00, 0x00, 0x00, 0x00, 0x7f, 0x9e, 0x0e, 0x00, 0x00, 0x0e, 0x07, 0x8c, 0x00, 0x00, 0x00, 0x00, 0x00, 0x00, 0x00, 0x00,
    0x00, 0x00, 0x00, 0x00, 0x00, 0x00, 0x00, 0x00, 0xfe, 0x78, 0x1c, 0x00, 0x00, 0x30, 0x1e, 0x18, 0x00, 0x00, 0x00, 0x00, 0x00, 0x00, 0x00, 0x00,
    0x00, 0x00, 0x00, 0x00, 0x00, 0x00, 0x00, 0x03, 0xfc, 0xf0, 0x1c, 0x00, 0x00, 0xc0, 0x38, 0x30, 0x00, 0x00, 0x00, 0x00, 0x00, 0x00, 0x00, 0x00,
    0x00, 0x00, 0x00, 0x00, 0x00, 0x00, 0x00, 0x07, 0xf9, 0xc0, 0x38, 0x00, 0x03, 0x00, 0xe0, 0x30, 0x00, 0x00, 0x00, 0x00, 0x00, 0x00, 0x00, 0x00,
    0x00, 0x00, 0x00, 0x00, 0x00, 0x00, 0x00, 0x0f, 0xf3, 0x80, 0x38, 0x00, 0x04, 0x01, 0x80, 0x60, 0x00, 0x00, 0x00, 0x00, 0x00, 0x00, 0x00, 0x00,
    0x00, 0x00, 0x00, 0x00, 0x00, 0x00, 0x00, 0x3f, 0xef, 0x00, 0x38, 0x00, 0x08, 0x03, 0x00, 0xc0, 0x00, 0x00, 0x00, 0x00, 0x00, 0x00, 0x00, 0x00,
    0x00, 0x00, 0x00, 0x00, 0x00, 0x00, 0x00, 0x7f, 0xde, 0x00, 0x70, 0x00, 0x00, 0x0c, 0x00, 0xc0, 0x00, 0x00, 0x00, 0x00, 0x00, 0x00, 0x00, 0x00,
    0x00, 0x00, 0x00, 0x00, 0x00, 0x00, 0x00, 0xff, 0xbc, 0x00, 0x70, 0x00, 0x00, 0x18, 0x00, 0x80, 0x00, 0x00, 0x00, 0x00, 0x00, 0x00, 0x00, 0x00,
    0x00, 0x00, 0x00, 0x00, 0x00, 0x00, 0x01, 0xff, 0x78, 0x00, 0x70, 0x00, 0x00, 0x00, 0x01, 0x80, 0x00, 0x00, 0x00, 0x00, 0x00, 0x00, 0x00, 0x00,
    0x00, 0x00, 0x00, 0x00, 0x00, 0x00, 0x03, 0xfe, 0xf0, 0x10, 0x70, 0x00, 0x00, 0x00, 0x01, 0x80, 0x00, 0x00, 0x00, 0x00, 0x00, 0x00, 0x00, 0x00,
    0x00, 0x00, 0x00, 0x00, 0x00, 0x00, 0x07, 0xfd, 0xe0, 0x20, 0x70, 0x00, 0x00, 0x00, 0x01, 0x00, 0x00, 0x00, 0x00, 0x00, 0x00, 0x00, 0x00, 0x00,
    0x00, 0x00, 0x00, 0x00, 0x00, 0x00, 0x0f, 0xfb, 0xc0, 0x20, 0xf0, 0x00, 0x00, 0x00, 0x00, 0x00, 0x00, 0x00, 0x00, 0x00, 0x00, 0x00, 0x00, 0x00,
    0x00, 0x00, 0x00, 0x00, 0x00, 0x00, 0x1f, 0xff, 0x80, 0x40, 0xf0, 0x00, 0x00, 0x20, 0x00, 0x00, 0x00, 0x00, 0x00, 0x00, 0x00, 0x00, 0x00, 0x00,
    0x00, 0x00, 0x00, 0x00, 0x00, 0x00, 0x3f, 0xff, 0x00, 0x80, 0xf0, 0x00, 0x00, 0x3e, 0x0e, 0x00, 0x00, 0x00, 0x00, 0x00, 0x00, 0x00, 0x00, 0x00,
    0x00, 0x00, 0x00, 0x00, 0x00, 0x00, 0x7f, 0xfe, 0x01, 0x80, 0xf0, 0x00, 0x00, 0x0f, 0x87, 0x00, 0x00, 0x00, 0x00, 0x00, 0x00, 0x00, 0x00, 0x00,
    0x00, 0x00, 0x00, 0x00, 0x00, 0x00, 0x7f, 0xfc, 0x01, 0x00, 0xf0, 0x00, 0x7f, 0x8f, 0xe7, 0xc0, 0x00, 0x00, 0x00, 0x00, 0x00, 0x00, 0x00, 0x00,
    0x00, 0x00, 0x00, 0x00, 0x00, 0x00, 0xff, 0xfc, 0x03, 0x00, 0xf0, 0x00, 0x3f, 0xff, 0xfb, 0xe0, 0x00, 0x00, 0x00, 0x00, 0x00, 0x00, 0x00, 0x00,
    0x00, 0x00, 0x00, 0x00, 0x00, 0x01, 0xff, 0xf8, 0x06, 0x00, 0xf0, 0x00, 0x1f, 0xff, 0xff, 0xf0, 0x00, 0x00, 0x00, 0x00, 0x00, 0x00, 0x00, 0x00,
    0x00, 0x00, 0x00, 0x00, 0x00, 0x03, 0xff, 0xf0, 0x04, 0x00, 0xf8, 0x00, 0x1e, 0x1f, 0xff, 0xfc, 0x80, 0x00, 0x00, 0x00, 0x00, 0x00, 0x00, 0x00,
    0x00, 0x00, 0x00, 0x00, 0x00, 0x03, 0xbf, 0xf0, 0x0c, 0x00, 0xf8, 0x07, 0xf0, 0xff, 0xff, 0xfe, 0xc0, 0x00, 0x00, 0x00, 0x00, 0x00, 0x00, 0x00,
    0x00, 0x00, 0x00, 0x00, 0x00, 0x07, 0x7f, 0xe0, 0x08, 0x00, 0xfc, 0x3f, 0xc7, 0xff, 0xff, 0xff, 0xe0, 0x00, 0x00, 0x00, 0x00, 0x00, 0x00, 0x00,
    0x00, 0x00, 0x00, 0x00, 0x00, 0x0e, 0xff, 0xc0, 0x18, 0x00, 0xfc, 0x0f, 0x0f, 0xff, 0xff, 0xff, 0xf0, 0x00, 0x00, 0x00, 0x00, 0x00, 0x00, 0x00,
    0x00, 0x00, 0x00, 0x00, 0x00, 0x0c, 0xff, 0xc0, 0x30, 0x00, 0xfe, 0x04, 0x3f, 0xff, 0xff, 0xff, 0xf8, 0x00, 0x00, 0x00, 0x00, 0x00, 0x00, 0x00,
    0x00, 0x00, 0x00, 0x00, 0x00, 0x1d, 0xff, 0x80, 0x30, 0x01, 0xfe, 0x00, 0xfe, 0x7f, 0xff, 0xff, 0xfc, 0x40, 0x00, 0x00, 0x00, 0x00, 0x00, 0x00,
    0x00, 0x00, 0x00, 0x00, 0x00, 0x3b, 0xff, 0x00, 0x60, 0x20, 0xff, 0x01, 0xfc, 0xff, 0xf8, 0x7f, 0xfe, 0x40, 0x00, 0x00, 0x00, 0x00, 0x00, 0x00,
    0x00, 0x00, 0x00, 0x00, 0x00, 0x33, 0xff, 0x00, 0x60, 0x20, 0x3f, 0x83, 0xf1, 0xff, 0xc0, 0x07, 0xfe, 0x60, 0x00, 0x00, 0x00, 0x00, 0x00, 0x00,
    0x00, 0x00, 0x00, 0x00, 0x00, 0x77, 0xfe, 0x00, 0xc0, 0x20, 0x1f, 0xc1, 0xe1, 0xff, 0x00, 0x01, 0xfe, 0x70, 0x00, 0x00, 0x00, 0x00, 0x00, 0x00,
    0x00, 0x00, 0x00, 0x00, 0x00, 0x67, 0xfe, 0x08, 0xc0, 0x60, 0x07, 0xe0, 0x03, 0xfe, 0x00, 0x00, 0x7e, 0x38, 0x10, 0x00, 0x00, 0x00, 0x00, 0x00,
    0x00, 0x00, 0x00, 0x00, 0x00, 0xcf, 0xfc, 0x08, 0xc0, 0x60, 0x03, 0xf8, 0x03, 0xfe, 0x00, 0x00, 0x27, 0x38, 0x18, 0x00, 0x00, 0x00, 0x00, 0x00,
    0x00, 0x00, 0x00, 0x00, 0x00, 0xcf, 0xfc, 0x11, 0x88, 0x60, 0x01, 0xfe, 0x03, 0xfc, 0x0f, 0xe0, 0x07, 0x1c, 0x08, 0x00, 0x00, 0x00, 0x00, 0x00,
    0x00, 0x00, 0x00, 0x00, 0x01, 0x9f, 0xf8, 0x31, 0x9c, 0x40, 0x00, 0xff, 0x81, 0xfc, 0x1f, 0xf8, 0x03, 0x9e, 0x0c, 0x00, 0x00, 0x00, 0x00, 0x00,
    0x00, 0x00, 0x00, 0x00, 0x01, 0x9f, 0xb8, 0x23, 0x3c, 0x40, 0x00, 0x7f, 0xe0, 0xfc, 0x3f, 0xfe, 0x01, 0x8f, 0x06, 0x00, 0x00, 0x00, 0x00, 0x00,
    0x00, 0x00, 0x00, 0x00, 0x03, 0x3f, 0xf0, 0x63, 0x3c, 0x40, 0x00, 0x3f, 0xfc, 0x7c, 0x3f, 0xff, 0x80, 0x47, 0x82, 0x00, 0x00, 0x00, 0x00, 0x00,
    0x00, 0x00, 0x00, 0x00, 0x03, 0x3f, 0x70, 0x63, 0x7c, 0x40, 0x00, 0x1f, 0xfe, 0x3c, 0x3f, 0xff, 0xc0, 0x07, 0xd8, 0x00, 0x00, 0x00, 0x00, 0x00,
    0x00, 0x00, 0x00, 0x00, 0x02, 0x7f, 0x60, 0xc6, 0x7c, 0xc0, 0x00, 0x0f, 0xff, 0x3e, 0x3f, 0xff, 0xe0, 0x03, 0xec, 0x00, 0x00, 0x00, 0x00, 0x00,
    0x00, 0x00, 0x00, 0x00, 0x06, 0x7e, 0xe0, 0xc6, 0xfc, 0xc3, 0x00, 0x07, 0x7f, 0x9e, 0x1f, 0xff, 0xf0, 0x81, 0xfe, 0x00, 0x00, 0x00, 0x00, 0x00,
    0x00, 0x00, 0x00, 0x00, 0x04, 0x7e, 0xc1, 0xc6, 0xfc, 0xc7, 0xc0, 0x03, 0x3f, 0xdf, 0x0f, 0xff, 0xf8, 0x61, 0xff, 0x80, 0x00, 0x00, 0x00, 0x00,
    0x00, 0x00, 0x00, 0x00, 0x04, 0xfc, 0xc1, 0xcd, 0xfc, 0xcf, 0xe0, 0x01, 0x9f, 0xdf, 0x8f, 0xff, 0xfc, 0x3c, 0xff, 0xc0, 0x00, 0x00, 0x00, 0x00,
    0x00, 0x00, 0x00, 0x00, 0x08, 0xfd, 0xc3, 0x8d, 0xfc, 0xcf, 0xf8, 0x00, 0x8f, 0xdf, 0xc7, 0xff, 0xfc, 0x1e, 0xdf, 0xc0, 0x00, 0x00, 0x00, 0x00,
    0x00, 0x00, 0x00, 0x00, 0x08, 0xfd, 0x83, 0x8f, 0xfc, 0xdf, 0xfc, 0x00, 0xcf, 0xff, 0xe7, 0xff, 0xe6, 0x0f, 0xe7, 0xe0, 0x00, 0x00, 0x00, 0x00,
    0x00, 0x00, 0x00, 0x00, 0x01, 0xf9, 0x87, 0x9f, 0xfc, 0xdf, 0xff, 0x00, 0xcf, 0xff, 0xe7, 0xff, 0xe0, 0x07, 0xe1, 0xf0, 0x00, 0x00, 0x00, 0x00,
    0x00, 0x00, 0x00, 0x00, 0x01, 0xfb, 0x07, 0x9f, 0xfc, 0xdf, 0xf1, 0x80, 0x0f, 0xff, 0xf3, 0xff, 0xf0, 0x07, 0xf1, 0xf0, 0x00, 0x00, 0x00, 0x00,
    0x00, 0x00, 0x00, 0x00, 0x01, 0xf3, 0x07, 0x9f, 0xfc, 0xdf, 0x80, 0x00, 0x0f, 0xff, 0xf3, 0xff, 0xf8, 0xff, 0xf4, 0xf8, 0x00, 0x00, 0x00, 0x00,
    0x00, 0x00, 0x00, 0x00, 0x03, 0xf3, 0x0f, 0x1f, 0xfc, 0xfe, 0x00, 0x00, 0x0f, 0xff, 0xfb, 0xff, 0xfc, 0x3f, 0x72, 0xf8, 0x00, 0x00, 0x00, 0x00,
    0x00, 0x00, 0x00, 0x00, 0x03, 0xf6, 0x0f, 0x1f, 0x04, 0xfc, 0x00, 0x00, 0x1f, 0xff, 0xfb, 0xff, 0xfe, 0x0f, 0x78, 0x18, 0x00, 0x00, 0x00, 0x00,
    0x00, 0x00, 0x00, 0x00, 0x03, 0xf6, 0x1f, 0x3c, 0x00, 0xf8, 0x00, 0x00, 0x1f, 0xff, 0xfb, 0xff, 0xff, 0x87, 0x3e, 0x30, 0x00, 0x00, 0x00, 0x00,
    0x00, 0x00, 0x00, 0x00, 0x07, 0xe6, 0x1f, 0x38, 0x00, 0xf0, 0x00, 0x00, 0x3f, 0xff, 0xfb, 0xff, 0xfe, 0x07, 0x1f, 0x38, 0x00, 0x00, 0x00, 0x00,
    0x00, 0x00, 0x00, 0x00, 0x03, 0xe6, 0x1a, 0x30, 0x00, 0x70, 0x00, 0x00, 0xff, 0xff, 0xfb, 0xff, 0xff, 0x07, 0x8f, 0xb8, 0x00, 0x00, 0x00, 0x00,
    0x00, 0x00, 0x00, 0x00, 0x01, 0xec, 0x00, 0x20, 0x00, 0x60, 0x00, 0x03, 0xff, 0xff, 0xfb, 0xff, 0xff, 0xc1, 0xe3, 0xfc, 0x00, 0x00, 0x00, 0x00,
    0x00, 0x00, 0x00, 0x00, 0x00, 0xcc, 0x00, 0x20, 0x00, 0x40, 0x01, 0x87, 0xff, 0xff, 0xff, 0xff, 0xff, 0xf0, 0x71, 0xfc, 0x00, 0x00, 0x00, 0x00,
    0x00, 0x00, 0x00, 0x00, 0x00, 0xcc, 0x08, 0x00, 0x00, 0x40, 0x03, 0xc3, 0xff, 0xff, 0xff, 0xff, 0xff, 0xfc, 0x19, 0xfe, 0x00, 0x00, 0x00, 0x00,
    0x00, 0x00, 0x00, 0x00, 0x00, 0xc8, 0x18, 0x00, 0x00, 0x40, 0x07, 0xe0, 0x77, 0xff, 0xff, 0xff, 0xff, 0xfe, 0x0c, 0xe7, 0x00, 0x00, 0x00, 0x00,
    0x00, 0x00, 0x00, 0x00, 0x00, 0x08, 0x30, 0x04, 0x00, 0x00, 0x0f, 0xf8, 0x0f, 0xff, 0xff, 0xff, 0xff, 0xff, 0x8c, 0x77, 0x00, 0x00, 0x00, 0x00,
    0x00, 0x00, 0x00, 0x00, 0x00, 0x18, 0x70, 0x0c, 0x00, 0x00, 0x0f, 0xff, 0xff, 0xff, 0xff, 0xff, 0xff, 0xff, 0xc6, 0x3f, 0x00, 0x00, 0x00, 0x00,
    0x00, 0x00, 0x00, 0x00, 0x00, 0x18, 0x60, 0x08, 0x08, 0x00, 0x1f, 0xff, 0xff, 0xff, 0xff, 0xff, 0xff, 0xff, 0xc6, 0x1e, 0x00, 0x00, 0x00, 0x00,
    0x00, 0x00, 0x00, 0x00, 0x00, 0x18, 0x20, 0x18, 0x00, 0x00, 0x1f, 0xff, 0xff, 0xff, 0xff, 0xff, 0xff, 0xff, 0xe7, 0x0e, 0x00, 0x00, 0x00, 0x00,
    0x00, 0x00, 0x00, 0x00, 0x00, 0x10, 0x00, 0x30, 0x10, 0x00, 0x1f, 0xff, 0xff, 0xff, 0xff, 0xff, 0xff, 0xff, 0xe3, 0xc4, 0x00, 0x00, 0x00, 0x00,
    0x00, 0x00, 0x00, 0x00, 0x00, 0x10, 0x00, 0x30, 0x10, 0x00, 0x3f, 0x00, 0x3f, 0xff, 0xff, 0xff, 0xff, 0xff, 0xe3, 0x80, 0x00, 0x00, 0x00, 0x00,
    0x00, 0x00, 0x00, 0x00, 0x00, 0x10, 0x00, 0x20, 0x30, 0x00, 0x3c, 0x00, 0x00, 0x1f, 0xff, 0xff, 0xff, 0xff, 0xe0, 0x00, 0x00, 0x00, 0x00, 0x00,
    0x00, 0x00, 0x00, 0x00, 0x00, 0x30, 0x00, 0x60, 0x30, 0x00, 0x38, 0x38, 0x00, 0x00, 0x0f, 0xff, 0xff, 0xff, 0xf0, 0x20, 0x00, 0x00, 0x00, 0x00,
    0x00, 0x00, 0x00, 0x00, 0x00, 0x20, 0x00, 0x60, 0x30, 0x00, 0x30, 0xfe, 0x1f, 0xc0, 0x00, 0x07, 0xff, 0xff, 0xf8, 0x70, 0x00, 0x00, 0x00, 0x00,
    0x00, 0x00, 0x00, 0x00, 0x00, 0x20, 0x00, 0x60, 0x70, 0x00, 0x21, 0xff, 0x1f, 0xff, 0xe0, 0x00, 0x03, 0xff, 0xfe, 0x30, 0x00, 0x00, 0x00, 0x00,
    0x00, 0x00, 0x00, 0x00, 0x00, 0x20, 0x00, 0x40, 0x60, 0x00, 0x63, 0x83, 0x8f, 0xff, 0xff, 0xf8, 0x00, 0x00, 0xfe, 0x30, 0x00, 0x00, 0x00, 0x00,
    0x00, 0x00, 0x00, 0x00, 0x00, 0x20, 0x00, 0x40, 0x60, 0x00, 0x67, 0x01, 0xcf, 0xff, 0xe7, 0xff, 0xfc, 0x00, 0x00, 0x10, 0x00, 0x00, 0x00, 0x00,
    0x00, 0x00, 0x00, 0x00, 0x00, 0x00, 0x00, 0x40, 0x60, 0x00, 0x46, 0x7d, 0xcf, 0xff, 0xeb, 0xff, 0xff, 0xfe, 0x00, 0x00, 0x00, 0x00, 0x00, 0x00,
    0x00, 0x00, 0x00, 0x00, 0x00, 0x00, 0x00, 0x40, 0x60, 0x00, 0x46, 0x7c, 0xc7, 0xff, 0xeb, 0xff, 0xff, 0xff, 0xff, 0x80, 0x00, 0x00, 0x00, 0x00,
    0x00, 0x00, 0x00, 0x00, 0x00, 0x00, 0x00, 0x40, 0x60, 0x00, 0x06, 0x7c, 0xc7, 0xff, 0xf7, 0xff, 0xff, 0xfc, 0x7f, 0xf8, 0x00, 0x00, 0x00, 0x00,
    0x00, 0x00, 0x00, 0x00, 0x00, 0x00, 0x00, 0x40, 0x70, 0x00, 0x06, 0x7c, 0xc7, 0xff, 0xff, 0xff, 0xff, 0xfd, 0x7f, 0xf8, 0x00, 0x00, 0x00, 0x00,
    0x00, 0x00, 0x00, 0x00, 0x00, 0x00, 0x08, 0x10, 0x70, 0x00, 0x07, 0x39, 0xcf, 0xff, 0xff, 0xff, 0xff, 0xfc, 0x7f, 0xfc, 0x00, 0x00, 0x00, 0x00,
    0x00, 0x00, 0x00, 0x00, 0x00, 0x00, 0x08, 0x10, 0x70, 0x00, 0x07, 0x01, 0xcf, 0xff, 0xfc, 0x01, 0xff, 0xff, 0xff, 0xfc, 0x00, 0x00, 0x00, 0x00,
    0x00, 0x00, 0x00, 0x00, 0x00, 0x00, 0x08, 0x10, 0x70, 0x00, 0x03, 0xc7, 0x8f, 0xff, 0xfc, 0x00, 0x00, 0xff, 0xff, 0xfc, 0x00, 0x00, 0x00, 0x00,
    0x00, 0x00, 0x00, 0x00, 0x00, 0x00, 0x08, 0x10, 0x70, 0x00, 0x01, 0xff, 0x1f, 0xff, 0xfc, 0x00, 0x00, 0x00, 0x3f, 0xfe, 0x00, 0x00, 0x00, 0x00,
    0x00, 0x00, 0x00, 0x00, 0x00, 0x00, 0x08, 0x18, 0x70, 0x00, 0x00, 0xfe, 0x1f, 0xff, 0xfc, 0x00, 0x00, 0x00, 0x00, 0x1e, 0x00, 0x00, 0x00, 0x00,
    0x00, 0x00, 0x00, 0x00, 0x00, 0x00, 0x0c, 0x18, 0x30, 0x00, 0x00, 0x00, 0x07, 0xff, 0xfc, 0x00, 0x00, 0x00, 0x00, 0x00, 0x00, 0x00, 0x00, 0x00,
    0x00, 0x00, 0x00, 0x00, 0x00, 0x00, 0x0c, 0x18, 0x38, 0x00, 0x00, 0x00, 0x03, 0xff, 0xfc, 0x00, 0x00, 0x00, 0x00, 0x00, 0x00, 0x00, 0x00, 0x00,
    0x00, 0x00, 0x00, 0x00, 0x00, 0x00, 0x1c, 0x18, 0x38, 0x00, 0x40, 0x00, 0x01, 0xff, 0xfe, 0x00, 0x00, 0x00, 0x00, 0x00, 0x00, 0x00, 0x00, 0x00,
    0x00, 0x00, 0x00, 0x00, 0x00, 0x00, 0x1c, 0x18, 0x38, 0x00, 0x60, 0x18, 0x00, 0x7f, 0xff, 0xf0, 0x00, 0x00, 0x00, 0x00, 0x00, 0x00, 0x00, 0x00,
    0x00, 0x00, 0x00, 0x00, 0x00, 0x00, 0x1c, 0x38, 0x18, 0x00, 0x20, 0x1c, 0x00, 0x3f, 0xc7, 0xff, 0xe0, 0x00, 0x00, 0x00, 0x00, 0x00, 0x00, 0x00,
    0x00, 0x00, 0x00, 0x00, 0x00, 0x00, 0x3c, 0x38, 0x18, 0x00, 0x30, 0x0c, 0x00, 0x1f, 0xd7, 0xff, 0xff, 0x00, 0x00, 0x00, 0x00, 0x00, 0x00, 0x00,
    0x00, 0x00, 0x00, 0x00, 0x00, 0x00, 0x3c, 0x30, 0x1c, 0x00, 0x38, 0x0e, 0x00, 0x0f, 0xc7, 0xff, 0xff, 0xfc, 0x00, 0x00, 0x00, 0x00, 0x00, 0x00,
    0x00, 0x00, 0x00, 0x00, 0x00, 0x00, 0x7c, 0x30, 0x1c, 0x00, 0x1c, 0x06, 0x00, 0x03, 0xff, 0xff, 0xff, 0xff, 0xe0, 0x00, 0x00, 0x00, 0x00, 0x00,
    0x00, 0x00, 0x00, 0x00, 0x00, 0x00, 0x78, 0x70, 0x1c, 0x00, 0x0f, 0x07, 0x00, 0x00, 0x7f, 0xff, 0xff, 0xff, 0xff, 0x80, 0x00, 0x00, 0x00, 0x00,
    0x00, 0x00, 0x00, 0x00, 0x00, 0x00, 0xf8, 0x70, 0x0c, 0x00, 0x0f, 0x83, 0x00, 0x00, 0x01, 0xff, 0xff, 0xf8, 0xff, 0xfe, 0x00, 0x00, 0x00, 0x00,
    0x00, 0x00, 0x00, 0x00, 0x00, 0x01, 0xf8, 0xf0, 0x0e, 0x00, 0x0f, 0xc3, 0x80, 0x00, 0x00, 0x0f, 0xff, 0xfa, 0xff, 0xff, 0xf0, 0x00, 0x00, 0x00,
    0x00, 0x00, 0x00, 0x00, 0x00, 0x03, 0xf8, 0xe0, 0x0e, 0x00, 0x0f, 0xe1, 0x80, 0x00, 0x0c, 0x00, 0x3f, 0xf8, 0xff, 0xff, 0xf8, 0x00, 0x00, 0x00,
    0x00, 0x00, 0x00, 0x00, 0x00, 0x07, 0xf8, 0xe0, 0x0e, 0x00, 0x0f, 0xe1, 0x80, 0x00, 0x0f, 0xf0, 0x00, 0xff, 0xff, 0xff, 0xf8, 0x00, 0x00, 0x00,
    0x00, 0x00, 0x00, 0x00, 0x00, 0x0f, 0xf1, 0xe0, 0x0e, 0x00, 0x0f, 0xf0, 0xc6, 0x03, 0x1f, 0xff, 0x00, 0x07, 0xff, 0xff, 0xf0, 0x00, 0x00, 0x00,
    0x00, 0x00, 0x00, 0x00, 0x00, 0x3f, 0xf1, 0xc0, 0x0e, 0x00, 0x0f, 0xf8, 0xce, 0x03, 0x1f, 0xff, 0x06, 0x00, 0x1f, 0xff, 0xf0, 0x00, 0x00, 0x00,
    0x00, 0x00, 0x00, 0x03, 0x00, 0xfe, 0xf3, 0xc2, 0x0e, 0x00, 0x07, 0xf8, 0xc6, 0x03, 0x1f, 0xff, 0x07, 0xc0, 0x00, 0xff, 0xe0, 0x00, 0x00, 0x00,
    0x00, 0x00, 0x00, 0x01, 0xff, 0xfd, 0xe7, 0x82, 0x0e, 0x00, 0x0f, 0xf8, 0xc0, 0x03, 0x1f, 0xff, 0x0f, 0xc3, 0xc0, 0x0f, 0xc0, 0x00, 0x00, 0x00,
    0x00, 0x00, 0x00, 0x00, 0xff, 0xf1, 0xe7, 0x82, 0x0e, 0x00, 0x0f, 0xf8, 0xc0, 0x03, 0x1f, 0xff, 0x0f, 0xc3, 0xe0, 0x0f, 0xc0, 0x00, 0x00, 0x00,
    0x00, 0x00, 0x00, 0x00, 0x3f, 0xc3, 0xcf, 0x06, 0x0e, 0x00, 0x0f, 0xf8, 0xc0, 0x03, 0x1f, 0xfe, 0x0f, 0xc3, 0xe0, 0x0f, 0x80, 0x00, 0x00, 0x00,
    0x00, 0x00, 0x00, 0x00, 0x00, 0x03, 0xdf, 0x04, 0x0c, 0x00, 0x0f, 0xf8, 0xc0, 0x03, 0x1f, 0xfe, 0x0f, 0xc3, 0xe0, 0x1f, 0x80, 0x00, 0x00, 0x00,
    0x00, 0x00, 0x00, 0x00, 0x00, 0x07, 0xfe, 0x0c, 0x04, 0x00, 0x0f, 0xf8, 0xc0, 0x03, 0x1f, 0xfe, 0x0f, 0xc7, 0xc0, 0x1f, 0x80, 0x00, 0x00, 0x00,
    0x00, 0x00, 0x00, 0x00, 0x00, 0x0f, 0xfc, 0x1c, 0x00, 0x00, 0x0f, 0xf8, 0xc0, 0x03, 0x3f, 0xfe, 0x1f, 0x87, 0xc0, 0x3f, 0x00, 0x00, 0x00, 0x00,
    0x00, 0x00, 0x00, 0x00, 0x00, 0x1f, 0xf8, 0x18, 0x10, 0x00, 0x0f, 0xf8, 0xc0, 0x03, 0x3f, 0xfe, 0x1f, 0x87, 0xc0, 0x3f, 0x00, 0x00, 0x00, 0x00,
    0x00, 0x00, 0x00, 0x00, 0x00, 0x3f, 0xf0, 0x38, 0x3c, 0x00, 0x0f, 0xf8, 0xc0, 0x03, 0x3f, 0xfe, 0x1f, 0x87, 0xc0, 0x3e, 0x00, 0x00, 0x00, 0x00,
    0x00, 0x00, 0x00, 0x00, 0x00, 0xff, 0xe0, 0x70, 0x3f, 0x00, 0x0f, 0xf8, 0xc0, 0x03, 0x3f, 0xfe, 0x1f, 0x8f, 0x80, 0x7e, 0x00, 0x00, 0x00, 0x00,
    0x00, 0x00, 0x00, 0x00, 0x01, 0xff, 0xc0, 0xf0, 0x79, 0xe0, 0x0f, 0xf8, 0xc0, 0x03, 0x3f, 0xfe, 0x1f, 0x0f, 0x80, 0x7c, 0x00, 0x00, 0x00, 0x00,
    0x00, 0x00, 0x00, 0x00, 0x03, 0xff, 0x00, 0xe0, 0x70, 0x38, 0x0f, 0xf8, 0xc0, 0x03, 0x3f, 0xfc, 0x3c, 0x00, 0x00, 0xfc, 0x00, 0x00, 0x00, 0x00,
    0x00, 0x00, 0x00, 0x00, 0x07, 0xfe, 0x01, 0xc0, 0xf3, 0x0e, 0x07, 0xf8, 0xc0, 0x03, 0x3f, 0xfc, 0x20, 0x00, 0x00, 0xf8, 0x00, 0x00, 0x00, 0x00,
    0x00, 0x00, 0x00, 0x00, 0x1f, 0xf8, 0x03, 0xc0, 0xe3, 0x03, 0xc1, 0xf8, 0xc0, 0x03, 0x3f, 0xfc, 0x00, 0x00, 0x00, 0xf8, 0x00, 0x00, 0x00, 0x00,
    0x00, 0x00, 0x00, 0x00, 0x3f, 0xf0, 0x07, 0x80, 0x70, 0x03, 0xf0, 0x78, 0xc0, 0x03, 0x3f, 0xfc, 0x00, 0x00, 0x01, 0xf8, 0x00, 0x00, 0x00, 0x00,
    0x00, 0x00, 0x00, 0x00, 0x7f, 0xc0, 0x07, 0x00, 0x1e, 0x03, 0xfc, 0x18, 0xc0, 0x01, 0x7f, 0xfc, 0x00, 0x00, 0x01, 0xf0, 0x00, 0x00, 0x00, 0x00,
    0x00, 0x00, 0x00, 0x00, 0xff, 0x00, 0x0e, 0x00, 0x07, 0x83, 0xff, 0x00, 0xc0, 0x01, 0x7f, 0xfc, 0x70, 0x00, 0x01, 0xf0, 0x00, 0x00, 0x00, 0x00,
    0x00, 0x00, 0x00, 0x00, 0xfe, 0x06, 0x0e, 0x00, 0x00, 0xe7, 0xff, 0xc0, 0xc0, 0x01, 0x7f, 0xfc, 0x7e, 0x00, 0x03, 0xe0, 0x00, 0x00, 0x00, 0x00,
    0x00, 0x00, 0x00, 0x01, 0xf8, 0x06, 0x1c, 0x00, 0x00, 0x3f, 0xfc, 0xf8, 0xc0, 0x01, 0x7f, 0xf8, 0x7e, 0x3e, 0x03, 0xe0, 0x00, 0x00, 0x00, 0x00,
    0x00, 0x00, 0x00, 0x03, 0xf0, 0x0c, 0x1c, 0x00, 0x00, 0x0f, 0xfb, 0x78, 0xc0, 0x01, 0x7f, 0xfc, 0x7e, 0x3c, 0x03, 0xe0, 0x00, 0x00, 0x00, 0x00,
    0x00, 0x00, 0x00, 0x07, 0xe0, 0x1c, 0x18, 0x00, 0x00, 0x01, 0xfb, 0x78, 0xc0, 0x01, 0x7f, 0xfe, 0x7c, 0x7c, 0x07, 0xc0, 0x00, 0x00, 0x00, 0x00,
    0x00, 0x00, 0x00, 0x07, 0x80, 0x3c, 0x38, 0x00, 0x00, 0x00, 0x7c, 0xf8, 0xc0, 0x01, 0x7f, 0xff, 0xfc, 0x7c, 0x07, 0xc0, 0x00, 0x00, 0x00, 0x00,
    0x00, 0x00, 0x00, 0x0f, 0x01, 0x3c, 0x30, 0x40, 0x00, 0x00, 0x1f, 0xf8, 0xc0, 0x01, 0xff, 0xff, 0xfc, 0x78, 0x07, 0xc0, 0x00, 0x00, 0x00, 0x00,
    0x00, 0x00, 0x00, 0x0f, 0x02, 0x78, 0x30, 0xc0, 0x00, 0x00, 0x03, 0xf8, 0xc0, 0x01, 0xff, 0xff, 0xfc, 0x78, 0x0f, 0x80, 0x00, 0x00, 0x00, 0x00,
    0x00, 0x00, 0x00, 0x1e, 0x06, 0x78, 0x30, 0x80, 0x18, 0x00, 0x00, 0xf8, 0xce, 0x01, 0xff, 0xff, 0xfc, 0x78, 0x0f, 0x80, 0x00, 0x00, 0x00, 0x00,
    0x00, 0x00, 0x00, 0x1c, 0x0c, 0xfc, 0x30, 0x80, 0x3f, 0x00, 0x00, 0x3c, 0xce, 0x01, 0xff, 0xff, 0xfc, 0xf8, 0x0f, 0x80, 0x00, 0x00, 0x00, 0x00,
    0x00, 0x00, 0x00, 0x18, 0x0c, 0xfc, 0x31, 0x80, 0x3b, 0xe0, 0x00, 0x08, 0xc0, 0x01, 0xff, 0xff, 0xfc, 0xf0, 0x1f, 0x00, 0x00, 0x00, 0x00, 0x00,
    0x00, 0x00, 0x00, 0x38, 0x1c, 0xfc, 0x31, 0x80, 0x38, 0x3c, 0x00, 0x00, 0xc0, 0x01, 0xff, 0xff, 0xff, 0xf0, 0x1f, 0x00, 0x00, 0x00, 0x00, 0x00,
    0x00, 0x00, 0x00, 0x30, 0x3c, 0xfc, 0x31, 0x80, 0x30, 0x0f, 0x00, 0x00, 0xf0, 0x01, 0xff, 0xff, 0xff, 0xf0, 0x1f, 0x00, 0x00, 0x00, 0x00, 0x00,
    0x00, 0x00, 0x00, 0x20, 0x3c, 0xfc, 0x31, 0x80, 0x00, 0x01, 0x00, 0x00, 0x7c, 0x01, 0xff, 0xff, 0xff, 0xf0, 0x1f, 0x00, 0x00, 0x00, 0x00, 0x00,
    0x00, 0x00, 0x00, 0x20, 0x7c, 0xfc, 0x11, 0x80, 0x00, 0x00, 0x10, 0x00, 0x1f, 0x80, 0x7f, 0xff, 0xff, 0xe0, 0x3e, 0x00, 0x00, 0x00, 0x00, 0x00,
    0x00, 0x00, 0x00, 0x00, 0x78, 0xfe, 0x11, 0xc1, 0xc0, 0x00, 0x1c, 0x00, 0x03, 0xe0, 0x3f, 0xff, 0xff, 0xe0, 0x3e, 0x00, 0x00, 0x00, 0x00, 0x00,
    0x00, 0x00, 0x00, 0x00, 0x78, 0xfe, 0x01, 0xc3, 0xfc, 0x00, 0x1f, 0x00, 0x00, 0xf8, 0x1f, 0xff, 0xff, 0xf8, 0x3e, 0x00, 0x00, 0x00, 0x00, 0x00,
    0x00, 0x00, 0x00, 0x00, 0xf8, 0xff, 0x01, 0xc3, 0x0f, 0x80, 0x1d, 0xc0, 0x00, 0x3e, 0x0f, 0xff, 0xff, 0xfc, 0x7c, 0x00, 0x00, 0x00, 0x00, 0x00,
    0x00, 0x00, 0x00, 0x00, 0xfc, 0xff, 0x01, 0xe0, 0x01, 0xf0, 0x1c, 0xf0, 0x00, 0x0f, 0x87, 0xff, 0xff, 0xfc, 0x7c, 0x00, 0x00, 0x00, 0x00, 0x00,
    0x00, 0x00, 0x00, 0x00, 0xec, 0xff, 0x80, 0xf0, 0x00, 0x3c, 0x06, 0xfc, 0x00, 0x03, 0xe1, 0xff, 0xff, 0xfe, 0x7c, 0x00, 0x00, 0x00, 0x00, 0x00,
    0x00, 0x00, 0x00, 0x00, 0xec, 0x7f, 0xc0, 0xf0, 0x60, 0x18, 0x83, 0xff, 0x00, 0x00, 0xf8, 0xff, 0xff, 0xfc, 0x7c, 0x00, 0x00, 0x00, 0x00, 0x00,
    0x00, 0x00, 0x00, 0x00, 0xec, 0x7f, 0xe0, 0x78, 0x20, 0x31, 0xe0, 0xff, 0xc0, 0x00, 0x3e, 0x3f, 0xff, 0xfc, 0xf8, 0x00, 0x00, 0x00, 0x00, 0x00,
    0x00, 0x00, 0x00, 0x01, 0xec, 0x3f, 0xf0, 0x7e, 0x00, 0x73, 0xf8, 0x3f, 0xe0, 0x00, 0x0f, 0x9f, 0xff, 0xfc, 0xf8, 0x00, 0x00, 0x00, 0x00, 0x00,
    0x00, 0x00, 0x00, 0x01, 0xc6, 0x3f, 0xfc, 0x3f, 0x00, 0x63, 0xfe, 0x0f, 0xf8, 0x00, 0x01, 0xf7, 0xff, 0xfc, 0xf8, 0x00, 0x00, 0x00, 0x00, 0x00,
    0x00, 0x00, 0x00, 0x01, 0xc2, 0x1f, 0xfe, 0x1f, 0x80, 0x07, 0xff, 0x87, 0xfc, 0x00, 0x00, 0x7f, 0xff, 0xf8, 0xf8, 0x00, 0x00, 0x00, 0x00, 0x00,
    0x00, 0x00, 0x00, 0x01, 0xc3, 0x0f, 0xff, 0x8f, 0xe0, 0x03, 0xff, 0xe1, 0xfe, 0x00, 0x00, 0x1f, 0xff, 0xf9, 0xf0, 0x00, 0x00, 0x00, 0x00, 0x00,
    0x00, 0x00, 0x00, 0x00, 0xc1, 0x0f, 0xff, 0xf3, 0xfc, 0x00, 0x3f, 0xf8, 0x7f, 0x00, 0x00, 0x07, 0xff, 0xf9, 0xb0, 0x00, 0x00, 0x00, 0x00, 0x00,
    0x00, 0x00, 0x00, 0x00, 0xe0, 0x87, 0xff, 0xff, 0xff, 0xc0, 0x0f, 0xfc, 0x1f, 0xc0, 0x00, 0x01, 0xff, 0xf9, 0x50, 0x00, 0x00, 0x00, 0x00, 0x00,
    0x00, 0x00, 0x00, 0x00, 0xe0, 0x01, 0xff, 0xff, 0xff, 0xfc, 0x03, 0xff, 0x07, 0xe0, 0x00, 0x00, 0x7f, 0xf1, 0x10, 0x00, 0x00, 0x00, 0x00, 0x00,
    0x00, 0x00, 0x00, 0x00, 0xe0, 0x00, 0xff, 0xff, 0xff, 0xff, 0x80, 0xff, 0x83, 0xf0, 0x00, 0x00, 0x0f, 0xf1, 0x90, 0x00, 0x00, 0x00, 0x00, 0x00,
    0x00, 0x00, 0x00, 0x00, 0xe0, 0x00, 0x7f, 0xff, 0xff, 0xff, 0xf0, 0x7f, 0xe0, 0xfc, 0x00, 0x00, 0x03, 0xf3, 0xe0, 0x00, 0x00, 0x00, 0x00, 0x00,
    0x00, 0x00, 0x00, 0x00, 0x60, 0x00, 0x1f, 0xff, 0xff, 0x80, 0xf8, 0x3f, 0xf8, 0x3e, 0x00, 0x00, 0x00, 0xf3, 0xe0, 0x00, 0x00, 0x00, 0x00, 0x00,
    0x00, 0x00, 0x00, 0x00, 0x70, 0x00, 0x03, 0xff, 0xff, 0xf0, 0x04, 0x3f, 0xfc, 0x1f, 0x00, 0x00, 0x00, 0x23, 0xe0, 0x00, 0x00, 0x00, 0x00, 0x00,
    0x00, 0x00, 0x00, 0x00, 0x70, 0x20, 0x00, 0x3f, 0xff, 0xfc, 0x00, 0x1f, 0xff, 0x07, 0xc0, 0x00, 0x00, 0x03, 0xe0, 0x00, 0x00, 0x00, 0x00, 0x00,
    0x00, 0x00, 0x00, 0x00, 0x30, 0x10, 0x00, 0x00, 0x3f, 0xff, 0x00, 0x0f, 0xff, 0xc1, 0xe0, 0x00, 0x00, 0x03, 0xe0, 0x00, 0x00, 0x00, 0x00, 0x00,
    0x00, 0x00, 0x00, 0x00, 0x38, 0x0c, 0x00, 0x00, 0x00, 0xff, 0x80, 0x0f, 0xff, 0xf0, 0x78, 0x00, 0x00, 0x00, 0x60, 0x00, 0x00, 0x00, 0x00, 0x00,
    0x00, 0x00, 0x00, 0x00, 0x18, 0x06, 0x00, 0x00, 0x00, 0x1f, 0xc1, 0x0f, 0xff, 0xfc, 0x1e, 0x00, 0x00, 0x00, 0x00, 0x00, 0x00, 0x00, 0x00, 0x00,
    0x00, 0x00, 0x00, 0x00, 0x0c, 0x03, 0x80, 0x00, 0x00, 0x07, 0xf0, 0xc7, 0xff, 0xff, 0x07, 0x00, 0x00, 0x00, 0x00, 0x00, 0x00, 0x00, 0x00, 0x00,
    0x00, 0x00, 0x00, 0x00, 0x0e, 0x01, 0xf0, 0x03, 0xff, 0xe1, 0xf8, 0xe7, 0xff, 0xff, 0xc0, 0xc0, 0x00, 0x00, 0x00, 0x00, 0x00, 0x00, 0x00, 0x00,
    0x00, 0x00, 0x00, 0x00, 0x07, 0x00, 0xfe, 0x00, 0x3f, 0xfc, 0x78, 0x77, 0xff, 0xff, 0xf0, 0x00, 0x00, 0x00, 0x00, 0x00, 0x00, 0x00, 0x00, 0x00,
    0x00, 0x00, 0x00, 0x00, 0x03, 0x00, 0x7f, 0xf0, 0x07, 0xff, 0xbc, 0x3f, 0xff, 0xff, 0xfc, 0x00, 0x00, 0x00, 0x00, 0x00, 0x00, 0x00, 0x00, 0x00,
    0x00, 0x00, 0x00, 0x00, 0x01, 0x80, 0x0f, 0xff, 0x00, 0xff, 0xde, 0x0f, 0xff, 0xff, 0xff, 0x80, 0x00, 0x00, 0x00, 0x00, 0x00, 0x00, 0x00, 0x00,
    0x00, 0x00, 0x00, 0x00, 0x00, 0x40, 0x00, 0xff, 0xe0, 0x3f, 0xfe, 0x07, 0xfc, 0xff, 0xff, 0xf0, 0x60, 0x00, 0x00, 0x00, 0x00, 0x00, 0x00, 0x00,
    0x00, 0x00, 0x00, 0x00, 0x00, 0x30, 0x00, 0x00, 0x00, 0x0f, 0xff, 0x03, 0xfb, 0x7f, 0xff, 0xff, 0xe0, 0x00, 0x00, 0x00, 0x00, 0x00, 0x00, 0x00,
    0x00, 0x00, 0x00, 0x00, 0x00, 0x10, 0x00, 0x00, 0x00, 0x07, 0xff, 0x01, 0xfb, 0x7f, 0xff, 0xff, 0xf0, 0x00, 0x00, 0x00, 0x00, 0x00, 0x00, 0x00,
    0x00, 0x00, 0x00, 0x00, 0x00, 0x00, 0x00, 0x00, 0x00, 0x03, 0xbf, 0x80, 0x7c, 0xff, 0xff, 0xff, 0xf0, 0x00, 0x00, 0x00, 0x00, 0x00, 0x00, 0x00,
    0x00, 0x00, 0x00, 0x00, 0x00, 0x00, 0x00, 0x00, 0x00, 0x01, 0xdf, 0x80, 0x3f, 0xff, 0xff, 0xff, 0xf8, 0x00, 0x00, 0x00, 0x00, 0x00, 0x00, 0x00,
    0x00, 0x00, 0x00, 0x00, 0x00, 0x00, 0x00, 0x00, 0x00, 0x00, 0xcf, 0x80, 0x1f, 0xff, 0xff, 0xff, 0xf8, 0x00, 0x00, 0x00, 0x00, 0x00, 0x00, 0x00,
    0x00, 0x00, 0x00, 0x00, 0x00, 0x00, 0x00, 0x00, 0x01, 0x80, 0x6f, 0x80, 0x0f, 0xff, 0xff, 0xff, 0xfc, 0x00, 0x00, 0x00, 0x00, 0x00, 0x00, 0x00,
    0x00, 0x00, 0x00, 0x00, 0x00, 0x00, 0x00, 0x00, 0x00, 0xe0, 0x67, 0xc0, 0x03, 0xff, 0xff, 0xff, 0xfc, 0x00, 0x00, 0x00, 0x00, 0x00, 0x00, 0x00,
    0x00, 0x00, 0x00, 0x00, 0x00, 0x00, 0x00, 0x00, 0x00, 0x70, 0x27, 0xc0, 0x01, 0xff, 0xff, 0xff, 0xfc, 0x00, 0x00, 0x00, 0x00, 0x00, 0x00, 0x00,
    0x00, 0x00, 0x00, 0x00, 0x00, 0x00, 0x00, 0x00, 0x00, 0x38, 0x33, 0xc0, 0x00, 0x7f, 0xfe, 0xff, 0xfe, 0x00, 0x00, 0x00, 0x00, 0x00, 0x00, 0x00,
    0x00, 0x00, 0x00, 0x00, 0x00, 0x00, 0x00, 0x00, 0x00, 0x1c, 0x33, 0xc0, 0x00, 0x3f, 0xfc, 0x7f, 0xfe, 0x00, 0x00, 0x00, 0x00, 0x00, 0x00, 0x00,
    0x00, 0x00, 0x00, 0x00, 0x00, 0x00, 0x00, 0x00, 0x00, 0x1c, 0x13, 0xc0, 0x00, 0x0f, 0xfb, 0x7f, 0xff, 0x00, 0x00, 0x00, 0x00, 0x00, 0x00, 0x00,
    0x00, 0x00, 0x00, 0x00, 0x00, 0x00, 0x00, 0x00, 0x00, 0x0e, 0x03, 0xc0, 0x00, 0x07, 0xfc, 0x7f, 0xff, 0x00, 0x00, 0x00, 0x00, 0x00, 0x00, 0x00,
    0x00, 0x00, 0x00, 0x00, 0x00, 0x00, 0x00, 0x00, 0x00, 0x0e, 0x03, 0x80, 0x00, 0x01, 0xfe, 0xff, 0xe7, 0x80, 0x00, 0x00, 0x00, 0x00, 0x00, 0x00,
    0x00, 0x00, 0x00, 0x00, 0x00, 0x00, 0x00, 0x00, 0x00, 0x0f, 0x03, 0x80, 0x00, 0x00, 0x7f, 0xff, 0xcb, 0x80, 0x00, 0x00, 0x00, 0x00, 0x00, 0x00,
    0x00, 0x00, 0x00, 0x00, 0x00, 0x00, 0x00, 0x00, 0x00, 0x0f, 0x03, 0x80, 0x00, 0x00, 0x1f, 0xff, 0xdb, 0xc0, 0x00, 0x00, 0x00, 0x00, 0x00, 0x00,
    0x00, 0x00, 0x00, 0x00, 0x00, 0x00, 0x00, 0x00, 0x00, 0x0f, 0x03, 0x00, 0x00, 0x00, 0x07, 0xff, 0xe3, 0xc0, 0x00, 0x00, 0x00, 0x00, 0x00, 0x00,
    0x00, 0x00, 0x00, 0x00, 0x00, 0x00, 0x00, 0x00, 0x00, 0x0f, 0x03, 0x00, 0x00, 0x00, 0x01, 0xff, 0xff, 0xc0, 0x00, 0x00, 0x00, 0x00, 0x00, 0x00,
    0x00, 0x00, 0x00, 0x00, 0x00, 0x00, 0x00, 0x00, 0x00, 0x0f, 0x06, 0x00, 0x00, 0x00, 0x00, 0x3f, 0xff, 0xe0, 0x00, 0x00, 0x00, 0x00, 0x00, 0x00,
    0x00, 0x00, 0x00, 0x00, 0x00, 0x00, 0x00, 0x00, 0x00, 0x1f, 0x06, 0x00, 0x00, 0x00, 0x00, 0x07, 0xff, 0xe0, 0x00, 0x00, 0x00, 0x00, 0x00, 0x00,
    0x00, 0x00, 0x00, 0x00, 0x00, 0x00, 0x00, 0x00, 0x00, 0x1e, 0x04, 0x00, 0x00, 0x00, 0x00, 0x00, 0x7f, 0xf0, 0x00, 0x00, 0x00, 0x00, 0x00, 0x00,
    0x00, 0x00, 0x00, 0x00, 0x00, 0x00, 0x00, 0x00, 0x00, 0x3e, 0x08, 0x00, 0x00, 0x00, 0x00, 0x00, 0x03, 0xf0, 0x00, 0x00, 0x00, 0x00, 0x00, 0x00,
    0x00, 0x00, 0x00, 0x00, 0x00, 0x00, 0x00, 0x00, 0x00, 0x7c, 0x10, 0x00, 0x00, 0x00, 0x00, 0x00, 0x00, 0x00, 0x00, 0x00, 0x00, 0x00, 0x00, 0x00,
    0x00, 0x00, 0x00, 0x00, 0x00, 0x00, 0x00, 0x00, 0x01, 0xf8, 0x00, 0x00, 0x00, 0x00, 0x00, 0x00, 0x00, 0x00, 0x00, 0x00, 0x00, 0x00, 0x00, 0x00,
    0x00, 0x00, 0x00, 0x00, 0x00, 0x00, 0x00, 0x00, 0x7f, 0xf0, 0x00, 0x00, 0x00, 0x00, 0x00, 0x00, 0x00, 0x00, 0x00, 0x00, 0x00, 0x00, 0x00, 0x00,
    0x00, 0x00, 0x00, 0x00, 0x00, 0x00, 0x00, 0x00, 0x1f, 0xe0, 0x00, 0x00, 0x00, 0x00, 0x00, 0x00, 0x00, 0x00, 0x00, 0x00, 0x00, 0x00, 0x00, 0x00,
    0x00, 0x00, 0x00, 0x00, 0x00, 0x00, 0x00, 0x00, 0x00, 0x00, 0x00, 0x00, 0x00, 0x00, 0x00, 0x00, 0x00, 0x00, 0x00, 0x00, 0x00, 0x00, 0x00, 0x00,
    0x00, 0x00, 0x00, 0x00, 0x00, 0x00, 0x00, 0x00, 0x00, 0x00, 0x00, 0x00, 0x00, 0x00, 0x00, 0x00, 0x00, 0x00, 0x00, 0x00, 0x00, 0x00, 0x00, 0x00,
    0x00, 0x00, 0x00, 0x00, 0x00, 0x00, 0x00, 0x00, 0x00, 0x00, 0x00, 0x00, 0x00, 0x00, 0x00, 0x00, 0x00, 0x00, 0x00, 0x00, 0x00, 0x00, 0x00, 0x00,
    0x00, 0x00, 0x00, 0x00, 0x00, 0x00, 0x00, 0x00, 0x00, 0x00, 0x00, 0x00, 0x00, 0x00, 0x00, 0x00, 0x00, 0x00, 0x00, 0x00, 0x00, 0x00, 0x00, 0x00,
    0x00, 0x00, 0x00, 0x00, 0x00, 0x00, 0x00, 0x00, 0x00, 0x00, 0x00, 0x00, 0x00, 0x00, 0x00, 0x00, 0x00, 0x00, 0x00, 0x00, 0x00, 0x00, 0x00, 0x00,
};
const uint8_t kIdle288[10368] = {
    0x00, 0x00, 0x00, 0x00, 0x00, 0x00, 0x00, 0x00, 0x00, 0x00, 0x00, 0x00, 0x00, 0x00, 0x00, 0x00, 0x00, 0x00, 0x00, 0x00, 0x00, 0x00, 0x00, 0x00,
    0x00, 0x00, 0x00, 0x00, 0x00, 0x00, 0x00, 0x00, 0x00, 0x00, 0x00, 0x00, 0x00, 0x00, 0x00, 0x00, 0x00, 0x00, 0x00, 0x00, 0x00, 0x00, 0x00, 0x00,
    0x00, 0x00, 0x00, 0x00, 0x00, 0x00, 0x00, 0x00, 0x00, 0x00, 0x00, 0x00, 0x00, 0x00, 0x00, 0x00, 0x00, 0x00, 0x00, 0x00, 0x00, 0x00, 0x00, 0x00,
    0x00, 0x00, 0x00, 0x00, 0x00, 0x00, 0x00, 0x00, 0x00, 0x00, 0x00, 0x00, 0x00, 0x00, 0x00, 0x00, 0x00, 0x00, 0x00, 0x00, 0x00, 0x00, 0x00, 0x00,
    0x00, 0x00, 0x00, 0x00, 0x00, 0x00, 0x00, 0x00, 0x00, 0x00, 0x00, 0x00, 0x00, 0x00, 0x00, 0x00, 0x00, 0x00, 0x00, 0x00, 0x00, 0x00, 0x00, 0x00,
    0x00, 0x00, 0x00, 0x00, 0x00, 0x00, 0x00, 0x00, 0x00, 0x00, 0x00, 0x00, 0x00, 0x00, 0x00, 0x00, 0x00, 0x00, 0x00, 0x00, 0x00, 0x00, 0x00, 0x00,
    0x00, 0x00, 0x00, 0x00, 0x00, 0x00, 0x00, 0x00, 0x00, 0x00, 0x00, 0x00, 0x00, 0x00, 0x00, 0x00, 0x00, 0x00, 0x00, 0x00, 0x00, 0x00, 0x00, 0x00,
    0x00, 0x00, 0x00, 0x00, 0x00, 0x00, 0x00, 0x00, 0x00, 0x00, 0x00, 0x00, 0x00, 0x00, 0x00, 0x00, 0x00, 0x00, 0x00, 0x00, 0x00, 0x00, 0x00, 0x00,
    0x00, 0x00, 0x00, 0x00, 0x00, 0x00, 0x00, 0x00, 0x00, 0x00, 0x00, 0x00, 0x00, 0x00, 0x00, 0x00, 0x00, 0x00, 0x00, 0x00, 0x00, 0x00, 0x00, 0x00,
    0x00, 0x00, 0x00, 0x00, 0x00, 0x00, 0x00, 0x00, 0x00, 0x00, 0x00, 0x00, 0x00, 0x00, 0x00, 0x00, 0x00, 0x00, 0x00, 0x00, 0x00, 0x00, 0x00, 0x00,
    0x00, 0x00, 0x00, 0x00, 0x00, 0x00, 0x00, 0x00, 0x00, 0x00, 0x00, 0x00, 0x00, 0x00, 0x00, 0x00, 0x00, 0x00, 0x00, 0x00, 0x00, 0x00, 0x00, 0x00,
    0x00, 0x00, 0x00, 0x00, 0x00, 0x3f, 0xf0, 0x00, 0x00, 0x00, 0x00, 0x00, 0x00, 0x00, 0x00, 0x00, 0x00, 0x00, 0x00, 0x00, 0x00, 0x00, 0x00, 0x00,
    0x00, 0x00, 0x00, 0x00, 0x00, 0x00, 0x00, 0x00, 0x00, 0x00, 0x00, 0x00, 0x00, 0x00, 0x00, 0x00, 0x18, 0xff, 0xc0, 0x00, 0x00, 0x00, 0x00, 0x00,
    0x00, 0x00, 0x00, 0x00, 0x00, 0x00, 0x00, 0x00, 0x00, 0x00, 0x00, 0x00, 0x00, 0x00, 0x00, 0x00, 0x00, 0x00, 0x00, 0x00, 0x00, 0x00, 0x00, 0x00,
    0x00, 0x00, 0x00, 0x00, 0x33, 0xfe, 0x00, 0x00, 0x00, 0x00, 0x00, 0x00, 0x00, 0x00, 0x00, 0x00, 0x00, 0x00, 0x00, 0x00, 0x00, 0x00, 0x00, 0x00,
    0x00, 0x00, 0x00, 0x00, 0x00, 0x00, 0x00, 0x00, 0x00, 0x00, 0x00, 0x00, 0x00, 0x00, 0x00, 0x00, 0x73, 0xf8, 0x00, 0x00, 0x00, 0x00, 0x00, 0x00,
    0x00, 0x00, 0x00, 0x00, 0x00, 0x00, 0x00, 0x00, 0x00, 0x00, 0x00, 0x00, 0x00, 0x00, 0x00, 0x00, 0x00, 0x00, 0x00, 0x00, 0x00, 0x00, 0x00, 0x00,
    0x00, 0x00, 0x00, 0x07, 0xf3, 0xf0, 0x00, 0x00, 0x00, 0x00, 0x00, 0x00, 0x00, 0x00, 0x00, 0x00, 0x00, 0x00, 0x00, 0x00, 0x00, 0x00, 0x00, 0x00,
    0x00, 0x00, 0x00, 0x00, 0x00, 0x00, 0x00, 0x00, 0x00, 0x00, 0x00, 0x00, 0x00, 0x00, 0x00, 0x7e, 0xf1, 0xc0, 0x00, 0x00, 0x00, 0x00, 0x00, 0x00,
    0x00, 0x00, 0x00, 0x00, 0x00, 0x00, 0x00, 0x00, 0x00, 0x00, 0x00, 0x00, 0x00, 0x00, 0x00, 0x00, 0x00, 0x00, 0x00, 0x00, 0x00, 0x00, 0x00, 0x00,
    0x00, 0x00, 0x03, 0xfd, 0xf8, 0x00, 0x00, 0x00, 0x00, 0x00, 0x00, 0x00, 0x03, 0xf0, 0x00, 0x00, 0x00, 0x00, 0x00, 0x00, 0x00, 0x00, 0x00, 0x00,
    0x00, 0x00, 0x00, 0x00, 0x00, 0x00, 0x00, 0x00, 0x00, 0x00, 0x00, 0x00, 0x00, 0x00, 0x0f, 0xf3, 0xfc, 0x00, 0x00, 0x00, 0x00, 0x00, 0x00, 0x00,
    0x83, 0xf0, 0x00, 0x00, 0x00, 0x00, 0x00, 0x00, 0x00, 0x00, 0x00, 0x00, 0x00, 0x00, 0x00, 0x00, 0x00, 0x00, 0x00, 0x00, 0x00, 0x00, 0x00, 0x00,
    0x00, 0x00, 0x7f, 0x8f, 0xff, 0x80, 0x00, 0x00, 0x00, 0x00, 0x00, 0x7f, 0xe3, 0x00, 0x00, 0x00, 0x00, 0x00, 0x00, 0x00, 0x00, 0x00, 0x00, 0x00,
    0x00, 0x00, 0x00, 0x00, 0x00, 0x00, 0x00, 0x00, 0x00, 0x00, 0x00, 0x00, 0x00, 0x03, 0xff, 0x1f, 0xff, 0x00, 0x00, 0x00, 0x00, 0x00, 0x0f, 0xff,
    0xe0, 0x00, 0x00, 0x00, 0x00, 0x00, 0x00, 0x00, 0x00, 0x00, 0x00, 0x00, 0x00, 0x00, 0x00, 0x00, 0x00, 0x00, 0x00, 0x00, 0x00, 0x00, 0x00, 0x00,
    0x00, 0x0f, 0xfc, 0x7f, 0x3c, 0x00, 0x00, 0x00, 0x00, 0x00, 0xff, 0xff, 0xf0, 0x00, 0x00, 0x00, 0x00, 0x00, 0x00, 0x00, 0x00, 0x00, 0x00, 0x00,
    0x00, 0x00, 0x00, 0x00, 0x00, 0x00, 0x00, 0x00, 0x00, 0x00, 0x00, 0x00, 0x00, 0x3f, 0xf0, 0xfc, 0x78, 0x00, 0x00, 0x00, 0x00, 0x07, 0xfc, 0x7f,
    0xe0, 0x00, 0x00, 0x00, 0x00, 0x00, 0x00, 0x00, 0x00, 0x00, 0x00, 0x00, 0x00, 0x00, 0x00, 0x00, 0x00, 0x00, 0x00, 0x00, 0x00, 0x00, 0x00, 0x00,
    0x00, 0xff, 0xe3, 0xf0, 0xf0, 0x00, 0x00, 0x00, 0x00, 0x3f, 0xc1, 0xff, 0xc0, 0x00, 0x00, 0x00, 0x00, 0x00, 0x00, 0x00, 0x00, 0x00, 0x00, 0x00,
    0x00, 0x00, 0x00, 0x00, 0x00, 0x00, 0x00, 0x00, 0x00, 0x00, 0x00, 0x00, 0x03, 0xff, 0x8f, 0xe0, 0xe0, 0x00, 0x00, 0x00, 0x01, 0xfc, 0x07, 0xff,
    0x80, 0x00, 0x00, 0x00, 0x00, 0x00, 0x00, 0x00, 0x00, 0x00, 0x00, 0x00, 0x00, 0x00, 0x00, 0x00, 0x00, 0x00, 0x00, 0x00, 0x00, 0x00, 0x00, 0x00,
    0x07, 0xff, 0x1f, 0x81, 0xe0, 0x00, 0x00, 0x00, 0x07, 0xe0, 0x1f, 0x8e, 0x00, 0x00, 0x00, 0x00, 0x00, 0x00, 0x00, 0x00, 0x00, 0x00, 0x00, 0x00,
    0x00, 0x00, 0x00, 0x00, 0x00, 0x00, 0x00, 0x00, 0x00, 0x00, 0x00, 0x00, 0x1f, 0xfc, 0x7e, 0x03, 0xc0, 0x00, 0x00, 0x00, 0x1f, 0x00, 0x7c, 0x1c,
    0x00, 0x00, 0x00, 0x00, 0x00, 0x00, 0x00, 0x00, 0x00, 0x00, 0x00, 0x00, 0x00, 0x00, 0x00, 0x00, 0x00, 0x00, 0x00, 0x00, 0x00, 0x00, 0x00, 0x00,
    0x7f, 0xf8, 0xfc, 0x03, 0xc0, 0x00, 0x00, 0x00, 0x7c, 0x01, 0xf0, 0x38, 0x00, 0x00, 0x00, 0x00, 0x00, 0x00, 0x00, 0x00, 0x00, 0x00, 0x00, 0x00,
    0x00, 0x00, 0x00, 0x00, 0x00, 0x00, 0x00, 0x00, 0x00, 0x00, 0x00, 0x00, 0xff, 0xf3, 0xf0, 0x07, 0x80, 0x00, 0x00, 0x01, 0xe0, 0x07, 0xc0, 0x70,
    0x00, 0x00, 0x00, 0x00, 0x00, 0x00, 0x00, 0x00, 0x00, 0x00, 0x00, 0x00, 0x00, 0x00, 0x00, 0x00, 0x00, 0x00, 0x00, 0x00, 0x00, 0x00, 0x00, 0x03,
    0xff, 0xc7, 0xe0, 0x07, 0x80, 0x00, 0x00, 0x07, 0x80, 0x0f, 0x00, 0xe0, 0x00, 0x00, 0x00, 0x00, 0x00, 0x00, 0x00, 0x00, 0x00, 0x00, 0x00, 0x00,
    0x00, 0x00, 0x00, 0x00, 0x00, 0x00, 0x00, 0x00, 0x00, 0x00, 0x00, 0x07, 0xff, 0x8f, 0x80, 0x0f, 0x00, 0x00, 0x00, 0x0e, 0x00, 0x3c, 0x01, 0xc0,
    0x00, 0x00, 0x00, 0x00, 0x00, 0x00, 0x00, 0x00, 0x00, 0x00, 0x00, 0x00, 0x00, 0x00, 0x00, 0x00, 0x00, 0x00, 0x00, 0x00, 0x00, 0x00, 0x00, 0x0f,
    0xff, 0x3f, 0x00, 0x0f, 0x00, 0x00, 0x00, 0x38, 0x00, 0x78, 0x03, 0xc0, 0x00, 0x00, 0x00, 0x00, 0x00, 0x00, 0x00, 0x00, 0x00, 0x00, 0x00, 0x00,
    0x00, 0x00, 0x00, 0x00, 0x00, 0x00, 0x00, 0x00, 0x00, 0x00, 0x00, 0x3f, 0xfe, 0x7e, 0x00, 0x1f, 0x00, 0x00, 0x00, 0x60, 0x01, 0xe0, 0x03, 0x80,
    0x00, 0x00, 0x00, 0x00, 0x00, 0x00, 0x00, 0x00, 0x00, 0x00, 0x00, 0x00, 0x00, 0x00, 0x00, 0x00, 0x00, 0x00, 0x00, 0x00, 0x00, 0x00, 0x00, 0x7f,
    0xfc, 0xfc, 0x00, 0x1e, 0x00, 0x00, 0x01, 0x80, 0x03, 0x80, 0x07, 0x00, 0x00, 0x00, 0x00, 0x00, 0x00, 0x00, 0x00, 0x00, 0x00, 0x00, 0x00, 0x00,
    0x00, 0x00, 0x00, 0x00, 0x00, 0x00, 0x00, 0x00, 0x00, 0x00, 0x00, 0xff, 0xf9, 0xf0, 0x00, 0x1e, 0x00, 0x00, 0x02, 0x00, 0x07, 0x00, 0x07, 0x00,
    0x00, 0x00, 0x00, 0x00, 0x00, 0x00, 0x00, 0x00, 0x00, 0x00, 0x00, 0x00, 0x00, 0x00, 0x00, 0x00, 0x00, 0x00, 0x00, 0x00, 0x00, 0x00, 0x03, 0xff,
    0xf3, 0xe0, 0x00, 0x3e, 0x00, 0x00, 0x04, 0x00, 0x0c, 0x00, 0x0e, 0x00, 0x00, 0x00, 0x00, 0x00, 0x00, 0x00, 0x00, 0x00, 0x00, 0x00, 0x00, 0x00,
    0x00, 0x00, 0x00, 0x00, 0x00, 0x00, 0x00, 0x00, 0x00, 0x00, 0x07, 0xff, 0xe7, 0xc0, 0x00, 0x3e, 0x00, 0x00, 0x00, 0x00, 0x30, 0x00, 0x0e, 0x00,
    0x00, 0x00, 0x00, 0x00, 0x00, 0x00, 0x00, 0x00, 0x00, 0x00, 0x00, 0x00, 0x00, 0x00, 0x00, 0x00, 0x00, 0x00, 0x00, 0x00, 0x00, 0x00, 0x0f, 0xff,
    0xcf, 0x80, 0x00, 0x3c, 0x00, 0x00, 0x00, 0x00, 0x60, 0x00, 0x0c, 0x00, 0x00, 0x00, 0x00, 0x00, 0x00, 0x00, 0x00, 0x00, 0x00, 0x00, 0x00, 0x00,
    0x00, 0x00, 0x00, 0x00, 0x00, 0x00, 0x00, 0x00, 0x00, 0x00, 0x1f, 0xff, 0xbf, 0x00, 0x00, 0x3c, 0x00, 0x00, 0x00, 0x00, 0xc0, 0x00, 0x1c, 0x00,
    0x00, 0x00, 0x00, 0x00, 0x00, 0x00, 0x00, 0x00, 0x00, 0x00, 0x00, 0x00, 0x00, 0x00, 0x00, 0x00, 0x00, 0x00, 0x00, 0x00, 0x00, 0x00, 0x3f, 0xff,
    0x7e, 0x00, 0x20, 0x7c, 0x00, 0x00, 0x00, 0x01, 0x00, 0x00, 0x18, 0x00, 0x00, 0x00, 0x00, 0x00, 0x00, 0x00, 0x00, 0x00, 0x00, 0x00, 0x00, 0x00,
    0x00, 0x00, 0x00, 0x00, 0x00, 0x00, 0x00, 0x00, 0x00, 0x00, 0x7f, 0xfe, 0xfc, 0x00, 0x40, 0x7c, 0x00, 0x00, 0x00, 0x00, 0x00, 0x00, 0x18, 0x00,
    0x00, 0x00, 0x00, 0x00, 0x00, 0x00, 0x00, 0x00, 0x00, 0x00, 0x00, 0x00, 0x00, 0x00, 0x00, 0x00, 0x00, 0x00, 0x00, 0x00, 0x00, 0x00, 0xff, 0xfc,
    0xf8, 0x00, 0xc0, 0x7c, 0x00, 0x00, 0x00, 0x00, 0x00, 0x00, 0x18, 0x00, 0x00, 0x00, 0x00, 0x00, 0x00, 0x00, 0x00, 0x00, 0x00, 0x00, 0x00, 0x00,
    0x00, 0x00, 0x00, 0x00, 0x00, 0x00, 0x00, 0x00, 0x00, 0x01, 0xff, 0xf9, 0xf0, 0x01, 0x80, 0x7c, 0x00, 0x00, 0x00, 0x00, 0x00, 0x00, 0x10, 0x00,
    0x00, 0x00, 0x00, 0x00, 0x00, 0x00, 0x00, 0x00, 0x00, 0x00, 0x00, 0x00, 0x00, 0x00, 0x00, 0x00, 0x00, 0x00, 0x00, 0x00, 0x00, 0x03, 0xff, 0xf3,
    0xe0, 0x01, 0x00, 0x7c, 0x00, 0x00, 0x00, 0x00, 0x00, 0x00, 0x10, 0x00, 0x00, 0x00, 0x00, 0x00, 0x00, 0x00, 0x00, 0x00, 0x00, 0x00, 0x00, 0x00,
    0x00, 0x00, 0x00, 0x00, 0x00, 0x00, 0x00, 0x00, 0x00, 0x07, 0xff, 0xe7, 0xc0, 0x03, 0x00, 0x78, 0x00, 0x00, 0x00, 0x00, 0x00, 0x00, 0x00, 0x00,
    0x00, 0x00, 0x00, 0x00, 0x00, 0x00, 0x00, 0x00, 0x00, 0x00, 0x00, 0x00, 0x00, 0x00, 0x00, 0x00, 0x00, 0x00, 0x00, 0x00, 0x00, 0x0f, 0xff, 0xef,
    0x80, 0x06, 0x00, 0x7c, 0x00, 0x00, 0x00, 0x03, 0x80, 0x02, 0x00, 0x00, 0x00, 0x00, 0x00, 0x00, 0x00, 0x00, 0x00, 0x00, 0x00, 0x00, 0x00, 0x00,
    0x00, 0x00, 0x00, 0x00, 0x00, 0x00, 0x00, 0x00, 0x00, 0x0f, 0xff, 0xdf, 0x00, 0x0c, 0x00, 0x7c, 0x00, 0x00, 0x00, 0x01, 0xfc, 0x03, 0x80, 0x00,
    0x00, 0x00, 0x00, 0x00, 0x00, 0x00, 0x00, 0x00, 0x00, 0x00, 0x00, 0x00, 0x00, 0x00, 0x00, 0x00, 0x00, 0x00, 0x00, 0x00, 0x00, 0x1f, 0xff, 0xbf,
    0x00, 0x0c, 0x00, 0x7c, 0x00, 0x00, 0x00, 0x00, 0x7f, 0x81, 0xe0, 0x00, 0x00, 0x00, 0x00, 0x00, 0x00, 0x00, 0x00, 0x00, 0x00, 0x00, 0x00, 0x00,
    0x00, 0x00, 0x00, 0x00, 0x00, 0x00, 0x00, 0x00, 0x00, 0x3f, 0xff, 0xfe, 0x00, 0x18, 0x00, 0x7c, 0x00, 0x00, 0x00, 0x00, 0x3f, 0xe0, 0xf8, 0x00,
    0x00, 0x00, 0x00, 0x00, 0x00, 0x00, 0x00, 0x00, 0x00, 0x00, 0x00, 0x00, 0x00, 0x00, 0x00, 0x00, 0x00, 0x00, 0x00, 0x00, 0x00, 0x7f, 0xff, 0xfc,
    0x00, 0x30, 0x00, 0xfc, 0x00, 0x00, 0x3f, 0xf0, 0x3f, 0xf0, 0xfc, 0x00, 0x00, 0x00, 0x00, 0x00, 0x00, 0x00, 0x00, 0x00, 0x00, 0x00, 0x00, 0x00,
    0x00, 0x00, 0x00, 0x00, 0x00, 0x00, 0x00, 0x00, 0x00, 0xff, 0xff, 0xf8, 0x00, 0x30, 0x00, 0xfc, 0x00, 0x00, 0x7f, 0xfe, 0x1f, 0xfc, 0xff, 0x00,
    0x00, 0x00, 0x00, 0x00, 0x00, 0x00, 0x00, 0x00, 0x00, 0x00, 0x00, 0x00, 0x00, 0x00, 0x00, 0x00, 0x00, 0x00, 0x00, 0x00, 0x00, 0xff, 0xff, 0xf0,
    0x00, 0x60, 0x00, 0xfc, 0x00, 0x00, 0x0f, 0xff, 0xff, 0xff, 0xff, 0x80, 0x00, 0x00, 0x00, 0x00, 0x00, 0x00, 0x00, 0x00, 0x00, 0x00, 0x00, 0x00,
    0x00, 0x00, 0x00, 0x00, 0x00, 0x00, 0x00, 0x00, 0x01, 0xff, 0xff, 0xf0, 0x00, 0xe0, 0x00, 0xfe, 0x00, 0x00, 0x07, 0xff, 0xff, 0xff, 0xff, 0xc0,
    0x00, 0x00, 0x00, 0x00, 0x00, 0x00, 0x00, 0x00, 0x00, 0x00, 0x00, 0x00, 0x00, 0x00, 0x00, 0x00, 0x00, 0x00, 0x00, 0x00, 0x03, 0xef, 0xff, 0xe0,
    0x00, 0xc0, 0x00, 0xfe, 0x00, 0x00, 0x07, 0xfc, 0x1f, 0xff, 0xff, 0xe0, 0x80, 0x00, 0x00, 0x00, 0x00, 0x00, 0x00, 0x00, 0x00, 0x00, 0x00, 0x00,
    0x00, 0x00, 0x00, 0x00, 0x00, 0x00, 0x00, 0x00, 0x07, 0xdf, 0xff, 0xc0, 0x01, 0xc0, 0x00, 0xfe, 0x00, 0x00, 0x07, 0xc0, 0xff, 0xff, 0xff, 0xf8,
    0xc0, 0x00, 0x00, 0x00, 0x00, 0x00, 0x00, 0x00, 0x00, 0x00, 0x00, 0x00, 0x00, 0x00, 0x00, 0x00, 0x00, 0x00, 0x00, 0x00, 0x07, 0x9f, 0xff, 0x80,
    0x03, 0x80, 0x00, 0xff, 0x00, 0x0f, 0xfe, 0x0f, 0xff, 0xff, 0xff, 0xfc, 0xe0, 0x00, 0x00, 0x00, 0x00, 0x00, 0x00, 0x00, 0x00, 0x00, 0x00, 0x00,
    0x00, 0x00, 0x00, 0x00, 0x00, 0x00, 0x00, 0x00, 0x0f, 0xbf, 0xff, 0x80, 0x03, 0x00, 0x00, 0xff, 0x00, 0xff, 0xf0, 0x3f, 0xff, 0xff, 0xff, 0xff,
    0xf0, 0x00, 0x00, 0x00, 0x00, 0x00, 0x00, 0x00, 0x00, 0x00, 0x00, 0x00, 0x00, 0x00, 0x00, 0x00, 0x00, 0x00, 0x00, 0x00, 0x1f, 0x7f, 0xff, 0x00,
    0x07, 0x00, 0x00, 0xff, 0x01, 0xff, 0xc0, 0xff, 0xff, 0xff, 0xff, 0xff, 0xf8, 0x00, 0x00, 0x00, 0x00, 0x00, 0x00, 0x00, 0x00, 0x00, 0x00, 0x00,
    0x00, 0x00, 0x00, 0x00, 0x00, 0x00, 0x00, 0x00, 0x1e, 0xff, 0xfe, 0x00, 0x06, 0x00, 0x00, 0xff, 0x80, 0x3f, 0x03, 0xff, 0xff, 0xff, 0xff, 0xff,
    0xfc, 0x00, 0x00, 0x00, 0x00, 0x00, 0x00, 0x00, 0x00, 0x00, 0x00, 0x00, 0x00, 0x00, 0x00, 0x00, 0x00, 0x00, 0x00, 0x00, 0x3c, 0xff, 0xfe, 0x00,
    0x0e, 0x00, 0x81, 0xff, 0xc0, 0x1c, 0x0f, 0xff, 0xff, 0xff, 0xff, 0xff, 0xfe, 0x00, 0x00, 0x00, 0x00, 0x00, 0x00, 0x00, 0x00, 0x00, 0x00, 0x00,
    0x00, 0x00, 0x00, 0x00, 0x00, 0x00, 0x00, 0x00, 0x7d, 0xff, 0xfc, 0x00, 0x0c, 0x00, 0x81, 0xff, 0xc0, 0x00, 0x3f, 0xfb, 0xff, 0xff, 0xff, 0xff,
    0xff, 0x04, 0x00, 0x00, 0x00, 0x00, 0x00, 0x00, 0x00, 0x00, 0x00, 0x00, 0x00, 0x00, 0x00, 0x00, 0x00, 0x00, 0x00, 0x00, 0x79, 0xff, 0xfc, 0x00,
    0x1c, 0x00, 0x81, 0xff, 0xe0, 0x00, 0x7f, 0xe7, 0xff, 0xff, 0xff, 0xff, 0xff, 0x86, 0x00, 0x00, 0x00, 0x00, 0x00, 0x00, 0x00, 0x00, 0x00, 0x00,
    0x00, 0x00, 0x00, 0x00, 0x00, 0x00, 0x00, 0x00, 0xf3, 0xff, 0xf8, 0x00, 0x38, 0x00, 0x81, 0xff, 0xf0, 0x01, 0xff, 0x8f, 0xff, 0xff, 0xff, 0xff,
    0xff, 0x86, 0x00, 0x00, 0x00, 0x00, 0x00, 0x00, 0x00, 0x00, 0x00, 0x00, 0x00, 0x00, 0x00, 0x00, 0x00, 0x00, 0x00, 0x00, 0xe7, 0xff, 0xf0, 0x00,
    0x38, 0x01, 0x80, 0x7f, 0xf0, 0x03, 0xff, 0x0f, 0xff, 0xfc, 0x01, 0xff, 0xff, 0xc3, 0x00, 0x00, 0x00, 0x00, 0x00, 0x00, 0x00, 0x00, 0x00, 0x00,
    0x00, 0x00, 0x00, 0x00, 0x00, 0x00, 0x00, 0x01, 0xc7, 0xff, 0xf0, 0x00, 0x70, 0x01, 0x00, 0x1f, 0xf8, 0x07, 0xfe, 0x1f, 0xff, 0xe0, 0x00, 0x1f,
    0xff, 0xc3, 0x00, 0x00, 0x00, 0x00, 0x00, 0x00, 0x00, 0x00, 0x00, 0x00, 0x00, 0x00, 0x00, 0x00, 0x00, 0x00, 0x00, 0x03, 0xcf, 0xff, 0xe0, 0x00,
    0x70, 0x01, 0x00, 0x0f, 0xfc, 0x07, 0xfc, 0x3f, 0xff, 0x80, 0x00, 0x07, 0xff, 0xc3, 0x80, 0x00, 0x00, 0x00, 0x00, 0x00, 0x00, 0x00, 0x00, 0x00,
    0x00, 0x00, 0x00, 0x00, 0x00, 0x00, 0x00, 0x03, 0x8f, 0xff, 0xe0, 0x10, 0x70, 0x03, 0x00, 0x07, 0xfe, 0x01, 0xf0, 0x3f, 0xff, 0x00, 0x00, 0x01,
    0xff, 0xe3, 0xc0, 0x08, 0x00, 0x00, 0x00, 0x00, 0x00, 0x00, 0x00, 0x00, 0x00, 0x00, 0x00, 0x00, 0x00, 0x00, 0x00, 0x07, 0x9f, 0xff, 0xc0, 0x00,
    0xe0, 0x03, 0x00, 0x01, 0xff, 0x80, 0x60, 0x7f, 0xfe, 0x00, 0x00, 0x00, 0x7f, 0xe1, 0xe0, 0x0c, 0x00, 0x00, 0x00, 0x00, 0x00, 0x00, 0x00, 0x00,
    0x00, 0x00, 0x00, 0x00, 0x00, 0x00, 0x00, 0x07, 0x1f, 0xff, 0xc0, 0x20, 0xe0, 0x03, 0x00, 0x00, 0xff, 0xc0, 0x00, 0x7f, 0xfe, 0x00, 0x00, 0x00,
    0x3b, 0xe1, 0xe0, 0x04, 0x00, 0x00, 0x00, 0x00, 0x00, 0x00, 0x00, 0x00, 0x00, 0x00, 0x00, 0x00, 0x00, 0x00, 0x00, 0x06, 0x3f, 0xff, 0x80, 0x61,
    0xc0, 0x03, 0x00, 0x00, 0x7f, 0xe0, 0x00, 0x7f, 0xfc, 0x00, 0x00, 0x00, 0x09, 0xf1, 0xf0, 0x06, 0x00, 0x00, 0x00, 0x00, 0x00, 0x00, 0x00, 0x00,
    0x00, 0x00, 0x00, 0x00, 0x00, 0x00, 0x00, 0x0e, 0x3f, 0xef, 0x80, 0x41, 0xc0, 0x03, 0x00, 0x00, 0x3f, 0xf8, 0x00, 0x7f, 0xfc, 0x01, 0xfe, 0x00,
    0x00, 0xf0, 0xf8, 0x07, 0x00, 0x00, 0x00, 0x00, 0x00, 0x00, 0x00, 0x00, 0x00, 0x00, 0x00, 0x00, 0x00, 0x00, 0x00, 0x1c, 0x7f, 0xff, 0x00, 0xc3,
    0x87, 0x03, 0x00, 0x00, 0x1f, 0xfe, 0x00, 0x3f, 0xf8, 0x07, 0xff, 0xc0, 0x00, 0x70, 0xfc, 0x03, 0x80, 0x00, 0x00, 0x00, 0x00, 0x00, 0x00, 0x00,
    0x00, 0x00, 0x00, 0x00, 0x00, 0x00, 0x00, 0x18, 0x7f, 0xdf, 0x00, 0xc3, 0x8f, 0x07, 0x00, 0x00, 0x0f, 0xff, 0x80, 0x0f, 0xf8, 0x0f, 0xff, 0xf0,
    0x00, 0x38, 0x7e, 0x03, 0x80, 0x00, 0x00, 0x00, 0x00, 0x00, 0x00, 0x00, 0x00, 0x00, 0x00, 0x00, 0x00, 0x00, 0x00, 0x18, 0xff, 0xde, 0x01, 0x83,
    0x8f, 0x86, 0x00, 0x00, 0x07, 0xff, 0xf0, 0x0f, 0xf8, 0x1f, 0xff, 0xfe, 0x00, 0x18, 0x3f, 0x01, 0xc0, 0x00, 0x00, 0x00, 0x00, 0x00, 0x00, 0x00,
    0x00, 0x00, 0x00, 0x00, 0x00, 0x00, 0x00, 0x30, 0xff, 0xbe, 0x03, 0x87, 0x1f, 0x86, 0x00, 0x00, 0x03, 0xff, 0xfe, 0x07, 0xf8, 0x1f, 0xff, 0xff,
    0x00, 0x0c, 0x3f, 0x80, 0x40, 0x00, 0x00, 0x00, 0x00, 0x00, 0x00, 0x00, 0x00, 0x00, 0x00, 0x00, 0x00, 0x00, 0x00, 0x31, 0xff, 0xbc, 0x03, 0x07,
    0x1f, 0x86, 0x00, 0x00, 0x01, 0xff, 0xff, 0x83, 0xf8, 0x1f, 0xff, 0xff, 0x80, 0x06, 0x1f, 0xc0, 0x20, 0x00, 0x00, 0x00, 0x00, 0x00, 0x00, 0x00,
    0x00, 0x00, 0x00, 0x00, 0x00, 0x00, 0x00, 0x61, 0xff, 0x3c, 0x07, 0x0f, 0x3f, 0x86, 0x00, 0x00, 0x00, 0xff, 0xff, 0xc1, 0xfc, 0x1f, 0xff, 0xff,
    0xe0, 0x00, 0x0f, 0xe6, 0x20, 0x00, 0x00, 0x00, 0x00, 0x00, 0x00, 0x00, 0x00, 0x00, 0x00, 0x00, 0x00, 0x00, 0x00, 0x61, 0xff, 0x78, 0x07, 0x0e,
    0x7f, 0x86, 0x00, 0x00, 0x00, 0x7f, 0xff, 0xf1, 0xfc, 0x1f, 0xff, 0xff, 0xf0, 0x00, 0x0f, 0xf7, 0x00, 0x00, 0x00, 0x00, 0x00, 0x00, 0x00, 0x00,
    0x00, 0x00, 0x00, 0x00, 0x00, 0x00, 0x00, 0xc3, 0xfe, 0x78, 0x0f, 0x0e, 0x7f, 0x86, 0x00, 0x00, 0x00, 0x3f, 0xff, 0xf0, 0xfc, 0x0f, 0xff, 0xff,
    0xf8, 0x10, 0x07, 0xf3, 0x80, 0x00, 0x00, 0x00, 0x00, 0x00, 0x00, 0x00, 0x00, 0x00, 0x00, 0x00, 0x00, 0x00, 0x00, 0xc3, 0xfe, 0xf0, 0x0e, 0x1e,
    0xff, 0x86, 0x03, 0x00, 0x00, 0x1e, 0x7f, 0xf8, 0xfe, 0x0f, 0xff, 0xff, 0xfc, 0x08, 0x03, 0xfb, 0xc0, 0x00, 0x00, 0x00, 0x00, 0x00, 0x00, 0x00,
    0x00, 0x00, 0x00, 0x00, 0x00, 0x00, 0x00, 0x87, 0xfc, 0xf0, 0x1e, 0x1c, 0xff, 0x8e, 0x0f, 0xc0, 0x00, 0x0f, 0x3f, 0xfc, 0xfe, 0x07, 0xff, 0xff,
    0xfe, 0x0e, 0x01, 0xff, 0xe8, 0x00, 0x00, 0x00, 0x00, 0x00, 0x00, 0x00, 0x00, 0x00, 0x00, 0x00, 0x00, 0x00, 0x01, 0x87, 0xfc, 0xe0, 0x1e, 0x1d,
    0xff, 0x86, 0x1f, 0xe0, 0x00, 0x07, 0x8f, 0xfe, 0x7f, 0x03, 0xff, 0xff, 0xfe, 0x07, 0xc1, 0xff, 0xfc, 0x00, 0x00, 0x00, 0x00, 0x00, 0x00, 0x00,
    0x00, 0x00, 0x00, 0x00, 0x00, 0x00, 0x01, 0x07, 0xfd, 0xe0, 0x3c, 0x1d, 0xff, 0x8e, 0x1f, 0xf8, 0x00, 0x03, 0x8f, 0xfe, 0x7f, 0x83, 0xff, 0xff,
    0xff, 0x03, 0xf0, 0xff, 0xfc, 0x00, 0x00, 0x00, 0x00, 0x00, 0x00, 0x00, 0x00, 0x00, 0x00, 0x00, 0x00, 0x00, 0x01, 0x0f, 0xf9, 0xe0, 0x3c, 0x39,
    0xff, 0x86, 0x3f, 0xfc, 0x00, 0x01, 0xc7, 0xff, 0x7f, 0xc1, 0xff, 0xff, 0xff, 0x81, 0xfc, 0xef, 0xfe, 0x00, 0x00, 0x00, 0x00, 0x00, 0x00, 0x00,
    0x00, 0x00, 0x00, 0x00, 0x00, 0x00, 0x02, 0x0f, 0xf9, 0xc0, 0x7c, 0x3b, 0xff, 0x86, 0x3f, 0xfe, 0x00, 0x01, 0xc3, 0xff, 0x7f, 0xe1, 0xff, 0xff,
    0xff, 0xc0, 0xfe, 0xf7, 0xff, 0x00, 0x00, 0x00, 0x00, 0x00, 0x00, 0x00, 0x00, 0x00, 0x00, 0x00, 0x00, 0x00, 0x02, 0x0f, 0xf3, 0xc0, 0x7c, 0x3b,
    0xff, 0x8e, 0x7f, 0xff, 0x00, 0x00, 0xc3, 0xff, 0x7f, 0xf0, 0xff, 0xff, 0xf0, 0xc0, 0x3f, 0xf1, 0xff, 0x00, 0x00, 0x00, 0x00, 0x00, 0x00, 0x00,
    0x00, 0x00, 0x00, 0x00, 0x00, 0x00, 0x02, 0x1f, 0xf3, 0x80, 0x78, 0x7f, 0xff, 0x8e, 0x7f, 0xff, 0xc0, 0x00, 0x43, 0xff, 0xff, 0xf0, 0xff, 0xff,
    0xf8, 0x00, 0x1f, 0xf0, 0x7f, 0x80, 0x00, 0x00, 0x00, 0x00, 0x00, 0x00, 0x00, 0x00, 0x00, 0x00, 0x00, 0x00, 0x04, 0x1f, 0xf3, 0x80, 0xf8, 0x7f,
    0xff, 0x8e, 0xff, 0xff, 0xf0, 0x00, 0x43, 0xff, 0xff, 0xf8, 0xff, 0xff, 0xf8, 0x00, 0x0f, 0xf8, 0x3f, 0xc0, 0x00, 0x00, 0x00, 0x00, 0x00, 0x00,
    0x00, 0x00, 0x00, 0x00, 0x00, 0x00, 0x04, 0x1f, 0xe3, 0x80, 0xf8, 0x7f, 0xff, 0x8e, 0xff, 0xfc, 0x38, 0x00, 0x43, 0xff, 0xff, 0xfc, 0x7f, 0xff,
    0xfc, 0x00, 0x0f, 0xf8, 0x1f, 0xe0, 0x00, 0x00, 0x00, 0x00, 0x00, 0x00, 0x00, 0x00, 0x00, 0x00, 0x00, 0x00, 0x00, 0x3f, 0xe7, 0x01, 0xf8, 0x7f,
    0xff, 0x86, 0xff, 0xe0, 0x00, 0x00, 0x03, 0xff, 0xff, 0xfc, 0x7f, 0xff, 0xfe, 0x1f, 0xff, 0xf8, 0x8f, 0xe0, 0x00, 0x00, 0x00, 0x00, 0x00, 0x00,
    0x00, 0x00, 0x00, 0x00, 0x00, 0x00, 0x00, 0x3f, 0xe7, 0x01, 0xf8, 0xff, 0xff, 0x86, 0xff, 0x80, 0x00, 0x00, 0x03, 0xff, 0xff, 0xfe, 0x7f, 0xff,
    0xff, 0x07, 0xfe, 0xfc, 0x8f, 0x60, 0x00, 0x00, 0x00, 0x00, 0x00, 0x00, 0x00, 0x00, 0x00, 0x00, 0x00, 0x00, 0x00, 0x3f, 0xc7, 0x03, 0xf0, 0xff,
    0xff, 0x86, 0xfe, 0x00, 0x00, 0x00, 0x03, 0xff, 0xff, 0xfe, 0x7f, 0xff, 0xff, 0x83, 0xfe, 0x7c, 0x47, 0x70, 0x00, 0x00, 0x00, 0x00, 0x00, 0x00,
    0x00, 0x00, 0x00, 0x00, 0x00, 0x00, 0x00, 0x7f, 0xce, 0x03, 0xf0, 0xff, 0x83, 0x87, 0xfc, 0x00, 0x00, 0x00, 0x03, 0xff, 0xff, 0xfe, 0x7f, 0xff,
    0xff, 0xc0, 0xff, 0x3e, 0x02, 0x60, 0x00, 0x00, 0x00, 0x00, 0x00, 0x00, 0x00, 0x00, 0x00, 0x00, 0x00, 0x00, 0x00, 0x7f, 0xce, 0x03, 0xf0, 0xfe,
    0x00, 0xcf, 0xf8, 0x00, 0x00, 0x00, 0x07, 0xff, 0xff, 0xff, 0x7f, 0xff, 0xff, 0xe0, 0x3f, 0x3f, 0x00, 0x60, 0x00, 0x00, 0x00, 0x00, 0x00, 0x00,
    0x00, 0x00, 0x00, 0x00, 0x00, 0x00, 0x00, 0x7f, 0x8e, 0x07, 0xf0, 0xf8, 0x00, 0x07, 0xf0, 0x00, 0x00, 0x00, 0x0f, 0xff, 0xff, 0xff, 0x7f, 0xff,
    0xff, 0xf8, 0x0f, 0x3f, 0xc0, 0xc0, 0x00, 0x00, 0x00, 0x00, 0x00, 0x00, 0x00, 0x00, 0x00, 0x00, 0x00, 0x00, 0x00, 0xff, 0x8c, 0x07, 0xf1, 0xf0,
    0x00, 0x07, 0xe0, 0x00, 0x00, 0x00, 0x0f, 0xff, 0xff, 0xff, 0x7f, 0xff, 0xff, 0xfc, 0x0f, 0x1f, 0xf3, 0xe0, 0x00, 0x00, 0x00, 0x00, 0x00, 0x00,
    0x00, 0x00, 0x00, 0x00, 0x00, 0x00, 0x00, 0xff, 0x9c, 0x07, 0xf1, 0xe0, 0x00, 0x07, 0xc0, 0x00, 0x00, 0x00, 0x3f, 0xff, 0xff, 0xff, 0x7f, 0xff,
    0xff, 0xc0, 0x1f, 0x0f, 0xfb, 0xe0, 0x00, 0x00, 0x00, 0x00, 0x00, 0x00, 0x00, 0x00, 0x00, 0x00, 0x00, 0x00, 0x00, 0xff, 0x1c, 0x0f, 0xe1, 0xc0,
    0x00, 0x07, 0xc0, 0x00, 0x00, 0x00, 0x7f, 0xff, 0xff, 0xff, 0x7f, 0xff, 0xff, 0xf0, 0x1f, 0x83, 0xfd, 0xf0, 0x00, 0x00, 0x00, 0x00, 0x00, 0x00,
    0x00, 0x00, 0x00, 0x00, 0x00, 0x00, 0x00, 0x3f, 0x1c, 0x08, 0x01, 0xc0, 0x00, 0x07, 0x80, 0x00, 0x00, 0x01, 0xff, 0xff, 0xff, 0xff, 0x7f, 0xff,
    0xff, 0xf8, 0x03, 0xe0, 0xff, 0xf0, 0x00, 0x00, 0x00, 0x00, 0x00, 0x00, 0x00, 0x00, 0x00, 0x00, 0x00, 0x00, 0x00, 0x1f, 0x18, 0x00, 0x01, 0x80,
    0x00, 0x07, 0x00, 0x00, 0x00, 0x0f, 0xff, 0xff, 0xff, 0xff, 0x7f, 0xff, 0xff, 0xfe, 0x00, 0xf8, 0x7f, 0xf8, 0x00, 0x00, 0x00, 0x00, 0x00, 0x00,
    0x00, 0x00, 0x00, 0x00, 0x00, 0x00, 0x00, 0x0e, 0x38, 0x00, 0x01, 0x00, 0x00, 0x07, 0x00, 0x00, 0x18, 0x0f, 0xff, 0xff, 0xff, 0xff, 0xff, 0xff,
    0xff, 0xff, 0x80, 0x7c, 0x3f, 0xf8, 0x00, 0x00, 0x00, 0x00, 0x00, 0x00, 0x00, 0x00, 0x00, 0x00, 0x00, 0x00, 0x00, 0x0e, 0x38, 0x00, 0x01, 0x00,
    0x00, 0x06, 0x00, 0x00, 0x7c, 0x07, 0xff, 0xff, 0xff, 0xff, 0xff, 0xff, 0xff, 0xff, 0xe0, 0x1e, 0x1f, 0xfc, 0x00, 0x00, 0x00, 0x00, 0x00, 0x00,
    0x00, 0x00, 0x00, 0x00, 0x00, 0x00, 0x00, 0x0e, 0x30, 0x03, 0x00, 0x00, 0x00, 0x06, 0x00, 0x00, 0xfe, 0x03, 0xff, 0xff, 0xff, 0xff, 0xff, 0xff,
    0xff, 0xff, 0xf8, 0x0f, 0x1f, 0xff, 0x00, 0x00, 0x00, 0x00, 0x00, 0x00, 0x00, 0x00, 0x00, 0x00, 0x00, 0x00, 0x00, 0x06, 0x30, 0x07, 0x00, 0x04,
    0x00, 0x06, 0x00, 0x00, 0xff, 0x00, 0xfc, 0x7f, 0xff, 0xff, 0xff, 0xff, 0xff, 0xff, 0xfe, 0x07, 0x0f, 0x9f, 0x00, 0x00, 0x00, 0x00, 0x00, 0x00,
    0x00, 0x00, 0x00, 0x00, 0x00, 0x00, 0x00, 0x04, 0x30, 0x0e, 0x00, 0x0c, 0x00, 0x00, 0x00, 0x01, 0xff, 0xc0, 0x01, 0xff, 0xff, 0xff, 0xff, 0xff,
    0xff, 0xff, 0xff, 0x03, 0x87, 0xcf, 0x00, 0x00, 0x00, 0x00, 0x00, 0x00, 0x00, 0x00, 0x00, 0x00, 0x00, 0x00, 0x00, 0x04, 0x70, 0x1c, 0x00, 0x18,
    0x00, 0x00, 0x00, 0x03, 0xff, 0xf0, 0x07, 0xff, 0xff, 0xff, 0xff, 0xff, 0xff, 0xff, 0xff, 0x81, 0x87, 0xef, 0x00, 0x00, 0x00, 0x00, 0x00, 0x00,
    0x00, 0x00, 0x00, 0x00, 0x00, 0x00, 0x00, 0x00, 0x60, 0x3c, 0x00, 0x18, 0x00, 0x00, 0x00, 0x03, 0xff, 0xff, 0xff, 0xff, 0xff, 0xff, 0xff, 0xff,
    0xff, 0xff, 0xff, 0xc1, 0xc3, 0xfe, 0x00, 0x00, 0x00, 0x00, 0x00, 0x00, 0x00, 0x00, 0x00, 0x00, 0x00, 0x00, 0x00, 0x00, 0x60, 0x38, 0x00, 0x30,
    0x02, 0x00, 0x00, 0x07, 0xff, 0xff, 0xff, 0xff, 0xff, 0xff, 0xff, 0xff, 0xff, 0xff, 0xff, 0xe1, 0xc1, 0xfe, 0x00, 0x00, 0x00, 0x00, 0x00, 0x00,
    0x00, 0x00, 0x00, 0x00, 0x00, 0x00, 0x00, 0x00, 0x60, 0x78, 0x00, 0x60, 0x02, 0x00, 0x00, 0x07, 0xff, 0xff, 0xff, 0xff, 0xff, 0xff, 0xff, 0xff,
    0xff, 0xff, 0xff, 0xf0, 0xe0, 0x7e, 0x00, 0x00, 0x00, 0x00, 0x00, 0x00, 0x00, 0x00, 0x00, 0x00, 0x00, 0x00, 0x00, 0x00, 0x60, 0x30, 0x00, 0x60,
    0x06, 0x00, 0x00, 0x07, 0xff, 0xff, 0xff, 0xff, 0xff, 0xff, 0xff, 0xff, 0xff, 0xff, 0xff, 0xf0, 0xe0, 0x3c, 0x00, 0x00, 0x00, 0x00, 0x00, 0x00,
    0x00, 0x00, 0x00, 0x00, 0x00, 0x00, 0x00, 0x00, 0x60, 0x00, 0x00, 0xe0, 0x04, 0x00, 0x00, 0x0f, 0xff, 0xff, 0xff, 0xff, 0xff, 0xff, 0xff, 0xff,
    0xff, 0xff, 0xff, 0xf0, 0xf0, 0x1c, 0x00, 0x00, 0x00, 0x00, 0x00, 0x00, 0x00, 0x00, 0x00, 0x00, 0x00, 0x00, 0x00, 0x00, 0xc0, 0x00, 0x00, 0xc0,
    0x04, 0x00, 0x00, 0x0f, 0xff, 0xff, 0xff, 0xff, 0xff, 0xff, 0xff, 0xff, 0xff, 0xff, 0xff, 0xf8, 0x7e, 0x18, 0x00, 0x00, 0x00, 0x00, 0x00, 0x00,
    0x00, 0x00, 0x00, 0x00, 0x00, 0x00, 0x00, 0x00, 0xc0, 0x00, 0x01, 0xc0, 0x0c, 0x00, 0x00, 0x0f, 0xf8, 0x00, 0xff, 0xff, 0xff, 0xff, 0xff, 0xff,
    0xff, 0xff, 0xff, 0xf0, 0x7c, 0x00, 0x00, 0x00, 0x00, 0x00, 0x00, 0x00, 0x00, 0x00, 0x00, 0x00, 0x00, 0x00, 0x00, 0x00, 0xc0, 0x00, 0x01, 0x80,
    0x0c, 0x00, 0x00, 0x1f, 0xc0, 0x00, 0x00, 0x3f, 0xff, 0xff, 0xff, 0xff, 0xff, 0xff, 0xff, 0xf0, 0x00, 0x00, 0x00, 0x00, 0x00, 0x00, 0x00, 0x00,
    0x00, 0x00, 0x00, 0x00, 0x00, 0x00, 0x00, 0x00, 0xc0, 0x00, 0x03, 0x80, 0x1c, 0x00, 0x00, 0x1f, 0x80, 0x00, 0x00, 0x00, 0x3f, 0xff, 0xff, 0xff,
    0xff, 0xff, 0xff, 0xf8, 0x00, 0x00, 0x00, 0x00, 0x00, 0x00, 0x00, 0x00, 0x00, 0x00, 0x00, 0x00, 0x00, 0x00, 0x00, 0x00, 0x80, 0x00, 0x03, 0x80,
    0x1c, 0x00, 0x00, 0x1f, 0x00, 0xc0, 0x00, 0x00, 0x00, 0x1f, 0xff, 0xff, 0xff, 0xff, 0xff, 0xfc, 0x01, 0x80, 0x00, 0x00, 0x00, 0x00, 0x00, 0x00,
    0x00, 0x00, 0x00, 0x00, 0x00, 0x00, 0x00, 0x00, 0x80, 0x00, 0x03, 0x00, 0x18, 0x00, 0x00, 0x1e, 0x07, 0xfc, 0x0e, 0x00, 0x00, 0x00, 0x07, 0xff,
    0xff, 0xff, 0xff, 0xfe, 0x03, 0x80, 0x00, 0x00, 0x00, 0x00, 0x00, 0x00, 0x00, 0x00, 0x00, 0x00, 0x00, 0x00, 0x00, 0x01, 0x80, 0x00, 0x07, 0x00,
    0x18, 0x00, 0x00, 0x3c, 0x1f, 0xfe, 0x0f, 0xff, 0x80, 0x00, 0x00, 0x03, 0xff, 0xff, 0xff, 0xff, 0x03, 0xc0, 0x00, 0x00, 0x00, 0x00, 0x00, 0x00,
    0x00, 0x00, 0x00, 0x00, 0x00, 0x00, 0x00, 0x01, 0x80, 0x00, 0x07, 0x00, 0x38, 0x00, 0x00, 0x38, 0x3f, 0xff, 0x87, 0xff, 0xff, 0x80, 0x00, 0x00,
    0x01, 0xff, 0xff, 0xff, 0xc3, 0xc0, 0x00, 0x00, 0x00, 0x00, 0x00, 0x00, 0x00, 0x00, 0x00, 0x00, 0x00, 0x00, 0x00, 0x01, 0x80, 0x00, 0x07, 0x00,
    0x38, 0x00, 0x00, 0x38, 0x7f, 0x3f, 0x87, 0xff, 0xff, 0xff, 0xe0, 0x00, 0x00, 0x00, 0x7f, 0xff, 0xc1, 0xc0, 0x00, 0x00, 0x00, 0x00, 0x00, 0x00,
    0x00, 0x00, 0x00, 0x00, 0x00, 0x00, 0x00, 0x01, 0x80, 0x00, 0x07, 0x00, 0x38, 0x00, 0x00, 0x30, 0x7c, 0x07, 0xc3, 0xff, 0xff, 0xff, 0xff, 0xf8,
    0x00, 0x00, 0x00, 0x1f, 0xe1, 0xc0, 0x00, 0x00, 0x00, 0x00, 0x00, 0x00, 0x00, 0x00, 0x00, 0x00, 0x00, 0x00, 0x00, 0x01, 0x00, 0x00, 0x07, 0x00,
    0x38, 0x00, 0x00, 0x30, 0xf0, 0x03, 0xc3, 0xff, 0xff, 0xf9, 0xff, 0xff, 0xfc, 0x00, 0x00, 0x00, 0x01, 0xc0, 0x00, 0x00, 0x00, 0x00, 0x00, 0x00,
    0x00, 0x00, 0x00, 0x00, 0x00, 0x00, 0x00, 0x01, 0x00, 0x00, 0x06, 0x00, 0x38, 0x00, 0x00, 0x30, 0xf1, 0xf1, 0xe1, 0xff, 0xff, 0xf0, 0xff, 0xff,
    0xff, 0xff, 0x00, 0x00, 0x00, 0x00, 0x00, 0x00, 0x00, 0x00, 0x00, 0x00, 0x00, 0x00, 0x00, 0x00, 0x00, 0x00, 0x00, 0x00, 0x00, 0x00, 0x06, 0x00,
    0x78, 0x00, 0x00, 0x21, 0xe3, 0xf1, 0xe1, 0xff, 0xff, 0xf7, 0x7f, 0xff, 0xff, 0xff, 0xff, 0x80, 0x00, 0x00, 0x00, 0x00, 0x00, 0x00, 0x00, 0x00,
    0x00, 0x00, 0x00, 0x00, 0x00, 0x00, 0x00, 0x00, 0x00, 0x00, 0x06, 0x20, 0x78, 0x00, 0x00, 0x21, 0xe7, 0xf8, 0xe1, 0xff, 0xff, 0xf2, 0x7f, 0xff,
    0xff, 0xff, 0xff, 0xff, 0xc0, 0x00, 0x00, 0x00, 0x00, 0x00, 0x00, 0x00, 0x00, 0x00, 0x00, 0x00, 0x00, 0x00, 0x00, 0x00, 0x00, 0x00, 0x06, 0x20,
    0x78, 0x00, 0x00, 0x21, 0xe7, 0xf8, 0xf1, 0xff, 0xff, 0xf0, 0x7f, 0xff, 0xff, 0xff, 0xfc, 0xff, 0xff, 0xe0, 0x00, 0x00, 0x00, 0x00, 0x00, 0x00,
    0x00, 0x00, 0x00, 0x00, 0x00, 0x00, 0x00, 0x00, 0x00, 0x00, 0x06, 0x20, 0x78, 0x00, 0x00, 0x01, 0xe7, 0xf8, 0xf1, 0xff, 0xff, 0xff, 0xff, 0xff,
    0xff, 0xff, 0xf8, 0x7f, 0xff, 0xf0, 0x00, 0x00, 0x00, 0x00, 0x00, 0x00, 0x00, 0x00, 0x00, 0x00, 0x00, 0x00, 0x00, 0x00, 0x00, 0x00, 0x02, 0x60,
    0x38, 0x00, 0x00, 0x01, 0xe7, 0xf8, 0xf1, 0xff, 0xff, 0xff, 0xff, 0xff, 0xff, 0xff, 0xf3, 0x3f, 0xff, 0xf0, 0x00, 0x00, 0x00, 0x00, 0x00, 0x00,
    0x00, 0x00, 0x00, 0x00, 0x00, 0x00, 0x00, 0x00, 0x00, 0x02, 0x00, 0x60, 0x38, 0x00, 0x00, 0x01, 0xe3, 0xf1, 0xe1, 0xff, 0xff, 0xff, 0xff, 0xff,
    0xff, 0xff, 0xf3, 0x3f, 0xff, 0xf0, 0x00, 0x00, 0x00, 0x00, 0x00, 0x00, 0x00, 0x00, 0x00, 0x00, 0x00, 0x00, 0x00, 0x00, 0x00, 0x02, 0x00, 0x60,
    0x38, 0x00, 0x00, 0x00, 0xe1, 0xe1, 0xe1, 0xff, 0xff, 0xff, 0xdf, 0xff, 0xff, 0xff, 0xf8, 0x7f, 0xff, 0xf8, 0x00, 0x00, 0x00, 0x00, 0x00, 0x00,
    0x00, 0x00, 0x00, 0x00, 0x00, 0x00, 0x00, 0x00, 0x00, 0x02, 0x00, 0x60, 0x38, 0x00, 0x00, 0x00, 0xf0, 0x03, 0xe3, 0xff, 0xff, 0xff, 0xc0, 0x0f,
    0xff, 0xff, 0xfc, 0xff, 0xff, 0xf8, 0x00, 0x00, 0x00, 0x00, 0x00, 0x00, 0x00, 0x00, 0x00, 0x00, 0x00, 0x00, 0x00, 0x00, 0x00, 0x03, 0x00, 0x60,
    0x3c, 0x00, 0x00, 0x00, 0x78, 0x07, 0xc3, 0xff, 0xff, 0xff, 0xc0, 0x00, 0x03, 0xff, 0xff, 0xff, 0xff, 0xf8, 0x00, 0x00, 0x00, 0x00, 0x00, 0x00,
    0x00, 0x00, 0x00, 0x00, 0x00, 0x00, 0x00, 0x00, 0x00, 0x03, 0x00, 0x60, 0x3c, 0x00, 0x00, 0x00, 0x7f, 0xff, 0x83, 0xff, 0xff, 0xff, 0xc0, 0x00,
    0x00, 0x03, 0xff, 0xff, 0xff, 0xfc, 0x00, 0x00, 0x00, 0x00, 0x00, 0x00, 0x00, 0x00, 0x00, 0x00, 0x00, 0x00, 0x00, 0x00, 0x00, 0x03, 0x00, 0x60,
    0x3c, 0x00, 0x00, 0x00, 0x3f, 0xff, 0x07, 0xff, 0xff, 0xff, 0xc0, 0x00, 0x00, 0x00, 0x00, 0x7f, 0xff, 0xfc, 0x00, 0x00, 0x00, 0x00, 0x00, 0x00,
    0x00, 0x00, 0x00, 0x00, 0x00, 0x00, 0x00, 0x00, 0x00, 0x03, 0x00, 0x60, 0x3c, 0x00, 0x00, 0x00, 0x1f, 0xfe, 0x07, 0xff, 0xff, 0xff, 0xc0, 0x00,
    0x00, 0x00, 0x00, 0x00, 0x3f, 0xfe, 0x00, 0x00, 0x00, 0x00, 0x00, 0x00, 0x00, 0x00, 0x00, 0x00, 0x00, 0x00, 0x00, 0x00, 0x00, 0x03, 0x00, 0x60,
    0x3c, 0x00, 0x00, 0x00, 0x07, 0xfc, 0x07, 0xff, 0xff, 0xff, 0xc0, 0x00, 0x00, 0x00, 0x00, 0x00, 0x00, 0x3e, 0x00, 0x00, 0x00, 0x00, 0x00, 0x00,
    0x00, 0x00, 0x00, 0x00, 0x00, 0x00, 0x00, 0x00, 0x00, 0x03, 0x00, 0xe0, 0x3c, 0x00, 0x00, 0x00, 0x00, 0xc0, 0x03, 0xff, 0xff, 0xff, 0xc0, 0x00,
    0x00, 0x00, 0x00, 0x00, 0x00, 0x00, 0x00, 0x00, 0x00, 0x00, 0x00, 0x00, 0x00, 0x00, 0x00, 0x00, 0x00, 0x00, 0x00, 0x00, 0x00, 0x07, 0x00, 0xe0,
    0x1e, 0x00, 0x00, 0x00, 0x00, 0x00, 0x00, 0xff, 0xff, 0xff, 0xc0, 0x00, 0x00, 0x00, 0x00, 0x00, 0x00, 0x00, 0x00, 0x00, 0x00, 0x00, 0x00, 0x00,
    0x00, 0x00, 0x00, 0x00, 0x00, 0x00, 0x00, 0x00, 0x00, 0x07, 0x00, 0xe0, 0x1e, 0x00, 0x00, 0x40, 0x00, 0x00, 0x00, 0x7f, 0xff, 0xff, 0x80, 0x00,
    0x00, 0x00, 0x00, 0x00, 0x00, 0x00, 0x00, 0x00, 0x00, 0x00, 0x00, 0x00, 0x00, 0x00, 0x00, 0x00, 0x00, 0x00, 0x00, 0x00, 0x00, 0x07, 0x80, 0xe0,
    0x1e, 0x00, 0x00, 0x40, 0x00, 0x00, 0x00, 0x1f, 0xff, 0xff, 0xc0, 0x00, 0x00, 0x00, 0x00, 0x00, 0x00, 0x00, 0x00, 0x00, 0x00, 0x00, 0x00, 0x00,
    0x00, 0x00, 0x00, 0x00, 0x00, 0x00, 0x00, 0x00, 0x00, 0x07, 0x80, 0xe0, 0x1e, 0x00, 0x00, 0x60, 0x00, 0xe0, 0x00, 0x0f, 0xff, 0xff, 0xfe, 0x00,
    0x00, 0x00, 0x00, 0x00, 0x00, 0x00, 0x00, 0x00, 0x00, 0x00, 0x00, 0x00, 0x00, 0x00, 0x00, 0x00, 0x00, 0x00, 0x00, 0x00, 0x00, 0x07, 0x80, 0xe0,
    0x0e, 0x00, 0x00, 0x30, 0x00, 0xf0, 0x00, 0x07, 0xff, 0xff, 0xff, 0xf0, 0x00, 0x00, 0x00, 0x00, 0x00, 0x00, 0x00, 0x00, 0x00, 0x00, 0x00, 0x00,
    0x00, 0x00, 0x00, 0x00, 0x00, 0x00, 0x00, 0x00, 0x00, 0x0f, 0x80, 0xe0, 0x0f, 0x00, 0x00, 0x38, 0x00, 0x78, 0x00, 0x03, 0xff, 0xf1, 0xff, 0xff,
    0xc0, 0x00, 0x00, 0x00, 0x00, 0x00, 0x00, 0x00, 0x00, 0x00, 0x00, 0x00, 0x00, 0x00, 0x00, 0x00, 0x00, 0x00, 0x00, 0x00, 0x00, 0x0f, 0x81, 0xe0,
    0x0f, 0x00, 0x00, 0x18, 0x00, 0x78, 0x00, 0x00, 0xff, 0xe4, 0xff, 0xff, 0xfe, 0x00, 0x00, 0x00, 0x00, 0x00, 0x00, 0x00, 0x00, 0x00, 0x00, 0x00,
    0x00, 0x00, 0x00, 0x00, 0x00, 0x00, 0x00, 0x00, 0x00, 0x1f, 0x81, 0xe0, 0x0f, 0x00, 0x00, 0x1c, 0x00, 0x3c, 0x00, 0x00, 0x7f, 0xee, 0xff, 0xff,
    0xff, 0xf8, 0x00, 0x00, 0x00, 0x00, 0x00, 0x00, 0x00, 0x00, 0x00, 0x00, 0x00, 0x00, 0x00, 0x00, 0x00, 0x00, 0x00, 0x00, 0x00, 0x1f, 0x01, 0xe0,
    0x0f, 0x00, 0x00, 0x0e, 0x00, 0x3c, 0x00, 0x00, 0x3f, 0xe4, 0xff, 0xff, 0xff, 0xff, 0xe0, 0x00, 0x00, 0x00, 0x00, 0x00, 0x00, 0x00, 0x00, 0x00,
    0x00, 0x00, 0x00, 0x00, 0x00, 0x00, 0x00, 0x00, 0x00, 0x3f, 0x03, 0xc0, 0x07, 0x80, 0x00, 0x0f, 0x00, 0x1c, 0x00, 0x00, 0x0f, 0xf1, 0xff, 0xff,
    0xff, 0xff, 0xff, 0x00, 0x00, 0x00, 0x00, 0x00, 0x00, 0x00, 0x00, 0x00, 0x00, 0x00, 0x00, 0x00, 0x00, 0x00, 0x00, 0x00, 0x00, 0x3f, 0x03, 0xc0,
    0x07, 0x80, 0x00, 0x07, 0xc0, 0x0e, 0x00, 0x00, 0x07, 0xff, 0xff, 0xff, 0xff, 0xff, 0xff, 0xfe, 0x00, 0x00, 0x00, 0x00, 0x00, 0x00, 0x00, 0x00,
    0x00, 0x00, 0x00, 0x00, 0x00, 0x00, 0x00, 0x00, 0x00, 0x7f, 0x03, 0xc0, 0x07, 0x80, 0x00, 0x07, 0xe0, 0x0e, 0x00, 0x00, 0x00, 0xff, 0xff, 0xff,
    0xff, 0xff, 0xff, 0xff, 0xf0, 0x00, 0x00, 0x00, 0x00, 0x00, 0x00, 0x00, 0x00, 0x00, 0x00, 0x00, 0x00, 0x00, 0x00, 0x00, 0x00, 0x7f, 0x03, 0xc0,
    0x07, 0x80, 0x00, 0x03, 0xf8, 0x0f, 0x00, 0x00, 0x00, 0x01, 0xff, 0xff, 0xff, 0xff, 0xf0, 0xff, 0xff, 0x80, 0x00, 0x00, 0x00, 0x00, 0x00, 0x00,
    0x00, 0x00, 0x00, 0x00, 0x00, 0x00, 0x00, 0x00, 0x00, 0xff, 0x07, 0xc0, 0x03, 0xc0, 0x00, 0x03, 0xfc, 0x07, 0x00, 0x00, 0x00, 0x00, 0x0f, 0xff,
    0xff, 0xff, 0xe0, 0xff, 0xff, 0xff, 0x00, 0x00, 0x00, 0x00, 0x00, 0x00, 0x00, 0x00, 0x00, 0x00, 0x00, 0x00, 0x00, 0x00, 0x01, 0xff, 0x07, 0xc0,
    0x03, 0xc0, 0x00, 0x01, 0xfe, 0x07, 0x80, 0x00, 0x00, 0x00, 0x00, 0x7f, 0xff, 0xff, 0xe6, 0xff, 0xff, 0xff, 0xf8, 0x00, 0x00, 0x00, 0x00, 0x00,
    0x00, 0x00, 0x00, 0x00, 0x00, 0x00, 0x00, 0x00, 0x03, 0xfe, 0x0f, 0x80, 0x03, 0xc0, 0x00, 0x01, 0xff, 0x03, 0x80, 0x00, 0x00, 0x00, 0x00, 0x01,
    0xff, 0xff, 0xe6, 0xff, 0xff, 0xff, 0xff, 0x00, 0x00, 0x00, 0x00, 0x00, 0x00, 0x00, 0x00, 0x00, 0x00, 0x00, 0x00, 0x00, 0x07, 0xfe, 0x0f, 0x80,
    0x03, 0xc0, 0x00, 0x01, 0xff, 0x83, 0xc0, 0x00, 0x00, 0x07, 0xc0, 0x00, 0x07, 0xff, 0xf0, 0xff, 0xff, 0xff, 0xfe, 0x00, 0x00, 0x00, 0x00, 0x00,
    0x00, 0x00, 0x00, 0x00, 0x00, 0x00, 0x00, 0x00, 0x0f, 0xfe, 0x0f, 0x80, 0x03, 0xc0, 0x00, 0x01, 0xff, 0x81, 0xc0, 0x00, 0x00, 0x07, 0xff, 0x00,
    0x00, 0x3f, 0xff, 0xff, 0xff, 0xff, 0xfe, 0x00, 0x00, 0x00, 0x00, 0x00, 0x00, 0x00, 0x00, 0x00, 0x00, 0x00, 0x00, 0x00, 0x1f, 0xfe, 0x1f, 0x00,
    0x01, 0xc0, 0x00, 0x01, 0xff, 0xc1, 0xc0, 0x80, 0x06, 0x07, 0xff, 0xfc, 0x00, 0x00, 0xff, 0xff, 0xff, 0xff, 0xfc, 0x00, 0x00, 0x00, 0x00, 0x00,
    0x00, 0x00, 0x00, 0x00, 0x00, 0x00, 0x00, 0x00, 0x7f, 0xfc, 0x1f, 0x02, 0x01, 0xe0, 0x00, 0x01, 0xff, 0xc0, 0xe1, 0xc0, 0x07, 0x07, 0xff, 0xff,
    0x00, 0x00, 0x03, 0xff, 0xff, 0xff, 0xfc, 0x00, 0x00, 0x00, 0x00, 0x00, 0x00, 0x00, 0x00, 0x00, 0x00, 0x08, 0x00, 0x00, 0xfe, 0x7c, 0x3f, 0x02,
    0x01, 0xe0, 0x00, 0x01, 0xff, 0xe0, 0xe3, 0xe0, 0x07, 0x07, 0xff, 0xff, 0x01, 0x80, 0x00, 0x1f, 0xff, 0xff, 0xf8, 0x00, 0x00, 0x00, 0x00, 0x00,
    0x00, 0x00, 0x00, 0x00, 0x00, 0x06, 0x00, 0x03, 0xfe, 0xfc, 0x3e, 0x02, 0x01, 0xc0, 0x00, 0x01, 0xff, 0xe0, 0xe1, 0xe0, 0x07, 0x07, 0xff, 0xff,
    0x01, 0xfc, 0x00, 0x00, 0x7f, 0xff, 0xf8, 0x00, 0x00, 0x00, 0x00, 0x00, 0x00, 0x00, 0x00, 0x00, 0x00, 0x07, 0x80, 0x1f, 0xfc, 0xfc, 0x7e, 0x02,
    0x01, 0xc0, 0x00, 0x01, 0xff, 0xe0, 0xe0, 0xc0, 0x07, 0x07, 0xff, 0xff, 0x01, 0xff, 0x00, 0x00, 0x03, 0xff, 0xf0, 0x00, 0x00, 0x00, 0x00, 0x00,
    0x00, 0x00, 0x00, 0x00, 0x00, 0x03, 0xff, 0xff, 0xf9, 0xf8, 0xfc, 0x06, 0x01, 0xc0, 0x00, 0x01, 0xff, 0xe0, 0xe0, 0x00, 0x07, 0x07, 0xff, 0xff,
    0x01, 0xfe, 0x03, 0xc0, 0x00, 0x1f, 0xf0, 0x00, 0x00, 0x00, 0x00, 0x00, 0x00, 0x00, 0x00, 0x00, 0x00, 0x01, 0xff, 0xff, 0xe1, 0xf9, 0xfc, 0x04,
    0x03, 0xc0, 0x00, 0x01, 0xff, 0xe0, 0xe0, 0x00, 0x03, 0x0f, 0xff, 0xfe, 0x03, 0xfe, 0x07, 0xf8, 0x00, 0x1f, 0xe0, 0x00, 0x00, 0x00, 0x00, 0x00,
    0x00, 0x00, 0x00, 0x00, 0x00, 0x00, 0xff, 0xff, 0xc3, 0xf1, 0xf8, 0x0c, 0x03, 0xc0, 0x00, 0x03, 0xff, 0xe0, 0xe0, 0x00, 0x03, 0x0f, 0xff, 0xfe,
    0x03, 0xfe, 0x07, 0xf8, 0x00, 0x3f, 0xe0, 0x00, 0x00, 0x00, 0x00, 0x00, 0x00, 0x00, 0x00, 0x00, 0x00, 0x00, 0x3f, 0xff, 0x03, 0xf3, 0xf8, 0x0c,
    0x03, 0xc0, 0x00, 0x03, 0xff, 0xe0, 0xe0, 0x00, 0x03, 0x0f, 0xff, 0xfe, 0x03, 0xfe, 0x07, 0xf8, 0x00, 0x3f, 0xc0, 0x00, 0x00, 0x00, 0x00, 0x00,
    0x00, 0x00, 0x00, 0x00, 0x00, 0x00, 0x03, 0xe0, 0x07, 0xe7, 0xf0, 0x0c, 0x03, 0xc0, 0x00, 0x01, 0xff, 0xe0, 0xe0, 0x00, 0x03, 0x0f, 0xff, 0xfe,
    0x03, 0xfe, 0x07, 0xf0, 0x00, 0x7f, 0xc0, 0x00, 0x00, 0x00, 0x00, 0x00, 0x00, 0x00, 0x00, 0x00, 0x00, 0x00, 0x00, 0x00, 0x0f, 0xef, 0xe0, 0x18,
    0x03, 0xc0, 0x00, 0x03, 0xff, 0xe0, 0xe0, 0x00, 0x03, 0x0f, 0xff, 0xfe, 0x03, 0xfe, 0x0f, 0xf0, 0x00, 0x7f, 0x80, 0x00, 0x00, 0x00, 0x00, 0x00,
    0x00, 0x00, 0x00, 0x00, 0x00, 0x00, 0x00, 0x00, 0x1f, 0xdf, 0xe0, 0x38, 0x01, 0xc0, 0x00, 0x03, 0xff, 0xe0, 0xe0, 0x00, 0x03, 0x0f, 0xff, 0xfe,
    0x07, 0xfc, 0x0f, 0xf0, 0x00, 0xff, 0x80, 0x00, 0x00, 0x00, 0x00, 0x00, 0x00, 0x00, 0x00, 0x00, 0x00, 0x00, 0x00, 0x00, 0x3f, 0xff, 0xc0, 0x38,
    0x00, 0x00, 0x00, 0x03, 0xff, 0xe0, 0xe0, 0x00, 0x03, 0x0f, 0xff, 0xfe, 0x07, 0xfc, 0x0f, 0xe0, 0x00, 0xff, 0x80, 0x00, 0x00, 0x00, 0x00, 0x00,
    0x00, 0x00, 0x00, 0x00, 0x00, 0x00, 0x00, 0x00, 0x3f, 0xff, 0x80, 0x70, 0x00, 0x00, 0x00, 0x03, 0xff, 0xe0, 0xe0, 0x00, 0x03, 0x0f, 0xff, 0xfe,
    0x07, 0xfc, 0x0f, 0xe0, 0x01, 0xff, 0x00, 0x00, 0x00, 0x00, 0x00, 0x00, 0x00, 0x00, 0x00, 0x00, 0x00, 0x00, 0x00, 0x00, 0xff, 0xff, 0x00, 0xf0,
    0x08, 0x00, 0x00, 0x03, 0xff, 0xe0, 0xe0, 0x00, 0x03, 0x0f, 0xff, 0xfc, 0x07, 0xfc, 0x1f, 0xe0, 0x01, 0xff, 0x00, 0x00, 0x00, 0x00, 0x00, 0x00,
    0x00, 0x00, 0x00, 0x00, 0x00, 0x00, 0x00, 0x01, 0xff, 0xfe, 0x00, 0xe0, 0x0e, 0x00, 0x00, 0x03, 0xff, 0xe0, 0xe0, 0x00, 0x03, 0x1f, 0xff, 0xfc,
    0x07, 0xfc, 0x1f, 0xc0, 0x01, 0xfe, 0x00, 0x00, 0x00, 0x00, 0x00, 0x00, 0x00, 0x00, 0x00, 0x00, 0x00, 0x00, 0x00, 0x03, 0xff, 0xfc, 0x01, 0xe0,
    0x1f, 0x80, 0x00, 0x03, 0xff, 0xe0, 0xe0, 0x00, 0x03, 0x1f, 0xff, 0xfc, 0x0f, 0xf8, 0x1f, 0xc0, 0x03, 0xfe, 0x00, 0x00, 0x00, 0x00, 0x00, 0x00,
    0x00, 0x00, 0x00, 0x00, 0x00, 0x00, 0x00, 0x07, 0xff, 0xf8, 0x03, 0xc0, 0x1f, 0xf0, 0x00, 0x03, 0xff, 0xe0, 0xe0, 0x00, 0x03, 0x1f, 0xff, 0xfc,
    0x0f, 0xf8, 0x1f, 0xc0, 0x03, 0xfc, 0x00, 0x00, 0x00, 0x00, 0x00, 0x00, 0x00, 0x00, 0x00, 0x00, 0x00, 0x00, 0x00, 0x0f, 0xff, 0xf0, 0x07, 0xc0,
    0x3e, 0x7c, 0x00, 0x03, 0xff, 0xe0, 0xe0, 0x00, 0x03, 0x1f, 0xff, 0xfc, 0x0f, 0xf8, 0x3f, 0xc0, 0x03, 0xfc, 0x00, 0x00, 0x00, 0x00, 0x00, 0x00,
    0x00, 0x00, 0x00, 0x00, 0x00, 0x00, 0x00, 0x3f, 0xff, 0xc0, 0x0f, 0x80, 0x3e, 0x0f, 0x00, 0x03, 0xff, 0xe0, 0xe0, 0x00, 0x03, 0x1f, 0xff, 0xfc,
    0x0f, 0xf8, 0x3f, 0x80, 0x07, 0xf8, 0x00, 0x00, 0x00, 0x00, 0x00, 0x00, 0x00, 0x00, 0x00, 0x00, 0x00, 0x00, 0x00, 0x7f, 0xff, 0x80, 0x0f, 0x80,
    0x7c, 0x03, 0xe0, 0x03, 0xff, 0xe0, 0xe0, 0x00, 0x03, 0x1f, 0xff, 0xfc, 0x0f, 0xf0, 0x3f, 0x80, 0x07, 0xf8, 0x00, 0x00, 0x00, 0x00, 0x00, 0x00,
    0x00, 0x00, 0x00, 0x00, 0x00, 0x00, 0x00, 0xff, 0xfe, 0x00, 0x1f, 0x00, 0x7c, 0x60, 0x78, 0x03, 0xff, 0xe0, 0xe0, 0x00, 0x03, 0x1f, 0xff, 0xf8,
    0x0f, 0xf0, 0x3f, 0x80, 0x0f, 0xf8, 0x00, 0x00, 0x00, 0x00, 0x00, 0x00, 0x00, 0x00, 0x00, 0x00, 0x00, 0x00, 0x01, 0xff, 0xfc, 0x00, 0x3e, 0x00,
    0x7c, 0xf0, 0x1e, 0x00, 0xff, 0xe0, 0xe0, 0x00, 0x03, 0x1f, 0xff, 0xf8, 0x1f, 0xf0, 0x7f, 0x00, 0x0f, 0xf0, 0x00, 0x00, 0x00, 0x00, 0x00, 0x00,
    0x00, 0x00, 0x00, 0x00, 0x00, 0x00, 0x07, 0xff, 0xf0, 0x00, 0x7e, 0x00, 0xf8, 0x60, 0x07, 0xc0, 0x3f, 0xe0, 0xe0, 0x00, 0x03, 0x1f, 0xff, 0xf8,
    0x1f, 0xf0, 0x7f, 0x00, 0x0f, 0xf0, 0x00, 0x00, 0x00, 0x00, 0x00, 0x00, 0x00, 0x00, 0x00, 0x00, 0x00, 0x00, 0x0f, 0xff, 0xe0, 0x00, 0x7c, 0x00,
    0xf8, 0x00, 0x03, 0xf0, 0x0f, 0xe0, 0xe0, 0x00, 0x03, 0x3f, 0xff, 0xf8, 0x1f, 0xf0, 0x7f, 0x00, 0x1f, 0xe0, 0x00, 0x00, 0x00, 0x00, 0x00, 0x00,
    0x00, 0x00, 0x00, 0x00, 0x00, 0x00, 0x1f, 0xff, 0x80, 0x00, 0xf8, 0x00, 0x3e, 0x00, 0x03, 0xfc, 0x03, 0xe0, 0xe0, 0x00, 0x03, 0x3f, 0xff, 0xf8,
    0x1f, 0xe0, 0x7f, 0x00, 0x1f, 0xe0, 0x00, 0x00, 0x00, 0x00, 0x00, 0x00, 0x00, 0x00, 0x00, 0x00, 0x00, 0x00, 0x3f, 0xfe, 0x00, 0x01, 0xf0, 0x00,
    0x0f, 0x80, 0x07, 0xff, 0x00, 0xe0, 0xe0, 0x00, 0x03, 0x3f, 0xff, 0xf8, 0x1f, 0xe0, 0xfe, 0x00, 0x1f, 0xe0, 0x00, 0x00, 0x00, 0x00, 0x00, 0x00,
    0x00, 0x00, 0x00, 0x00, 0x00, 0x00, 0x7f, 0xfc, 0x00, 0x01, 0xf0, 0x00, 0x03, 0xe0, 0x07, 0xff, 0xe0, 0x00, 0xe0, 0x00, 0x03, 0x3f, 0xff, 0xf8,
    0x3f, 0xe0, 0xfe, 0x00, 0x3f, 0xc0, 0x00, 0x00, 0x00, 0x00, 0x00, 0x00, 0x00, 0x00, 0x00, 0x00, 0x00, 0x00, 0xff, 0xf0, 0x02, 0x03, 0xe0, 0x00,
    0x00, 0x78, 0x07, 0xff, 0xf8, 0x00, 0xe0, 0x00, 0x03, 0x3f, 0xff, 0xf8, 0x3f, 0xe0, 0xfe, 0x00, 0x3f, 0xc0, 0x00, 0x00, 0x00, 0x00, 0x00, 0x00,
    0x00, 0x00, 0x00, 0x00, 0x00, 0x00, 0xff, 0xc0, 0x06, 0x03, 0xc0, 0x00, 0x00, 0x1e, 0x0f, 0xff, 0xfe, 0x00, 0xe0, 0x00, 0x03, 0x3f, 0xff, 0xf0,
    0x3f, 0xe0, 0xfc, 0x00, 0x3f, 0x80, 0x00, 0x00, 0x00, 0x00, 0x00, 0x00, 0x00, 0x00, 0x00, 0x00, 0x00, 0x01, 0xff, 0x80, 0x0c, 0x07, 0xc0, 0x00,
    0x00, 0x03, 0xcf, 0xff, 0xff, 0x80, 0xe0, 0x00, 0x03, 0x3f, 0xff, 0xf0, 0x3f, 0xc1, 0xfc, 0x00, 0x7f, 0x80, 0x00, 0x00, 0x00, 0x00, 0x00, 0x00,
    0x00, 0x00, 0x00, 0x00, 0x00, 0x03, 0xfe, 0x00, 0x1c, 0x07, 0x80, 0x00, 0x00, 0x00, 0xff, 0xff, 0x8f, 0xe0, 0xe0, 0x00, 0x03, 0x3f, 0xff, 0xf0,
    0x3f, 0xc1, 0xfc, 0x00, 0x7f, 0x80, 0x00, 0x00, 0x00, 0x00, 0x00, 0x00, 0x00, 0x00, 0x00, 0x00, 0x00, 0x07, 0xfc, 0x00, 0x38, 0x0f, 0x00, 0x00,
    0x00, 0x00, 0x3f, 0xff, 0x27, 0xf0, 0xe0, 0x00, 0x03, 0x3f, 0xff, 0xf0, 0x7f, 0xc1, 0xfc, 0x00, 0x7f, 0x00, 0x00, 0x00, 0x00, 0x00, 0x00, 0x00,
    0x00, 0x00, 0x00, 0x00, 0x00, 0x07, 0xf8, 0x00, 0x78, 0x0f, 0x00, 0x00, 0x00, 0x00, 0x0f, 0xff, 0x77, 0xf0, 0xe0, 0x00, 0x03, 0x7f, 0xff, 0xf8,
    0x7f, 0xc3, 0xf8, 0x00, 0xff, 0x00, 0x00, 0x00, 0x00, 0x00, 0x00, 0x00, 0x00, 0x00, 0x00, 0x00, 0x00, 0x0f, 0xf0, 0x00, 0xf8, 0x0f, 0x01, 0x00,
    0x00, 0x00, 0x01, 0xff, 0x27, 0xf0, 0xe0, 0x00, 0x03, 0x7f, 0xff, 0xfe, 0x7f, 0xc3, 0xf8, 0x00, 0xfe, 0x00, 0x00, 0x00, 0x00, 0x00, 0x00, 0x00,
    0x00, 0x00, 0x00, 0x00, 0x00, 0x1f, 0xc0, 0x01, 0xf8, 0x0e, 0x03, 0x00, 0x00, 0x00, 0x00, 0x7f, 0x8f, 0xf0, 0xe0, 0x00, 0x03, 0x7f, 0xff, 0xff,
    0x7f, 0x83, 0xf8, 0x01, 0xfe, 0x00, 0x00, 0x00, 0x00, 0x00, 0x00, 0x00, 0x00, 0x00, 0x00, 0x00, 0x00, 0x1f, 0x80, 0x11, 0xf0, 0x1e, 0x02, 0x00,
    0x00, 0x00, 0x00, 0x1f, 0xff, 0xf0, 0xe0, 0x00, 0x03, 0x7f, 0xff, 0xff, 0xff, 0x83, 0xf0, 0x01, 0xfe, 0x00, 0x00, 0x00, 0x00, 0x00, 0x00, 0x00,
    0x00, 0x00, 0x00, 0x00, 0x00, 0x3f, 0x00, 0x33, 0xf0, 0x1c, 0x06, 0x00, 0x00, 0x00, 0x00, 0x07, 0xff, 0xf0, 0xe0, 0x00, 0x03, 0x7f, 0xff, 0xff,
    0xff, 0x87, 0xf0, 0x01, 0xfc, 0x00, 0x00, 0x00, 0x00, 0x00, 0x00, 0x00, 0x00, 0x00, 0x00, 0x00, 0x00, 0x3f, 0x00, 0x63, 0xf0, 0x1c, 0x04, 0x00,
    0x00, 0x00, 0x00, 0x00, 0xff, 0xf0, 0xe0, 0x00, 0x03, 0xff, 0xff, 0xff, 0xff, 0x87, 0xf0, 0x01, 0xfc, 0x00, 0x00, 0x00, 0x00, 0x00, 0x00, 0x00,
    0x00, 0x00, 0x00, 0x00, 0x00, 0x3e, 0x00, 0xc7, 0xf0, 0x1c, 0x0c, 0x00, 0x0c, 0x00, 0x00, 0x00, 0x3f, 0xf0, 0xe1, 0xc0, 0x03, 0xff, 0xff, 0xff,
    0xff, 0x87, 0xf0, 0x03, 0xfc, 0x00, 0x00, 0x00, 0x00, 0x00, 0x00, 0x00, 0x00, 0x00, 0x00, 0x00, 0x00, 0x7c, 0x01, 0xc7, 0xf0, 0x1c, 0x0c, 0x00,
    0x0f, 0x00, 0x00, 0x00, 0x0f, 0xf0, 0xe1, 0xe0, 0x03, 0xff, 0xff, 0xff, 0xff, 0x87, 0xe0, 0x03, 0xf8, 0x00, 0x00, 0x00, 0x00, 0x00, 0x00, 0x00,
    0x00, 0x00, 0x00, 0x00, 0x00, 0x78, 0x01, 0xc7, 0xf0, 0x1c, 0x1c, 0x00, 0x0f, 0xf0, 0x00, 0x00, 0x03, 0xf0, 0xe1, 0xe0, 0x03, 0xff, 0xff, 0xff,
    0xff, 0x0f, 0xe0, 0x03, 0xf8, 0x00, 0x00, 0x00, 0x00, 0x00, 0x00, 0x00, 0x00, 0x00, 0x00, 0x00, 0x00, 0xf0, 0x03, 0x8f, 0xf0, 0x18, 0x1c, 0x00,
    0x1f, 0xfc, 0x00, 0x00, 0x00, 0x70, 0xe1, 0xc0, 0x03, 0xff, 0xff, 0xff, 0xff, 0x8f, 0xe0, 0x07, 0xf8, 0x00, 0x00, 0x00, 0x00, 0x00, 0x00, 0x00,
    0x00, 0x00, 0x00, 0x00, 0x00, 0xf0, 0x07, 0x8f, 0xf0, 0x18, 0x18, 0x00, 0x1e, 0x3f, 0x80, 0x00, 0x00, 0x10, 0xe0, 0x00, 0x03, 0xff, 0xff, 0xff,
    0xff, 0xcf, 0xc0, 0x07, 0xf8, 0x00, 0x00, 0x00, 0x00, 0x00, 0x00, 0x00, 0x00, 0x00, 0x00, 0x00, 0x00, 0xe0, 0x07, 0x8f, 0xf0, 0x18, 0x18, 0x00,
    0x1e, 0x03, 0xe0, 0x00, 0x00, 0x00, 0xe0, 0x00, 0x03, 0xff, 0xff, 0xff, 0xff, 0xef, 0xc0, 0x07, 0xf0, 0x00, 0x00, 0x00, 0x00, 0x00, 0x00, 0x00,
    0x00, 0x00, 0x00, 0x00, 0x00, 0xc0, 0x0f, 0x8f, 0xf8, 0x18, 0x38, 0x00, 0x1e, 0x00, 0x7c, 0x00, 0x00, 0x00, 0xf8, 0x00, 0x03, 0xff, 0xff, 0xff,
    0xff, 0xff, 0xc0, 0x0f, 0xf0, 0x00, 0x00, 0x00, 0x00, 0x00, 0x00, 0x00, 0x00, 0x00, 0x00, 0x00, 0x01, 0xc0, 0x1f, 0x8f, 0xf8, 0x18, 0x3c, 0x00,
    0x1c, 0x00, 0x1f, 0x00, 0x00, 0x00, 0xfe, 0x00, 0x03, 0xff, 0xff, 0xff, 0xff, 0xff, 0xc0, 0x0f, 0xf0, 0x00, 0x00, 0x00, 0x00, 0x00, 0x00, 0x00,
    0x00, 0x00, 0x00, 0x00, 0x01, 0x80, 0x1f, 0x0f, 0xf8, 0x08, 0x3c, 0x00, 0x00, 0x00, 0x03, 0x80, 0x00, 0x00, 0x3f, 0x80, 0x01, 0xff, 0xff, 0xff,
    0xff, 0xff, 0x80, 0x0f, 0xe0, 0x00, 0x00, 0x00, 0x00, 0x00, 0x00, 0x00, 0x00, 0x00, 0x00, 0x00, 0x01, 0x80, 0x3f, 0x0f, 0xf8, 0x0c, 0x3c, 0x00,
    0x00, 0x00, 0x00, 0x00, 0x00, 0x00, 0x0f, 0xe0, 0x00, 0xff, 0xff, 0xff, 0xff, 0xff, 0x80, 0x0f, 0xe0, 0x00, 0x00, 0x00, 0x00, 0x00, 0x00, 0x00,
    0x00, 0x00, 0x00, 0x00, 0x01, 0x00, 0x3f, 0x0f, 0xfc, 0x0c, 0x3c, 0x00, 0x00, 0x00, 0x00, 0x0e, 0x00, 0x00, 0x03, 0xf8, 0x00, 0x7f, 0xff, 0xff,
    0xff, 0xff, 0x80, 0x1f, 0xe0, 0x00, 0x00, 0x00, 0x00, 0x00, 0x00, 0x00, 0x00, 0x00, 0x00, 0x00, 0x01, 0x00, 0x3f, 0x0f, 0xfc, 0x04, 0x3c, 0x01,
    0xc0, 0x00, 0x00, 0x0f, 0x80, 0x00, 0x00, 0xfe, 0x00, 0x3f, 0xff, 0xff, 0xff, 0xff, 0x80, 0x1f, 0xe0, 0x00, 0x00, 0x00, 0x00, 0x00, 0x00, 0x00,
    0x00, 0x00, 0x00, 0x00, 0x02, 0x00, 0x7f, 0x0f, 0xfe, 0x04, 0x3e, 0x03, 0xfc, 0x00, 0x00, 0x0f, 0xe0, 0x00, 0x00, 0x3f, 0xc0, 0x1f, 0xff, 0xff,
    0xff, 0xff, 0xc0, 0x1f, 0xc0, 0x00, 0x00, 0x00, 0x00, 0x00, 0x00, 0x00, 0x00, 0x00, 0x00, 0x00, 0x00, 0x00, 0x7f, 0x0f, 0xfe, 0x00, 0x3e, 0x07,
    0xff, 0xc0, 0x00, 0x0f, 0xf8, 0x00, 0x00, 0x0f, 0xf0, 0x07, 0xff, 0xff, 0xff, 0xff, 0xe0, 0x3f, 0xc0, 0x00, 0x00, 0x00, 0x00, 0x00, 0x00, 0x00,
    0x00, 0x00, 0x00, 0x00, 0x00, 0x00, 0x7f, 0x0f, 0xff, 0x00, 0x3f, 0x07, 0x87, 0xf8, 0x00, 0x0f, 0x3e, 0x00, 0x00, 0x03, 0xfc, 0x03, 0xff, 0xff,
    0xff, 0xff, 0xf0, 0x3f, 0xc0, 0x00, 0x00, 0x00, 0x00, 0x00, 0x00, 0x00, 0x00, 0x00, 0x00, 0x00, 0x00, 0x00, 0xff, 0x0f, 0xff, 0x00, 0x1f, 0x03,
    0x00, 0x7f, 0x00, 0x0f, 0x0f, 0x80, 0x00, 0x00, 0xff, 0x01, 0xff, 0xff, 0xff, 0xff, 0xf8, 0x3f, 0x80, 0x00, 0x00, 0x00, 0x00, 0x00, 0x00, 0x00,
    0x00, 0x00, 0x00, 0x00, 0x00, 0x00, 0xff, 0x0f, 0xff, 0x80, 0x1f, 0x80, 0x00, 0x0f, 0xe0, 0x07, 0x07, 0xe0, 0x00, 0x00, 0x3f, 0xc0, 0x7f, 0xff,
    0xff, 0xff, 0xfc, 0x3f, 0x80, 0x00, 0x00, 0x00, 0x00, 0x00, 0x00, 0x00, 0x00, 0x00, 0x00, 0x00, 0x00, 0x00, 0xf7, 0x07, 0xff, 0xc0, 0x1f, 0x80,
    0x00, 0x01, 0xf8, 0x01, 0x87, 0xf8, 0x00, 0x00, 0x07, 0xf0, 0x3f, 0xff, 0xff, 0xff, 0xfc, 0x7f, 0x80, 0x00, 0x00, 0x00, 0x00, 0x00, 0x00, 0x00,
    0x00, 0x00, 0x00, 0x00, 0x00, 0x00, 0xf3, 0x87, 0xff, 0xe0, 0x0f, 0xc0, 0x00, 0x00, 0x70, 0x00, 0xff, 0xfe, 0x00, 0x00, 0x01, 0xfc, 0x1f, 0xff,
    0xff, 0xff, 0xfc, 0x7f, 0x80, 0x00, 0x00, 0x00, 0x00, 0x00, 0x00, 0x00, 0x00, 0x00, 0x00, 0x00, 0x00, 0x00, 0xf3, 0x87, 0xff, 0xe0, 0x0f, 0xe0,
    0x30, 0x00, 0xe1, 0xc0, 0x3f, 0xff, 0x80, 0x00, 0x00, 0x7f, 0x07, 0xff, 0xff, 0xff, 0xf8, 0x7f, 0x00, 0x00, 0x00, 0x00, 0x00, 0x00, 0x00, 0x00,
    0x00, 0x00, 0x00, 0x00, 0x00, 0x01, 0xf3, 0x83, 0xff, 0xf0, 0x07, 0xf0, 0x18, 0x01, 0xe1, 0xf0, 0x0f, 0xff, 0xc0, 0x00, 0x00, 0x1f, 0xc3, 0xff,
    0xff, 0xff, 0xf8, 0x7f, 0x00, 0x00, 0x00, 0x00, 0x00, 0x00, 0x00, 0x00, 0x00, 0x00, 0x00, 0x00, 0x00, 0x01, 0xf3, 0x83, 0xff, 0xf8, 0x07, 0xf8,
    0x00, 0x01, 0xc3, 0xfc, 0x03, 0xff, 0xf0, 0x00, 0x00, 0x07, 0xf8, 0xff, 0xff, 0xff, 0xf8, 0xff, 0x00, 0x00, 0x00, 0x00, 0x00, 0x00, 0x00, 0x00,
    0x00, 0x00, 0x00, 0x00, 0x00, 0x01, 0xf1, 0x81, 0xff, 0xfe, 0x03, 0xfc, 0x00, 0x03, 0x87, 0xff, 0x01, 0xff, 0xf8, 0x00, 0x00, 0x01, 0xfe, 0x7f,
    0xff, 0xff, 0xf8, 0xff, 0x00, 0x00, 0x00, 0x00, 0x00, 0x00, 0x00, 0x00, 0x00, 0x00, 0x00, 0x00, 0x00, 0x01, 0xf1, 0xc1, 0xff, 0xff, 0x01, 0xff,
    0x00, 0x07, 0x87, 0xff, 0xc0, 0x7f, 0xfe, 0x00, 0x00, 0x00, 0x7f, 0x9f, 0xff, 0xff, 0xf0, 0xfe, 0x00, 0x00, 0x00, 0x00, 0x00, 0x00, 0x00, 0x00,
    0x00, 0x00, 0x00, 0x00, 0x00, 0x01, 0xe0, 0xc0, 0xff, 0xff, 0x80, 0xff, 0x80, 0x07, 0x0f, 0xff, 0xf0, 0x1f, 0xff, 0x00, 0x00, 0x00, 0x0f, 0xe7,
    0xff, 0xff, 0xf0, 0xfe, 0x00, 0x00, 0x00, 0x00, 0x00, 0x00, 0x00, 0x00, 0x00, 0x00, 0x00, 0x00, 0x00, 0x01, 0xf0, 0xe0, 0x7f, 0xff, 0xe0, 0x7f,
    0xe0, 0x00, 0x1f, 0xff, 0xfc, 0x07, 0xff, 0x80, 0x00, 0x00, 0x03, 0xfb, 0xff, 0xff, 0xf0, 0xfe, 0x00, 0x00, 0x00, 0x00, 0x00, 0x00, 0x00, 0x00,
    0x00, 0x00, 0x00, 0x00, 0x00, 0x01, 0xe0, 0x60, 0x7f, 0xff, 0xf8, 0x3f, 0xf8, 0x00, 0x0f, 0xff, 0xfe, 0x03, 0xff, 0xe0, 0x00, 0x00, 0x00, 0xff,
    0xff, 0xff, 0xf1, 0xfe, 0x00, 0x00, 0x00, 0x00, 0x00, 0x00, 0x00, 0x00, 0x00, 0x00, 0x00, 0x00, 0x00, 0x01, 0xf0, 0x30, 0x3f, 0xff, 0xfe, 0x0f,
    0xfe, 0x00, 0x00, 0x7f, 0xff, 0x80, 0xff, 0xf0, 0x00, 0x00, 0x00, 0x3f, 0xff, 0xff, 0xe1, 0xfe, 0x00, 0x00, 0x00, 0x00, 0x00, 0x00, 0x00, 0x00,
    0x00, 0x00, 0x00, 0x00, 0x00, 0x01, 0xf0, 0x10, 0x1f, 0xff, 0xff, 0xc7, 0xff, 0xc0, 0x00, 0x0f, 0xff, 0xe0, 0x3f, 0xf8, 0x00, 0x00, 0x00, 0x0f,
    0xff, 0xff, 0xe1, 0x8c, 0x00, 0x00, 0x00, 0x00, 0x00, 0x00, 0x00, 0x00, 0x00, 0x00, 0x00, 0x00, 0x00, 0x01, 0xf0, 0x08, 0x0f, 0xff, 0xff, 0xff,
    0xff, 0xfc, 0x00, 0x03, 0xff, 0xf8, 0x0f, 0xfc, 0x00, 0x00, 0x00, 0x01, 0xff, 0xff, 0xe1, 0xa4, 0x00, 0x00, 0x00, 0x00, 0x00, 0x00, 0x00, 0x00,
    0x00, 0x00, 0x00, 0x00, 0x00, 0x00, 0xf0, 0x00, 0x07, 0xff, 0xff, 0xff, 0xff, 0xff, 0xc0, 0x00, 0xff, 0xfc, 0x03, 0xfe, 0x00, 0x00, 0x00, 0x00,
    0x7f, 0xff, 0xe3, 0x34, 0x00, 0x00, 0x00, 0x00, 0x00, 0x00, 0x00, 0x00, 0x00, 0x00, 0x00, 0x00, 0x00, 0x00, 0xf0, 0x00, 0x03, 0xff, 0xff, 0xff,
    0xff, 0xff, 0xfc, 0x00, 0x3f, 0xff, 0x01, 0xff, 0x80, 0x00, 0x00, 0x00, 0x1f, 0xff, 0xc3, 0x04, 0x00, 0x00, 0x00, 0x00, 0x00, 0x00, 0x00, 0x00,
    0x00, 0x00, 0x00, 0x00, 0x00, 0x00, 0xf0, 0x00, 0x00, 0xff, 0xff, 0xff, 0xff, 0xff, 0xff, 0x80, 0x1f, 0xff, 0xc0, 0x7f, 0xc0, 0x00, 0x00, 0x00,
    0x07, 0xff, 0xc3, 0x8c, 0x00, 0x00, 0x00, 0x00, 0x00, 0x00, 0x00, 0x00, 0x00, 0x00, 0x00, 0x00, 0x00, 0x00, 0xf0, 0x00, 0x00, 0x7f, 0xff, 0xff,
    0xff, 0xff, 0xff, 0xf0, 0x0f, 0xff, 0xe0, 0x1f, 0xf0, 0x00, 0x00, 0x00, 0x01, 0xff, 0xc3, 0xf8, 0x00, 0x00, 0x00, 0x00, 0x00, 0x00, 0x00, 0x00,
    0x00, 0x00, 0x00, 0x00, 0x00, 0x00, 0xf8, 0x00, 0x00, 0x1f, 0xff, 0xff, 0xff, 0xff, 0xff, 0xfc, 0x07, 0xff, 0xf8, 0x0f, 0xf8, 0x00, 0x00, 0x00,
    0x00, 0x7f, 0xc7, 0xf8, 0x00, 0x00, 0x00, 0x00, 0x00, 0x00, 0x00, 0x00, 0x00, 0x00, 0x00, 0x00, 0x00, 0x00, 0x78, 0x00, 0x00, 0x07, 0xff, 0xff,
    0xff, 0xf8, 0x01, 0xff, 0x03, 0xff, 0xfe, 0x03, 0xfc, 0x00, 0x00, 0x00, 0x00, 0x0f, 0xc7, 0xf8, 0x00, 0x00, 0x00, 0x00, 0x00, 0x00, 0x00, 0x00,
    0x00, 0x00, 0x00, 0x00, 0x00, 0x00, 0x78, 0x00, 0x00, 0x01, 0xff, 0xff, 0xff, 0xfe, 0x00, 0x07, 0x81, 0xff, 0xff, 0x00, 0xff, 0x00, 0x00, 0x00,
    0x00, 0x03, 0x87, 0xf8, 0x00, 0x00, 0x00, 0x00, 0x00, 0x00, 0x00, 0x00, 0x00, 0x00, 0x00, 0x00, 0x00, 0x00, 0x78, 0x00, 0x00, 0x00, 0x3f, 0xff,
    0xff, 0xff, 0xc0, 0x00, 0xc0, 0xff, 0xff, 0xc0, 0x3f, 0x80, 0x00, 0x00, 0x00, 0x00, 0x87, 0xf8, 0x00, 0x00, 0x00, 0x00, 0x00, 0x00, 0x00, 0x00,
    0x00, 0x00, 0x00, 0x00, 0x00, 0x00, 0x3c, 0x01, 0x80, 0x00, 0x03, 0xff, 0xff, 0xff, 0xf0, 0x00, 0x00, 0xff, 0xff, 0xf0, 0x1f, 0xc0, 0x00, 0x00,
    0x00, 0x00, 0x07, 0xf0, 0x00, 0x00, 0x00, 0x00, 0x00, 0x00, 0x00, 0x00, 0x00, 0x00, 0x00, 0x00, 0x00, 0x00, 0x3c, 0x00, 0xc0, 0x00, 0x00, 0x07,
    0xff, 0xff, 0xfc, 0x00, 0x00, 0x7f, 0xff, 0xfc, 0x07, 0xf0, 0x00, 0x00, 0x00, 0x00, 0x07, 0xf0, 0x00, 0x00, 0x00, 0x00, 0x00, 0x00, 0x00, 0x00,
    0x00, 0x00, 0x00, 0x00, 0x00, 0x00, 0x1e, 0x00, 0x60, 0x00, 0x00, 0x00, 0x03, 0xff, 0xff, 0x00, 0x00, 0x3f, 0xff, 0xfe, 0x01, 0xf8, 0x00, 0x00,
    0x00, 0x00, 0x03, 0xf0, 0x00, 0x00, 0x00, 0x00, 0x00, 0x00, 0x00, 0x00, 0x00, 0x00, 0x00, 0x00, 0x00, 0x00, 0x1e, 0x00, 0x30, 0x00, 0x00, 0x00,
    0x00, 0x1f, 0xff, 0x80, 0x00, 0x3f, 0xff, 0xff, 0x80, 0x7e, 0x00, 0x00, 0x00, 0x00, 0x00, 0xf0, 0x00, 0x00, 0x00, 0x00, 0x00, 0x00, 0x00, 0x00,
    0x00, 0x00, 0x00, 0x00, 0x00, 0x00, 0x0f, 0x00, 0x3c, 0x00, 0x00, 0x00, 0x00, 0x01, 0xff, 0xe0, 0x60, 0x3f, 0xff, 0xff, 0xe0, 0x1f, 0x00, 0x00,
    0x00, 0x00, 0x00, 0x30, 0x00, 0x00, 0x00, 0x00, 0x00, 0x00, 0x00, 0x00, 0x00, 0x00, 0x00, 0x00, 0x00, 0x00, 0x07, 0x00, 0x1e, 0x00, 0x00, 0x00,
    0x00, 0x00, 0x7f, 0xf0, 0x38, 0x1f, 0xff, 0xff, 0xf8, 0x03, 0xc0, 0x00, 0x00, 0x00, 0x00, 0x00, 0x00, 0x00, 0x00, 0x00, 0x00, 0x00, 0x00, 0x00,
    0x00, 0x00, 0x00, 0x00, 0x00, 0x00, 0x07, 0x80, 0x0f, 0xc0, 0x00, 0x00, 0x00, 0x00, 0x0f, 0xf8, 0x1c, 0x1f, 0xff, 0xff, 0xfe, 0x00, 0xf0, 0x00,
    0x00, 0x00, 0x00, 0x00, 0x00, 0x00, 0x00, 0x00, 0x00, 0x00, 0x00, 0x00, 0x00, 0x00, 0x00, 0x00, 0x00, 0x00, 0x03, 0xc0, 0x07, 0xf0, 0x00, 0x00,
    0x00, 0x00, 0x03, 0xfc, 0x0f, 0x1f, 0xff, 0xff, 0xff, 0x80, 0x3c, 0x00, 0x00, 0x00, 0x00, 0x00, 0x00, 0x00, 0x00, 0x00, 0x00, 0x00, 0x00, 0x00,
    0x00, 0x00, 0x00, 0x00, 0x00, 0x00, 0x01, 0xc0, 0x03, 0xfc, 0x00, 0x07, 0xff, 0xff, 0x81, 0xfe, 0x07, 0x9f, 0xff, 0xff, 0xff, 0xe0, 0x07, 0x00,
    0x00, 0x00, 0x00, 0x00, 0x00, 0x00, 0x00, 0x00, 0x00, 0x00, 0x00, 0x00, 0x00, 0x00, 0x00, 0x00, 0x00, 0x00, 0x00, 0xe0, 0x01, 0xff, 0xc0, 0x00,
    0x3f, 0xff, 0xf8, 0x7f, 0x03, 0xcf, 0xff, 0xff, 0xff, 0xf8, 0x00, 0x00, 0x00, 0x00, 0x00, 0x00, 0x00, 0x00, 0x00, 0x00, 0x00, 0x00, 0x00, 0x00,
    0x00, 0x00, 0x00, 0x00, 0x00, 0x00, 0x00, 0x70, 0x00, 0x7f, 0xfc, 0x00, 0x03, 0xff, 0xfe, 0x3f, 0x81, 0xff, 0xff, 0xff, 0xff, 0xfe, 0x00, 0x00,
    0x00, 0x00, 0x00, 0x00, 0x00, 0x00, 0x00, 0x00, 0x00, 0x00, 0x00, 0x00, 0x00, 0x00, 0x00, 0x00, 0x00, 0x00, 0x00, 0x38, 0x00, 0x1f, 0xff, 0xe0,
    0x00, 0x7f, 0xff, 0x9f, 0x80, 0xff, 0xff, 0xff, 0xff, 0xff, 0xc0, 0x00, 0x00, 0x00, 0x00, 0x00, 0x00, 0x00, 0x00, 0x00, 0x00, 0x00, 0x00, 0x00,
    0x00, 0x00, 0x00, 0x00, 0x00, 0x00, 0x00, 0x1c, 0x00, 0x07, 0xff, 0xfe, 0x00, 0x0f, 0xff, 0xef, 0xc0, 0x7f, 0xff, 0xff, 0xff, 0xff, 0xf8, 0x00,
    0x00, 0x00, 0x00, 0x00, 0x00, 0x00, 0x00, 0x00, 0x00, 0x00, 0x00, 0x00, 0x00, 0x00, 0x00, 0x00, 0x00, 0x00, 0x00, 0x0e, 0x00, 0x00, 0xff, 0xff,
    0xe0, 0x03, 0xff, 0xf7, 0xe0, 0x1f, 0xff, 0xdf, 0xff, 0xff, 0xff, 0x00, 0x30, 0x00, 0x00, 0x00, 0x00, 0x00, 0x00, 0x00, 0x00, 0x00, 0x00, 0x00,
    0x00, 0x00, 0x00, 0x00, 0x00, 0x00, 0x00, 0x07, 0x00, 0x00, 0x03, 0xff, 0xf8, 0x01, 0xff, 0xff, 0xe0, 0x0f, 0xff, 0x07, 0xff, 0xff, 0xff, 0xe0,
    0x30, 0x00, 0x00, 0x00, 0x00, 0x00, 0x00, 0x00, 0x00, 0x00, 0x00, 0x00, 0x00, 0x00, 0x00, 0x00, 0x00, 0x00, 0x00, 0x01, 0x80, 0x00, 0x00, 0x00,
    0x06, 0x00, 0x7f, 0xff, 0xf0, 0x07, 0xff, 0x33, 0xff, 0xff, 0xff, 0xff, 0xf8, 0x00, 0x00, 0x00, 0x00, 0x00, 0x00, 0x00, 0x00, 0x00, 0x00, 0x00,
    0x00, 0x00, 0x00, 0x00, 0x00, 0x00, 0x00, 0x00, 0xc0, 0x00, 0x00, 0x00, 0x00, 0x00, 0x3f, 0xff, 0xf0, 0x03, 0xfe, 0x73, 0xff, 0xff, 0xff, 0xff,
    0xf8, 0x00, 0x00, 0x00, 0x00, 0x00, 0x00, 0x00, 0x00, 0x00, 0x00, 0x00, 0x00, 0x00, 0x00, 0x00, 0x00, 0x00, 0x00, 0x00, 0x60, 0x00, 0x00, 0x00,
    0x00, 0x00, 0x0f, 0xbf, 0xf8, 0x01, 0xff, 0x33, 0xff, 0xff, 0xff, 0xff, 0xfc, 0x00, 0x00, 0x00, 0x00, 0x00, 0x00, 0x00, 0x00, 0x00, 0x00, 0x00,
    0x00, 0x00, 0x00, 0x00, 0x00, 0x00, 0x00, 0x00, 0x00, 0x00, 0x00, 0x00, 0x00, 0x00, 0x07, 0xdf, 0xf8, 0x00, 0x7f, 0x07, 0xff, 0xff, 0xff, 0xff,
    0xfc, 0x00, 0x00, 0x00, 0x00, 0x00, 0x00, 0x00, 0x00, 0x00, 0x00, 0x00, 0x00, 0x00, 0x00, 0x00, 0x00, 0x00, 0x00, 0x00, 0x00, 0x00, 0x00, 0x00,
    0x00, 0x00, 0x03, 0xcf, 0xf8, 0x00, 0x3f, 0xcf, 0xff, 0xff, 0xff, 0xff, 0xfe, 0x00, 0x00, 0x00, 0x00, 0x00, 0x00, 0x00, 0x00, 0x00, 0x00, 0x00,
    0x00, 0x00, 0x00, 0x00, 0x00, 0x00, 0x00, 0x00, 0x00, 0x00, 0x00, 0x00, 0x00, 0x00, 0x01, 0xe7, 0xfc, 0x00, 0x1f, 0xff, 0xff, 0xff, 0xff, 0xff,
    0xfe, 0x00, 0x00, 0x00, 0x00, 0x00, 0x00, 0x00, 0x00, 0x00, 0x00, 0x00, 0x00, 0x00, 0x00, 0x00, 0x00, 0x00, 0x00, 0x00, 0x00, 0x00, 0x00, 0x00,
    0x00, 0x00, 0x00, 0xe7, 0xfc, 0x00, 0x0f, 0xff, 0xff, 0xff, 0xff, 0xff, 0xfe, 0x00, 0x00, 0x00, 0x00, 0x00, 0x00, 0x00, 0x00, 0x00, 0x00, 0x00,
    0x00, 0x00, 0x00, 0x00, 0x00, 0x00, 0x00, 0x00, 0x00, 0x00, 0x00, 0x00, 0x00, 0x60, 0x00, 0x73, 0xfc, 0x00, 0x03, 0xff, 0xff, 0xff, 0xff, 0xff,
    0xff, 0x00, 0x00, 0x00, 0x00, 0x00, 0x00, 0x00, 0x00, 0x00, 0x00, 0x00, 0x00, 0x00, 0x00, 0x00, 0x00, 0x00, 0x00, 0x00, 0x00, 0x00, 0x00, 0x00,
    0x00, 0x1c, 0x00, 0x71, 0xfc, 0x00, 0x01, 0xff, 0xff, 0xff, 0xff, 0xff, 0xff, 0x00, 0x00, 0x00, 0x00, 0x00, 0x00, 0x00, 0x00, 0x00, 0x00, 0x00,
    0x00, 0x00, 0x00, 0x00, 0x00, 0x00, 0x00, 0x00, 0x00, 0x00, 0x00, 0x00, 0x00, 0x0e, 0x00, 0x39, 0xfc, 0x00, 0x00, 0xff, 0xff, 0xff, 0xff, 0xff,
    0xff, 0x80, 0x00, 0x00, 0x00, 0x00, 0x00, 0x00, 0x00, 0x00, 0x00, 0x00, 0x00, 0x00, 0x00, 0x00, 0x00, 0x00, 0x00, 0x00, 0x00, 0x00, 0x00, 0x00,
    0x00, 0x07, 0x80, 0x38, 0xfc, 0x00, 0x00, 0x3f, 0xff, 0xff, 0xff, 0xff, 0xff, 0x80, 0x00, 0x00, 0x00, 0x00, 0x00, 0x00, 0x00, 0x00, 0x00, 0x00,
    0x00, 0x00, 0x00, 0x00, 0x00, 0x00, 0x00, 0x00, 0x00, 0x00, 0x00, 0x00, 0x00, 0x03, 0xc0, 0x18, 0xfe, 0x00, 0x00, 0x1f, 0xff, 0xff, 0xff, 0xff,
    0xff, 0xc0, 0x00, 0x00, 0x00, 0x00, 0x00, 0x00, 0x00, 0x00, 0x00, 0x00, 0x00, 0x00, 0x00, 0x00, 0x00, 0x00, 0x00, 0x00, 0x00, 0x00, 0x00, 0x00,
    0x00, 0x01, 0xe0, 0x18, 0xfe, 0x00, 0x00, 0x07, 0xff, 0xff, 0xff, 0xff, 0xff, 0xc0, 0x00, 0x00, 0x00, 0x00, 0x00, 0x00, 0x00, 0x00, 0x00, 0x00,
    0x00, 0x00, 0x00, 0x00, 0x00, 0x00, 0x00, 0x00, 0x00, 0x00, 0x00, 0x00, 0x00, 0x00, 0xf0, 0x08, 0x7e, 0x00, 0x00, 0x03, 0xff, 0xff, 0x87, 0xff,
    0xff, 0xe0, 0x00, 0x00, 0x00, 0x00, 0x00, 0x00, 0x00, 0x00, 0x00, 0x00, 0x00, 0x00, 0x00, 0x00, 0x00, 0x00, 0x00, 0x00, 0x00, 0x00, 0x00, 0x00,
    0x00, 0x00, 0xf8, 0x0c, 0x7e, 0x00, 0x00, 0x00, 0xff, 0xff, 0x33, 0xff, 0xff, 0xe0, 0x00, 0x00, 0x00, 0x00, 0x00, 0x00, 0x00, 0x00, 0x00, 0x00,
    0x00, 0x00, 0x00, 0x00, 0x00, 0x00, 0x00, 0x00, 0x00, 0x00, 0x00, 0x00, 0x00, 0x00, 0x78, 0x0c, 0x7e, 0x00, 0x00, 0x00, 0x7f, 0xff, 0x33, 0xff,
    0xff, 0xe0, 0x00, 0x00, 0x00, 0x00, 0x00, 0x00, 0x00, 0x00, 0x00, 0x00, 0x00, 0x00, 0x00, 0x00, 0x00, 0x00, 0x00, 0x00, 0x00, 0x00, 0x00, 0x00,
    0x00, 0x00, 0x7c, 0x08, 0x7c, 0x00, 0x00, 0x00, 0x1f, 0xff, 0x33, 0xff, 0xff, 0xf0, 0x00, 0x00, 0x00, 0x00, 0x00, 0x00, 0x00, 0x00, 0x00, 0x00,
    0x00, 0x00, 0x00, 0x00, 0x00, 0x00, 0x00, 0x00, 0x00, 0x00, 0x00, 0x00, 0x00, 0x00, 0x3c, 0x08, 0x7c, 0x00, 0x00, 0x00, 0x07, 0xff, 0x07, 0xff,
    0xff, 0xf0, 0x00, 0x00, 0x00, 0x00, 0x00, 0x00, 0x00, 0x00, 0x00, 0x00, 0x00, 0x00, 0x00, 0x00, 0x00, 0x00, 0x00, 0x00, 0x00, 0x00, 0x00, 0x00,
    0x00, 0x00, 0x3e, 0x00, 0x7c, 0x00, 0x00, 0x00, 0x03, 0xff, 0xcf, 0xff, 0xf9, 0xf8, 0x00, 0x00, 0x00, 0x00, 0x00, 0x00, 0x00, 0x00, 0x00, 0x00,
    0x00, 0x00, 0x00, 0x00, 0x00, 0x00, 0x00, 0x00, 0x00, 0x00, 0x00, 0x00, 0x00, 0x00, 0x3e, 0x00, 0x7c, 0x00, 0x00, 0x00, 0x00, 0xff, 0xff, 0xff,
    0xf0, 0x78, 0x00, 0x00, 0x00, 0x00, 0x00, 0x00, 0x00, 0x00, 0x00, 0x00, 0x00, 0x00, 0x00, 0x00, 0x00, 0x00, 0x00, 0x00, 0x00, 0x00, 0x00, 0x00,
    0x00, 0x00, 0x3e, 0x00, 0x7c, 0x00, 0x00, 0x00, 0x00, 0x3f, 0xff, 0xff, 0xe6, 0x7c, 0x00, 0x00, 0x00, 0x00, 0x00, 0x00, 0x00, 0x00, 0x00, 0x00,
    0x00, 0x00, 0x00, 0x00, 0x00, 0x00, 0x00, 0x00, 0x00, 0x00, 0x00, 0x00, 0x00, 0x00, 0x3f, 0x00, 0x78, 0x00, 0x00, 0x00, 0x00, 0x0f, 0xff, 0xff,
    0xe7, 0x3c, 0x00, 0x00, 0x00, 0x00, 0x00, 0x00, 0x00, 0x00, 0x00, 0x00, 0x00, 0x00, 0x00, 0x00, 0x00, 0x00, 0x00, 0x00, 0x00, 0x00, 0x00, 0x00,
    0x00, 0x00, 0x3f, 0x00, 0x78, 0x00, 0x00, 0x00, 0x00, 0x03, 0xff, 0xff, 0xe2, 0x7e, 0x00, 0x00, 0x00, 0x00, 0x00, 0x00, 0x00, 0x00, 0x00, 0x00,
    0x00, 0x00, 0x00, 0x00, 0x00, 0x00, 0x00, 0x00, 0x00, 0x00, 0x00, 0x00, 0x00, 0x00, 0x3f, 0x00, 0x78, 0x00, 0x00, 0x00, 0x00, 0x00, 0xff, 0xff,
    0xf0, 0x7e, 0x00, 0x00, 0x00, 0x00, 0x00, 0x00, 0x00, 0x00, 0x00, 0x00, 0x00, 0x00, 0x00, 0x00, 0x00, 0x00, 0x00, 0x00, 0x00, 0x00, 0x00, 0x00,
    0x00, 0x00, 0x3f, 0x00, 0x70, 0x00, 0x00, 0x00, 0x00, 0x00, 0x1f, 0xff, 0xf9, 0xfe, 0x00, 0x00, 0x00, 0x00, 0x00, 0x00, 0x00, 0x00, 0x00, 0x00,
    0x00, 0x00, 0x00, 0x00, 0x00, 0x00, 0x00, 0x00, 0x00, 0x00, 0x00, 0x00, 0x00, 0x00, 0x3f, 0x00, 0xf0, 0x00, 0x00, 0x00, 0x00, 0x00, 0x07, 0xff,
    0xff, 0xff, 0x00, 0x00, 0x00, 0x00, 0x00, 0x00, 0x00, 0x00, 0x00, 0x00, 0x00, 0x00, 0x00, 0x00, 0x00, 0x00, 0x00, 0x00, 0x00, 0x00, 0x00, 0x00,
    0x00, 0x00, 0x3f, 0x00, 0xe0, 0x00, 0x00, 0x00, 0x00, 0x00, 0x00, 0xff, 0xff, 0xff, 0x00, 0x00, 0x00, 0x00, 0x00, 0x00, 0x00, 0x00, 0x00, 0x00,
    0x00, 0x00, 0x00, 0x00, 0x00, 0x00, 0x00, 0x00, 0x00, 0x00, 0x00, 0x00, 0x00, 0x00, 0x7f, 0x00, 0xc0, 0x00, 0x00, 0x00, 0x00, 0x00, 0x00, 0x1f,
    0xff, 0xff, 0x80, 0x00, 0x00, 0x00, 0x00, 0x00, 0x00, 0x00, 0x00, 0x00, 0x00, 0x00, 0x00, 0x00, 0x00, 0x00, 0x00, 0x00, 0x00, 0x00, 0x00, 0x00,
    0x00, 0x00, 0x7e, 0x01, 0xc0, 0x00, 0x00, 0x00, 0x00, 0x00, 0x00, 0x03, 0xff, 0xff, 0x80, 0x00, 0x00, 0x00, 0x00, 0x00, 0x00, 0x00, 0x00, 0x00,
    0x00, 0x00, 0x00, 0x00, 0x00, 0x00, 0x00, 0x00, 0x00, 0x00, 0x00, 0x00, 0x00, 0x00, 0xfe, 0x01, 0x80, 0x00, 0x00, 0x00, 0x00, 0x00, 0x00, 0x00,
    0x3f, 0xff, 0xc0, 0x00, 0x00, 0x00, 0x00, 0x00, 0x00, 0x00, 0x00, 0x00, 0x00, 0x00, 0x00, 0x00, 0x00, 0x00, 0x00, 0x00, 0x00, 0x00, 0x00, 0x00,
    0x00, 0x01, 0xfc, 0x03, 0x00, 0x00, 0x00, 0x00, 0x00, 0x00, 0x00, 0x00, 0x01, 0xff, 0xc0, 0x00, 0x00, 0x00, 0x00, 0x00, 0x00, 0x00, 0x00, 0x00,
    0x00, 0x00, 0x00, 0x00, 0x00, 0x00, 0x00, 0x00, 0x00, 0x00, 0x00, 0x00, 0x00, 0x03, 0xfc, 0x02, 0x00, 0x00, 0x00, 0x00, 0x00, 0x00, 0x00, 0x00,
    0x00, 0x00, 0x40, 0x00, 0x00, 0x00, 0x00, 0x00, 0x00, 0x00, 0x00, 0x00, 0x00, 0x00, 0x00, 0x00, 0x00, 0x00, 0x00, 0x00, 0x00, 0x00, 0x00, 0x00,
    0x00, 0x07, 0xf8, 0x04, 0x00, 0x00, 0x00, 0x00, 0x00, 0x00, 0x00, 0x00, 0x00, 0x00, 0x00, 0x00, 0x00, 0x00, 0x00, 0x00, 0x00, 0x00, 0x00, 0x00,
    0x00, 0x00, 0x00, 0x00, 0x00, 0x00, 0x00, 0x00, 0x00, 0x00, 0x00, 0x00, 0x00, 0x1f, 0xf0, 0x08, 0x00, 0x00, 0x00, 0x00, 0x00, 0x00, 0x00, 0x00,
    0x00, 0x00, 0x00, 0x00, 0x00, 0x00, 0x00, 0x00, 0x00, 0x00, 0x00, 0x00, 0x00, 0x00, 0x00, 0x00, 0x00, 0x00, 0x00, 0x00, 0x00, 0x00, 0x00, 0x00,
    0x60, 0xff, 0xe0, 0x00, 0x00, 0x00, 0x00, 0x00, 0x00, 0x00, 0x00, 0x00, 0x00, 0x00, 0x00, 0x00, 0x00, 0x00, 0x00, 0x00, 0x00, 0x00, 0x00, 0x00,
    0x00, 0x00, 0x00, 0x00, 0x00, 0x00, 0x00, 0x00, 0x00, 0x00, 0x00, 0x00, 0x3f, 0xff, 0xc0, 0x00, 0x00, 0x00, 0x00, 0x00, 0x00, 0x00, 0x00, 0x00,
    0x00, 0x00, 0x00, 0x00, 0x00, 0x00, 0x00, 0x00, 0x00, 0x00, 0x00, 0x00, 0x00, 0x00, 0x00, 0x00, 0x00, 0x00, 0x00, 0x00, 0x00, 0x00, 0x00, 0x00,
    0x0f, 0xff, 0x00, 0x00, 0x00, 0x00, 0x00, 0x00, 0x00, 0x00, 0x00, 0x00, 0x00, 0x00, 0x00, 0x00, 0x00, 0x00, 0x00, 0x00, 0x00, 0x00, 0x00, 0x00,
    0x00, 0x00, 0x00, 0x00, 0x00, 0x00, 0x00, 0x00, 0x00, 0x00, 0x00, 0x00, 0x03, 0xfc, 0x00, 0x00, 0x00, 0x00, 0x00, 0x00, 0x00, 0x00, 0x00, 0x00,
    0x00, 0x00, 0x00, 0x00, 0x00, 0x00, 0x00, 0x00, 0x00, 0x00, 0x00, 0x00, 0x00, 0x00, 0x00, 0x00, 0x00, 0x00, 0x00, 0x00, 0x00, 0x00, 0x00, 0x00,
    0x00, 0x00, 0x00, 0x00, 0x00, 0x00, 0x00, 0x00, 0x00, 0x00, 0x00, 0x00, 0x00, 0x00, 0x00, 0x00, 0x00, 0x00, 0x00, 0x00, 0x00, 0x00, 0x00, 0x00,
    0x00, 0x00, 0x00, 0x00, 0x00, 0x00, 0x00, 0x00, 0x00, 0x00, 0x00, 0x00, 0x00, 0x00, 0x00, 0x00, 0x00, 0x00, 0x00, 0x00, 0x00, 0x00, 0x00, 0x00,
    0x00, 0x00, 0x00, 0x00, 0x00, 0x00, 0x00, 0x00, 0x00, 0x00, 0x00, 0x00, 0x00, 0x00, 0x00, 0x00, 0x00, 0x00, 0x00, 0x00, 0x00, 0x00, 0x00, 0x00,
    0x00, 0x00, 0x00, 0x00, 0x00, 0x00, 0x00, 0x00, 0x00, 0x00, 0x00, 0x00, 0x00, 0x00, 0x00, 0x00, 0x00, 0x00, 0x00, 0x00, 0x00, 0x00, 0x00, 0x00,
    0x00, 0x00, 0x00, 0x00, 0x00, 0x00, 0x00, 0x00, 0x00, 0x00, 0x00, 0x00, 0x00, 0x00, 0x00, 0x00, 0x00, 0x00, 0x00, 0x00, 0x00, 0x00, 0x00, 0x00,
    0x00, 0x00, 0x00, 0x00, 0x00, 0x00, 0x00, 0x00, 0x00, 0x00, 0x00, 0x00, 0x00, 0x00, 0x00, 0x00, 0x00, 0x00, 0x00, 0x00, 0x00, 0x00, 0x00, 0x00,
    0x00, 0x00, 0x00, 0x00, 0x00, 0x00, 0x00, 0x00, 0x00, 0x00, 0x00, 0x00, 0x00, 0x00, 0x00, 0x00, 0x00, 0x00, 0x00, 0x00, 0x00, 0x00, 0x00, 0x00,
    0x00, 0x00, 0x00, 0x00, 0x00, 0x00, 0x00, 0x00, 0x00, 0x00, 0x00, 0x00, 0x00, 0x00, 0x00, 0x00, 0x00, 0x00, 0x00, 0x00, 0x00, 0x00, 0x00, 0x00,
    0x00, 0x00, 0x00, 0x00, 0x00, 0x00, 0x00, 0x00, 0x00, 0x00, 0x00, 0x00, 0x00, 0x00, 0x00, 0x00, 0x00, 0x00, 0x00, 0x00, 0x00, 0x00, 0x00, 0x00,
    0x00, 0x00, 0x00, 0x00, 0x00, 0x00, 0x00, 0x00, 0x00, 0x00, 0x00, 0x00, 0x00, 0x00, 0x00, 0x00, 0x00, 0x00, 0x00, 0x00, 0x00, 0x00, 0x00, 0x00,
};
const uint8_t kBlink288[10368] = {
    0x00, 0x00, 0x00, 0x00, 0x00, 0x00, 0x00, 0x00, 0x00, 0x00, 0x00, 0x00, 0x00, 0x00, 0x00, 0x00, 0x00, 0x00, 0x00, 0x00, 0x00, 0x00, 0x00, 0x00,
    0x00, 0x00, 0x00, 0x00, 0x00, 0x00, 0x00, 0x00, 0x00, 0x00, 0x00, 0x00, 0x00, 0x00, 0x00, 0x00, 0x00, 0x00, 0x00, 0x00, 0x00, 0x00, 0x00, 0x00,
    0x00, 0x00, 0x00, 0x00, 0x00, 0x00, 0x00, 0x00, 0x00, 0x00, 0x00, 0x00, 0x00, 0x00, 0x00, 0x00, 0x00, 0x00, 0x00, 0x00, 0x00, 0x00, 0x00, 0x00,
    0x00, 0x00, 0x00, 0x00, 0x00, 0x00, 0x00, 0x00, 0x00, 0x00, 0x00, 0x00, 0x00, 0x00, 0x00, 0x00, 0x00, 0x00, 0x00, 0x00, 0x00, 0x00, 0x00, 0x00,
    0x00, 0x00, 0x00, 0x00, 0x00, 0x00, 0x00, 0x00, 0x00, 0x00, 0x00, 0x00, 0x00, 0x00, 0x00, 0x00, 0x00, 0x00, 0x00, 0x00, 0x00, 0x00, 0x00, 0x00,
    0x00, 0x00, 0x00, 0x00, 0x00, 0x00, 0x00, 0x00, 0x00, 0x00, 0x00, 0x00, 0x00, 0x00, 0x00, 0x00, 0x00, 0x00, 0x00, 0x00, 0x00, 0x00, 0x00, 0x00,
    0x00, 0x00, 0x00, 0x00, 0x00, 0x00, 0x00, 0x00, 0x00, 0x00, 0x00, 0x00, 0x00, 0x00, 0x00, 0x00, 0x00, 0x00, 0x00, 0x00, 0x00, 0x00, 0x00, 0x00,
    0x00, 0x00, 0x00, 0x00, 0x00, 0x00, 0x00, 0x00, 0x00, 0x00, 0x00, 0x00, 0x00, 0x00, 0x00, 0x00, 0x00, 0x00, 0x00, 0x00, 0x00, 0x00, 0x00, 0x00,
    0x00, 0x00, 0x00, 0x00, 0x00, 0x00, 0x00, 0x00, 0x00, 0x00, 0x00, 0x00, 0x00, 0x00, 0x00, 0x00, 0x00, 0x00, 0x00, 0x00, 0x00, 0x00, 0x00, 0x00,
    0x00, 0x00, 0x00, 0x00, 0x00, 0x00, 0x00, 0x00, 0x00, 0x00, 0x00, 0x00, 0x00, 0x00, 0x00, 0x00, 0x00, 0x00, 0x00, 0x00, 0x00, 0x00, 0x00, 0x00,
    0x00, 0x00, 0x00, 0x00, 0x00, 0x00, 0x00, 0x00, 0x00, 0x00, 0x00, 0x00, 0x00, 0x00, 0x00, 0x00, 0x00, 0x00, 0x00, 0x00, 0x00, 0x00, 0x00, 0x00,
    0x00, 0x00, 0x00, 0x00, 0x00, 0x3f, 0xf0, 0x00, 0x00, 0x00, 0x00, 0x00, 0x00, 0x00, 0x00, 0x00, 0x00, 0x00, 0x00, 0x00, 0x00, 0x00, 0x00, 0x00,
    0x00, 0x00, 0x00, 0x00, 0x00, 0x00, 0x00, 0x00, 0x00, 0x00, 0x00, 0x00, 0x00, 0x00, 0x00, 0x00, 0x18, 0xff, 0xc0, 0x00, 0x00, 0x00, 0x00, 0x00,
    0x00, 0x00, 0x00, 0x00, 0x00, 0x00, 0x00, 0x00, 0x00, 0x00, 0x00, 0x00, 0x00, 0x00, 0x00, 0x00, 0x00, 0x00, 0x00, 0x00, 0x00, 0x00, 0x00, 0x00,
    0x00, 0x00, 0x00, 0x00, 0x33, 0xfe, 0x00, 0x00, 0x00, 0x00, 0x00, 0x00, 0x00, 0x00, 0x00, 0x00, 0x00, 0x00, 0x00, 0x00, 0x00, 0x00, 0x00, 0x00,
    0x00, 0x00, 0x00, 0x00, 0x00, 0x00, 0x00, 0x00, 0x00, 0x00, 0x00, 0x00, 0x00, 0x00, 0x00, 0x00, 0x73, 0xf8, 0x00, 0x00, 0x00, 0x00, 0x00, 0x00,
    0x00, 0x00, 0x00, 0x00, 0x00, 0x00, 0x00, 0x00, 0x00, 0x00, 0x00, 0x00, 0x00, 0x00, 0x00, 0x00, 0x00, 0x00, 0x00, 0x00, 0x00, 0x00, 0x00, 0x00,
    0x00, 0x00, 0x00, 0x07, 0xf3, 0xf0, 0x00, 0x00, 0x00, 0x00, 0x00, 0x00, 0x00, 0x00, 0x00, 0x00, 0x00, 0x00, 0x00, 0x00, 0x00, 0x00, 0x00, 0x00,
    0x00, 0x00, 0x00, 0x00, 0x00, 0x00, 0x00, 0x00, 0x00, 0x00, 0x00, 0x00, 0x00, 0x00, 0x00, 0x7e, 0xf1, 0xc0, 0x00, 0x00, 0x00, 0x00, 0x00, 0x00,
    0x00, 0x00, 0x00, 0x00, 0x00, 0x00, 0x00, 0x00, 0x00, 0x00, 0x00, 0x00, 0x00, 0x00, 0x00, 0x00, 0x00, 0x00, 0x00, 0x00, 0x00, 0x00, 0x00, 0x00,
    0x00, 0x00, 0x03, 0xfd, 0xf8, 0x00, 0x00, 0x00, 0x00, 0x00, 0x00, 0x00, 0x03, 0xf0, 0x00, 0x00, 0x00, 0x00, 0x00, 0x00, 0x00, 0x00, 0x00, 0x00,
    0x00, 0x00, 0x00, 0x00, 0x00, 0x00, 0x00, 0x00, 0x00, 0x00, 0x00, 0x00, 0x00, 0x00, 0x0f, 0xf3, 0xfc, 0x00, 0x00, 0x00, 0x00, 0x00, 0x00, 0x00,
    0x83, 0xf0, 0x00, 0x00, 0x00, 0x00, 0x00, 0x00, 0x00, 0x00, 0x00, 0x00, 0x00, 0x00, 0x00, 0x00, 0x00, 0x00, 0x00, 0x00, 0x00, 0x00, 0x00, 0x00,
    0x00, 0x00, 0x7f, 0x8f, 0xff, 0x80, 0x00, 0x00, 0x00, 0x00, 0x00, 0x7f, 0xe3, 0x00, 0x00, 0x00, 0x00, 0x00, 0x00, 0x00, 0x00, 0x00, 0x00, 0x00,
    0x00, 0x00, 0x00, 0x00, 0x00, 0x00, 0x00, 0x00, 0x00, 0x00, 0x00, 0x00, 0x00, 0x03, 0xff, 0x1f, 0xff, 0x00, 0x00, 0x00, 0x00, 0x00, 0x0f, 0xff,
    0xe0, 0x00, 0x00, 0x00, 0x00, 0x00, 0x00, 0x00, 0x00, 0x00, 0x00, 0x00, 0x00, 0x00, 0x00, 0x00, 0x00, 0x00, 0x00, 0x00, 0x00, 0x00, 0x00, 0x00,
    0x00, 0x0f, 0xfc, 0x7f, 0x3c, 0x00, 0x00, 0x00, 0x00, 0x00, 0xff, 0xff, 0xf0, 0x00, 0x00, 0x00, 0x00, 0x00, 0x00, 0x00, 0x00, 0x00, 0x00, 0x00,
    0x00, 0x00, 0x00, 0x00, 0x00, 0x00, 0x00, 0x00, 0x00, 0x00, 0x00, 0x00, 0x00, 0x3f, 0xf0, 0xfc, 0x78, 0x00, 0x00, 0x00, 0x00, 0x07, 0xfc, 0x7f,
    0xe0, 0x00, 0x00, 0x00, 0x00, 0x00, 0x00, 0x00, 0x00, 0x00, 0x00, 0x00, 0x00, 0x00, 0x00, 0x00, 0x00, 0x00, 0x00, 0x00, 0x00, 0x00, 0x00, 0x00,
    0x00, 0xff, 0xe3, 0xf0, 0xf0, 0x00, 0x00, 0x00, 0x00, 0x3f, 0xc1, 0xff, 0xc0, 0x00, 0x00, 0x00, 0x00, 0x00, 0x00, 0x00, 0x00, 0x00, 0x00, 0x00,
    0x00, 0x00, 0x00, 0x00, 0x00, 0x00, 0x00, 0x00, 0x00, 0x00, 0x00, 0x00, 0x03, 0xff, 0x8f, 0xe0, 0xe0, 0x00, 0x00, 0x00, 0x01, 0xfc, 0x07, 0xff,
    0x80, 0x00, 0x00, 0x00, 0x00, 0x00, 0x00, 0x00, 0x00, 0x00, 0x00, 0x00, 0x00, 0x00, 0x00, 0x00, 0x00, 0x00, 0x00, 0x00, 0x00, 0x00, 0x00, 0x00,
    0x07, 0xff, 0x1f, 0x81, 0xe0, 0x00, 0x00, 0x00, 0x07, 0xe0, 0x1f, 0x8e, 0x00, 0x00, 0x00, 0x00, 0x00, 0x00, 0x00, 0x00, 0x00, 0x00, 0x00, 0x00,
    0x00, 0x00, 0x00, 0x00, 0x00, 0x00, 0x00, 0x00, 0x00, 0x00, 0x00, 0x00, 0x1f, 0xfc, 0x7e, 0x03, 0xc0, 0x00, 0x00, 0x00, 0x1f, 0x00, 0x7c, 0x1c,
    0x00, 0x00, 0x00, 0x00, 0x00, 0x00, 0x00, 0x00, 0x00, 0x00, 0x00, 0x00, 0x00, 0x00, 0x00, 0x00, 0x00, 0x00, 0x00, 0x00, 0x00, 0x00, 0x00, 0x00,
    0x7f, 0xf8, 0xfc, 0x03, 0xc0, 0x00, 0x00, 0x00, 0x7c, 0x01, 0xf0, 0x38, 0x00, 0x00, 0x00, 0x00, 0x00, 0x00, 0x00, 0x00, 0x00, 0x00, 0x00, 0x00,
    0x00, 0x00, 0x00, 0x00, 0x00, 0x00, 0x00, 0x00, 0x00, 0x00, 0x00, 0x00, 0xff, 0xf3, 0xf0, 0x07, 0x80, 0x00, 0x00, 0x01, 0xe0, 0x07, 0xc0, 0x70,
    0x00, 0x00, 0x00, 0x00, 0x00, 0x00, 0x00, 0x00, 0x00, 0x00, 0x00, 0x00, 0x00, 0x00, 0x00, 0x00, 0x00, 0x00, 0x00, 0x00, 0x00, 0x00, 0x00, 0x03,
    0xff, 0xc7, 0xe0, 0x07, 0x80, 0x00, 0x00, 0x07, 0x80, 0x0f, 0x00, 0xe0, 0x00, 0x00, 0x00, 0x00, 0x00, 0x00, 0x00, 0x00, 0x00, 0x00, 0x00, 0x00,
    0x00, 0x00, 0x00, 0x00, 0x00, 0x00, 0x00, 0x00, 0x00, 0x00, 0x00, 0x07, 0xff, 0x8f, 0x80, 0x0f, 0x00, 0x00, 0x00, 0x0e, 0x00, 0x3c, 0x01, 0xc0,
    0x00, 0x00, 0x00, 0x00, 0x00, 0x00, 0x00, 0x00, 0x00, 0x00, 0x00, 0x00, 0x00, 0x00, 0x00, 0x00, 0x00, 0x00, 0x00, 0x00, 0x00, 0x00, 0x00, 0x0f,
    0xff, 0x3f, 0x00, 0x0f, 0x00, 0x00, 0x00, 0x38, 0x00, 0x78, 0x03, 0xc0, 0x00, 0x00, 0x00, 0x00, 0x00, 0x00, 0x00, 0x00, 0x00, 0x00, 0x00, 0x00,
    0x00, 0x00, 0x00, 0x00, 0x00, 0x00, 0x00, 0x00, 0x00, 0x00, 0x00, 0x3f, 0xfe, 0x7e, 0x00, 0x1f, 0x00, 0x00, 0x00, 0x60, 0x01, 0xe0, 0x03, 0x80,
    0x00, 0x00, 0x00, 0x00, 0x00, 0x00, 0x00, 0x00, 0x00, 0x00, 0x00, 0x00, 0x00, 0x00, 0x00, 0x00, 0x00, 0x00, 0x00, 0x00, 0x00, 0x00, 0x00, 0x7f,
    0xfc, 0xfc, 0x00, 0x1e, 0x00, 0x00, 0x01, 0x80, 0x03, 0x80, 0x07, 0x00, 0x00, 0x00, 0x00, 0x00, 0x00, 0x00, 0x00, 0x00, 0x00, 0x00, 0x00, 0x00,
    0x00, 0x00, 0x00, 0x00, 0x00, 0x00, 0x00, 0x00, 0x00, 0x00, 0x00, 0xff, 0xf9, 0xf0, 0x00, 0x1e, 0x00, 0x00, 0x02, 0x00, 0x07, 0x00, 0x07, 0x00,
    0x00, 0x00, 0x00, 0x00, 0x00, 0x00, 0x00, 0x00, 0x00, 0x00, 0x00, 0x00, 0x00, 0x00, 0x00, 0x00, 0x00, 0x00, 0x00, 0x00, 0x00, 0x00, 0x03, 0xff,
    0xf3, 0xe0, 0x00, 0x3e, 0x00, 0x00, 0x04, 0x00, 0x0c, 0x00, 0x0e, 0x00, 0x00, 0x00, 0x00, 0x00, 0x00, 0x00, 0x00, 0x00, 0x00, 0x00, 0x00, 0x00,
    0x00, 0x00, 0x00, 0x00, 0x00, 0x00, 0x00, 0x00, 0x00, 0x00, 0x07, 0xff, 0xe7, 0xc0, 0x00, 0x3e, 0x00, 0x00, 0x00, 0x00, 0x30, 0x00, 0x0e, 0x00,
    0x00, 0x00, 0x00, 0x00, 0x00, 0x00, 0x00, 0x00, 0x00, 0x00, 0x00, 0x00, 0x00, 0x00, 0x00, 0x00, 0x00, 0x00, 0x00, 0x00, 0x00, 0x00, 0x0f, 0xff,
    0xcf, 0x80, 0x00, 0x3c, 0x00, 0x00, 0x00, 0x00, 0x60, 0x00, 0x0c, 0x00, 0x00, 0x00, 0x00, 0x00, 0x00, 0x00, 0x00, 0x00, 0x00, 0x00, 0x00, 0x00,
    0x00, 0x00, 0x00, 0x00, 0x00, 0x00, 0x00, 0x00, 0x00, 0x00, 0x1f, 0xff, 0xbf, 0x00, 0x00, 0x3c, 0x00, 0x00, 0x00, 0x00, 0xc0, 0x00, 0x1c, 0x00,
    0x00, 0x00, 0x00, 0x00, 0x00, 0x00, 0x00, 0x00, 0x00, 0x00, 0x00, 0x00, 0x00, 0x00, 0x00, 0x00, 0x00, 0x00, 0x00, 0x00, 0x00, 0x00, 0x3f, 0xff,
    0x7e, 0x00, 0x20, 0x7c, 0x00, 0x00, 0x00, 0x01, 0x00, 0x00, 0x18, 0x00, 0x00, 0x00, 0x00, 0x00, 0x00, 0x00, 0x00, 0x00, 0x00, 0x00, 0x00, 0x00,
    0x00, 0x00, 0x00, 0x00, 0x00, 0x00, 0x00, 0x00, 0x00, 0x00, 0x7f, 0xfe, 0xfc, 0x00, 0x40, 0x7c, 0x00, 0x00, 0x00, 0x00, 0x00, 0x00, 0x18, 0x00,
    0x00, 0x00, 0x00, 0x00, 0x00, 0x00, 0x00, 0x00, 0x00, 0x00, 0x00, 0x00, 0x00, 0x00, 0x00, 0x00, 0x00, 0x00, 0x00, 0x00, 0x00, 0x00, 0xff, 0xfc,
    0xf8, 0x00, 0xc0, 0x7c, 0x00, 0x00, 0x00, 0x00, 0x00, 0x00, 0x18, 0x00, 0x00, 0x00, 0x00, 0x00, 0x00, 0x00, 0x00, 0x00, 0x00, 0x00, 0x00, 0x00,
    0x00, 0x00, 0x00, 0x00, 0x00, 0x00, 0x00, 0x00, 0x00, 0x01, 0xff, 0xf9, 0xf0, 0x01, 0x80, 0x7c, 0x00, 0x00, 0x00, 0x00, 0x00, 0x00, 0x10, 0x00,
    0x00, 0x00, 0x00, 0x00, 0x00, 0x00, 0x00, 0x00, 0x00, 0x00, 0x00, 0x00, 0x00, 0x00, 0x00, 0x00, 0x00, 0x00, 0x00, 0x00, 0x00, 0x03, 0xff, 0xf3,
    0xe0, 0x01, 0x00, 0x7c, 0x00, 0x00, 0x00, 0x00, 0x00, 0x00, 0x10, 0x00, 0x00, 0x00, 0x00, 0x00, 0x00, 0x00, 0x00, 0x00, 0x00, 0x00, 0x00, 0x00,
    0x00, 0x00, 0x00, 0x00, 0x00, 0x00, 0x00, 0x00, 0x00, 0x07, 0xff, 0xe7, 0xc0, 0x03, 0x00, 0x78, 0x00, 0x00, 0x00, 0x00, 0x00, 0x00, 0x00, 0x00,
    0x00, 0x00, 0x00, 0x00, 0x00, 0x00, 0x00, 0x00, 0x00, 0x00, 0x00, 0x00, 0x00, 0x00, 0x00, 0x00, 0x00, 0x00, 0x00, 0x00, 0x00, 0x0f, 0xff, 0xef,
    0x80, 0x06, 0x00, 0x7c, 0x00, 0x00, 0x00, 0x03, 0x80, 0x02, 0x00, 0x00, 0x00, 0x00, 0x00, 0x00, 0x00, 0x00, 0x00, 0x00, 0x00, 0x00, 0x00, 0x00,
    0x00, 0x00, 0x00, 0x00, 0x00, 0x00, 0x00, 0x00, 0x00, 0x0f, 0xff, 0xdf, 0x00, 0x0c, 0x00, 0x7c, 0x00, 0x00, 0x00, 0x01, 0xfc, 0x03, 0x80, 0x00,
    0x00, 0x00, 0x00, 0x00, 0x00, 0x00, 0x00, 0x00, 0x00, 0x00, 0x00, 0x00, 0x00, 0x00, 0x00, 0x00, 0x00, 0x00, 0x00, 0x00, 0x00, 0x1f, 0xff, 0xbf,
    0x00, 0x0c, 0x00, 0x7c, 0x00, 0x00, 0x00, 0x00, 0x7f, 0x81, 0xe0, 0x00, 0x00, 0x00, 0x00, 0x00, 0x00, 0x00, 0x00, 0x00, 0x00, 0x00, 0x00, 0x00,
    0x00, 0x00, 0x00, 0x00, 0x00, 0x00, 0x00, 0x00, 0x00, 0x3f, 0xff, 0xfe, 0x00, 0x18, 0x00, 0x7c, 0x00, 0x00, 0x00, 0x00, 0x3f, 0xe0, 0xf8, 0x00,
    0x00, 0x00, 0x00, 0x00, 0x00, 0x00, 0x00, 0x00, 0x00, 0x00, 0x00, 0x00, 0x00, 0x00, 0x00, 0x00, 0x00, 0x00, 0x00, 0x00, 0x00, 0x7f, 0xff, 0xfc,
    0x00, 0x30, 0x00, 0xfc, 0x00, 0x00, 0x3f, 0xf0, 0x3f, 0xf0, 0xfc, 0x00, 0x00, 0x00, 0x00, 0x00, 0x00, 0x00, 0x00, 0x00, 0x00, 0x00, 0x00, 0x00,
    0x00, 0x00, 0x00, 0x00, 0x00, 0x00, 0x00, 0x00, 0x00, 0xff, 0xff, 0xf8, 0x00, 0x30, 0x00, 0xfc, 0x00, 0x00, 0x7f, 0xfe, 0x1f, 0xfc, 0xff, 0x00,
    0x00, 0x00, 0x00, 0x00, 0x00, 0x00, 0x00, 0x00, 0x00, 0x00, 0x00, 0x00, 0x00, 0x00, 0x00, 0x00, 0x00, 0x00, 0x00, 0x00, 0x00, 0xff, 0xff, 0xf0,
    0x00, 0x60, 0x00, 0xfc, 0x00, 0x00, 0x0f, 0xff, 0xff, 0xff, 0xff, 0x80, 0x00, 0x00, 0x00, 0x00, 0x00, 0x00, 0x00, 0x00, 0x00, 0x00, 0x00, 0x00,
    0x00, 0x00, 0x00, 0x00, 0x00, 0x00, 0x00, 0x00, 0x01, 0xff, 0xff, 0xf0, 0x00, 0xe0, 0x00, 0xfe, 0x00, 0x00, 0x07, 0xff, 0xff, 0xff, 0xff, 0xc0,
    0x00, 0x00, 0x00, 0x00, 0x00, 0x00, 0x00, 0x00, 0x00, 0x00, 0x00, 0x00, 0x00, 0x00, 0x00, 0x00, 0x00, 0x00, 0x00, 0x00, 0x03, 0xef, 0xff, 0xe0,
    0x00, 0xc0, 0x00, 0xfe, 0x00, 0x00, 0x07, 0xfc, 0x1f, 0xff, 0xff, 0xe0, 0x80, 0x00, 0x00, 0x00, 0x00, 0x00, 0x00, 0x00, 0x00, 0x00, 0x00, 0x00,
    0x00, 0x00, 0x00, 0x00, 0x00, 0x00, 0x00, 0x00, 0x07, 0xdf, 0xff, 0xc0, 0x01, 0xc0, 0x00, 0xfe, 0x00, 0x00, 0x07, 0xc0, 0xff, 0xff, 0xff, 0xf8,
    0xc0, 0x00, 0x00, 0x00, 0x00, 0x00, 0x00, 0x00, 0x00, 0x00, 0x00, 0x00, 0x00, 0x00, 0x00, 0x00, 0x00, 0x00, 0x00, 0x00, 0x07, 0x9f, 0xff, 0x80,
    0x03, 0x80, 0x00, 0xff, 0x00, 0x0f, 0xfe, 0x0f, 0xff, 0xff, 0xff, 0xfc, 0xe0, 0x00, 0x00, 0x00, 0x00, 0x00, 0x00, 0x00, 0x00, 0x00, 0x00, 0x00,
    0x00, 0x00, 0x00, 0x00, 0x00, 0x00, 0x00, 0x00, 0x0f, 0xbf, 0xff, 0x80, 0x03, 0x00, 0x00, 0xff, 0x00, 0xff, 0xf0, 0x3f, 0xff, 0xff, 0xff, 0xff,
    0xf0, 0x00, 0x00, 0x00, 0x00, 0x00, 0x00, 0x00, 0x00, 0x00, 0x00, 0x00, 0x00, 0x00, 0x00, 0x00, 0x00, 0x00, 0x00, 0x00, 0x1f, 0x7f, 0xff, 0x00,
    0x07, 0x00, 0x00, 0xff, 0x01, 0xff, 0xc0, 0xff, 0xff, 0xff, 0xff, 0xff, 0xf8, 0x00, 0x00, 0x00, 0x00, 0x00, 0x00, 0x00, 0x00, 0x00, 0x00, 0x00,
    0x00, 0x00, 0x00, 0x00, 0x00, 0x00, 0x00, 0x00, 0x1e, 0xff, 0xfe, 0x00, 0x06, 0x00, 0x00, 0xff, 0x80, 0x3f, 0x03, 0xff, 0xff, 0xff, 0xff, 0xff,
    0xfc, 0x00, 0x00, 0x00, 0x00, 0x00, 0x00, 0x00, 0x00, 0x00, 0x00, 0x00, 0x00, 0x00, 0x00, 0x00, 0x00, 0x00, 0x00, 0x00, 0x3c, 0xff, 0xfe, 0x00,
    0x0e, 0x00, 0x81, 0xff, 0xc0, 0x1c, 0x0f, 0xff, 0xff, 0xff, 0xff, 0xff, 0xfe, 0x00, 0x00, 0x00, 0x00, 0x00, 0x00, 0x00, 0x00, 0x00, 0x00, 0x00,
    0x00, 0x00, 0x00, 0x00, 0x00, 0x00, 0x00, 0x00, 0x7d, 0xff, 0xfc, 0x00, 0x0c, 0x00, 0x81, 0xff, 0xc0, 0x00, 0x3f, 0xfb, 0xff, 0xff, 0xff, 0xff,
    0xff, 0x04, 0x00, 0x00, 0x00, 0x00, 0x00, 0x00, 0x00, 0x00, 0x00, 0x00, 0x00, 0x00, 0x00, 0x00, 0x00, 0x00, 0x00, 0x00, 0x79, 0xff, 0xfc, 0x00,
    0x1c, 0x00, 0x81, 0xff, 0xe0, 0x00, 0x7f, 0xe7, 0xff, 0xff, 0xff, 0xff, 0xff, 0x86, 0x00, 0x00, 0x00, 0x00, 0x00, 0x00, 0x00, 0x00, 0x00, 0x00,
    0x00, 0x00, 0x00, 0x00, 0x00, 0x00, 0x00, 0x00, 0xf3, 0xff, 0xf8, 0x00, 0x38, 0x00, 0x81, 0xff, 0xf0, 0x01, 0xff, 0x8f, 0xff, 0xff, 0xff, 0xff,
    0xff, 0x86, 0x00, 0x00, 0x00, 0x00, 0x00, 0x00, 0x00, 0x00, 0x00, 0x00, 0x00, 0x00, 0x00, 0x00, 0x00, 0x00, 0x00, 0x00, 0xe7, 0xff, 0xf0, 0x00,
    0x38, 0x01, 0x80, 0x7f, 0xf0, 0x03, 0xff, 0x0f, 0xff, 0xfc, 0x01, 0xff, 0xff, 0xc3, 0x00, 0x00, 0x00, 0x00, 0x00, 0x00, 0x00, 0x00, 0x00, 0x00,
    0x00, 0x00, 0x00, 0x00, 0x00, 0x00, 0x00, 0x01, 0xc7, 0xff, 0xf0, 0x00, 0x70, 0x01, 0x00, 0x1f, 0xf8, 0x07, 0xfe, 0x1f, 0xff, 0xe0, 0x00, 0x1f,
    0xff, 0xc3, 0x00, 0x00, 0x00, 0x00, 0x00, 0x00, 0x00, 0x00, 0x00, 0x00, 0x00, 0x00, 0x00, 0x00, 0x00, 0x00, 0x00, 0x03, 0xcf, 0xff, 0xe0, 0x00,
    0x70, 0x01, 0x00, 0x0f, 0xfc, 0x07, 0xfc, 0x3f, 0xff, 0x80, 0x00, 0x07, 0xff, 0xc3, 0x80, 0x00, 0x00, 0x00, 0x00, 0x00, 0x00, 0x00, 0x00, 0x00,
    0x00, 0x00, 0x00, 0x00, 0x00, 0x00, 0x00, 0x03, 0x8f, 0xff, 0xe0, 0x10, 0x70, 0x03, 0x00, 0x07, 0xfe, 0x01, 0xf0, 0x3f, 0xff, 0x00, 0x00, 0x01,
    0xff, 0xe3, 0xc0, 0x08, 0x00, 0x00, 0x00, 0x00, 0x00, 0x00, 0x00, 0x00, 0x00, 0x00, 0x00, 0x00, 0x00, 0x00, 0x00, 0x07, 0x9f, 0xff, 0xc0, 0x00,
    0xe0, 0x03, 0x00, 0x01, 0xff, 0x80, 0x60, 0x7f, 0xfe, 0x00, 0x00, 0x00, 0x7f, 0xe1, 0xe0, 0x0c, 0x00, 0x00, 0x00, 0x00, 0x00, 0x00, 0x00, 0x00,
    0x00, 0x00, 0x00, 0x00, 0x00, 0x00, 0x00, 0x07, 0x1f, 0xff, 0xc0, 0x20, 0xe0, 0x03, 0x00, 0x00, 0xff, 0xc0, 0x00, 0x7f, 0xfe, 0x00, 0x00, 0x00,
    0x3b, 0xe1, 0xe0, 0x04, 0x00, 0x00, 0x00, 0x00, 0x00, 0x00, 0x00, 0x00, 0x00, 0x00, 0x00, 0x00, 0x00, 0x00, 0x00, 0x06, 0x3f, 0xff, 0x80, 0x61,
    0xc0, 0x03, 0x00, 0x00, 0x7f, 0xe0, 0x00, 0x7f, 0xfc, 0x00, 0x00, 0x00, 0x09, 0xf1, 0xf0, 0x06, 0x00, 0x00, 0x00, 0x00, 0x00, 0x00, 0x00, 0x00,
    0x00, 0x00, 0x00, 0x00, 0x00, 0x00, 0x00, 0x0e, 0x3f, 0xef, 0x80, 0x41, 0xc0, 0x03, 0x00, 0x00, 0x3f, 0xf8, 0x00, 0x7f, 0xfc, 0x01, 0xfe, 0x00,
    0x00, 0xf0, 0xf8, 0x07, 0x00, 0x00, 0x00, 0x00, 0x00, 0x00, 0x00, 0x00, 0x00, 0x00, 0x00, 0x00, 0x00, 0x00, 0x00, 0x1c, 0x7f, 0xff, 0x00, 0xc3,
    0x87, 0x03, 0x00, 0x00, 0x1f, 0xfe, 0x00, 0x3f, 0xf8, 0x07, 0xff, 0xc0, 0x00, 0x70, 0xfc, 0x03, 0x80, 0x00, 0x00, 0x00, 0x00, 0x00, 0x00, 0x00,
    0x00, 0x00, 0x00, 0x00, 0x00, 0x00, 0x00, 0x18, 0x7f, 0xdf, 0x00, 0xc3, 0x8f, 0x07, 0x00, 0x00, 0x0f, 0xff, 0x80, 0x0f, 0xf8, 0x0f, 0xff, 0xf0,
    0x00, 0x38, 0x7e, 0x03, 0x80, 0x00, 0x00, 0x00, 0x00, 0x00, 0x00, 0x00, 0x00, 0x00, 0x00, 0x00, 0x00, 0x00, 0x00, 0x18, 0xff, 0xde, 0x01, 0x83,
    0x8f, 0x86, 0x00, 0x00, 0x07, 0xff, 0xf0, 0x0f, 0xf8, 0x1f, 0xff, 0xfe, 0x00, 0x18, 0x3f, 0x01, 0xc0, 0x00, 0x00, 0x00, 0x00, 0x00, 0x00, 0x00,
    0x00, 0x00, 0x00, 0x00, 0x00, 0x00, 0x00, 0x30, 0xff, 0xbe, 0x03, 0x87, 0x1f, 0x86, 0x00, 0x00, 0x03, 0xff, 0xfe, 0x07, 0xf8, 0x1f, 0xff, 0xff,
    0x00, 0x0c, 0x3f, 0x80, 0x40, 0x00, 0x00, 0x00, 0x00, 0x00, 0x00, 0x00, 0x00, 0x00, 0x00, 0x00, 0x00, 0x00, 0x00, 0x31, 0xff, 0xbc, 0x03, 0x07,
    0x1f, 0x86, 0x00, 0x00, 0x01, 0xff, 0xff, 0x83, 0xf8, 0x1f, 0xff, 0xff, 0x80, 0x06, 0x1f, 0xc0, 0x20, 0x00, 0x00, 0x00, 0x00, 0x00, 0x00, 0x00,
    0x00, 0x00, 0x00, 0x00, 0x00, 0x00, 0x00, 0x61, 0xff, 0x3c, 0x07, 0x0f, 0x3f, 0x86, 0x00, 0x00, 0x00, 0xff, 0xff, 0xc1, 0xfc, 0x1f, 0xff, 0xff,
    0xe0, 0x00, 0x0f, 0xe6, 0x20, 0x00, 0x00, 0x00, 0x00, 0x00, 0x00, 0x00, 0x00, 0x00, 0x00, 0x00, 0x00, 0x00, 0x00, 0x61, 0xff, 0x78, 0x07, 0x0e,
    0x7f, 0x86, 0x00, 0x00, 0x00, 0x7f, 0xff, 0xf1, 0xfc, 0x1f, 0xff, 0xff, 0xf0, 0x00, 0x0f, 0xf7, 0x00, 0x00, 0x00, 0x00, 0x00, 0x00, 0x00, 0x00,
    0x00, 0x00, 0x00, 0x00, 0x00, 0x00, 0x00, 0xc3, 0xfe, 0x78, 0x0f, 0x0e, 0x7f, 0x86, 0x00, 0x00, 0x00, 0x3f, 0xff, 0xf0, 0xfc, 0x0f, 0xff, 0xff,
    0xf8, 0x10, 0x07, 0xf3, 0x80, 0x00, 0x00, 0x00, 0x00, 0x00, 0x00, 0x00, 0x00, 0x00, 0x00, 0x00, 0x00, 0x00, 0x00, 0xc3, 0xfe, 0xf0, 0x0e, 0x1e,
    0xff, 0x86, 0x03, 0x00, 0x00, 0x1e, 0x7f, 0xf8, 0xfe, 0x0f, 0xff, 0xff, 0xfc, 0x08, 0x03, 0xfb, 0xc0, 0x00, 0x00, 0x00, 0x00, 0x00, 0x00, 0x00,
    0x00, 0x00, 0x00, 0x00, 0x00, 0x00, 0x00, 0x87, 0xfc, 0xf0, 0x1e, 0x1c, 0xff, 0x8e, 0x0f, 0xc0, 0x00, 0x0f, 0x3f, 0xfc, 0xfe, 0x07, 0xff, 0xff,
    0xfe, 0x0e, 0x01, 0xff, 0xe8, 0x00, 0x00, 0x00, 0x00, 0x00, 0x00, 0x00, 0x00, 0x00, 0x00, 0x00, 0x00, 0x00, 0x01, 0x87, 0xfc, 0xe0, 0x1e, 0x1d,
    0xff, 0x86, 0x1f, 0xe0, 0x00, 0x07, 0x8f, 0xfe, 0x7f, 0x03, 0xff, 0xff, 0xfe, 0x07, 0xc1, 0xff, 0xfc, 0x00, 0x00, 0x00, 0x00, 0x00, 0x00, 0x00,
    0x00, 0x00, 0x00, 0x00, 0x00, 0x00, 0x01, 0x07, 0xfd, 0xe0, 0x3c, 0x1d, 0xff, 0x8e, 0x1f, 0xf8, 0x00, 0x03, 0x8f, 0xfe, 0x7f, 0x83, 0xff, 0xff,
    0xff, 0x03, 0xf0, 0xff, 0xfc, 0x00, 0x00, 0x00, 0x00, 0x00, 0x00, 0x00, 0x00, 0x00, 0x00, 0x00, 0x00, 0x00, 0x01, 0x0f, 0xf9, 0xe0, 0x3c, 0x39,
    0xff, 0x86, 0x3f, 0xfc, 0x00, 0x01, 0xc7, 0xff, 0x7f, 0xc1, 0xff, 0xff, 0xff, 0x81, 0xfc, 0xef, 0xfe, 0x00, 0x00, 0x00, 0x00, 0x00, 0x00, 0x00,
    0x00, 0x00, 0x00, 0x00, 0x00, 0x00, 0x02, 0x0f, 0xf9, 0xc0, 0x7c, 0x3b, 0xff, 0x86, 0x3f, 0xfe, 0x00, 0x01, 0xc3, 0xff, 0x7f, 0xe1, 0xff, 0xff,
    0xff, 0xc0, 0xfe, 0xf7, 0xff, 0x00, 0x00, 0x00, 0x00, 0x00, 0x00, 0x00, 0x00, 0x00, 0x00, 0x00, 0x00, 0x00, 0x02, 0x0f, 0xf3, 0xc0, 0x7c, 0x3b,
    0xff, 0x8e, 0x7f, 0xff, 0x00, 0x00, 0xc3, 0xff, 0x7f, 0xf0, 0xff, 0xff, 0xf0, 0xc0, 0x3f, 0xf1, 0xff, 0x00, 0x00, 0x00, 0x00, 0x00, 0x00, 0x00,
    0x00, 0x00, 0x00, 0x00, 0x00, 0x00, 0x02, 0x1f, 0xf3, 0x80, 0x78, 0x7f, 0xff, 0x8e, 0x7f, 0xff, 0xc0, 0x00, 0x43, 0xff, 0xff, 0xf0, 0xff, 0xff,
    0xf8, 0x00, 0x1f, 0xf0, 0x7f, 0x80, 0x00, 0x00, 0x00, 0x00, 0x00, 0x00, 0x00, 0x00, 0x00, 0x00, 0x00, 0x00, 0x04, 0x1f, 0xf3, 0x80, 0xf8, 0x7f,
    0xff, 0x8e, 0xff, 0xff, 0xf0, 0x00, 0x43, 0xff, 0xff, 0xf8, 0xff, 0xff, 0xf8, 0x00, 0x0f, 0xf8, 0x3f, 0xc0, 0x00, 0x00, 0x00, 0x00, 0x00, 0x00,
    0x00, 0x00, 0x00, 0x00, 0x00, 0x00, 0x04, 0x1f, 0xe3, 0x80, 0xf8, 0x7f, 0xff, 0x8e, 0xff, 0xfc, 0x38, 0x00, 0x43, 0xff, 0xff, 0xfc, 0x7f, 0xff,
    0xfc, 0x00, 0x0f, 0xf8, 0x1f, 0xe0, 0x00, 0x00, 0x00, 0x00, 0x00, 0x00, 0x00, 0x00, 0x00, 0x00, 0x00, 0x00, 0x00, 0x3f, 0xe7, 0x01, 0xf8, 0x7f,
    0xff, 0x86, 0xff, 0xe0, 0x00, 0x00, 0x03, 0xff, 0xff, 0xfc, 0x7f, 0xff, 0xfe, 0x1f, 0xff, 0xf8, 0x8f, 0xe0, 0x00, 0x00, 0x00, 0x00, 0x00, 0x00,
    0x00, 0x00, 0x00, 0x00, 0x00, 0x00, 0x00, 0x3f, 0xe7, 0x01, 0xf8, 0xff, 0xff, 0x86, 0xff, 0x80, 0x00, 0x00, 0x03, 0xff, 0xff, 0xfe, 0x7f, 0xff,
    0xff, 0x07, 0xfe, 0xfc, 0x8f, 0x60, 0x00, 0x00, 0x00, 0x00, 0x00, 0x00, 0x00, 0x00, 0x00, 0x00, 0x00, 0x00, 0x00, 0x3f, 0xc7, 0x03, 0xf0, 0xff,
    0xff, 0x86, 0xfe, 0x00, 0x00, 0x00, 0x03, 0xff, 0xff, 0xfe, 0x7f, 0xff, 0xff, 0x83, 0xfe, 0x7c, 0x47, 0x70, 0x00, 0x00, 0x00, 0x00, 0x00, 0x00,
    0x00, 0x00, 0x00, 0x00, 0x00, 0x00, 0x00, 0x7f, 0xce, 0x03, 0xf0, 0xff, 0x83, 0x87, 0xfc, 0x00, 0x00, 0x00, 0x03, 0xff, 0xff, 0xfe, 0x7f, 0xff,
    0xff, 0xc0, 0xff, 0x3e, 0x02, 0x60, 0x00, 0x00, 0x00, 0x00, 0x00, 0x00, 0x00, 0x00, 0x00, 0x00, 0x00, 0x00, 0x00, 0x7f, 0xce, 0x03, 0xf0, 0xfe,
    0x00, 0xcf, 0xf8, 0x00, 0x00, 0x00, 0x07, 0xff, 0xff, 0xff, 0x7f, 0xff, 0xff, 0xe0, 0x3f, 0x3f, 0x00, 0x60, 0x00, 0x00, 0x00, 0x00, 0x00, 0x00,
    0x00, 0x00, 0x00, 0x00, 0x00, 0x00, 0x00, 0x7f, 0x8e, 0x07, 0xf0, 0xf8, 0x00, 0x07, 0xf0, 0x00, 0x00, 0x00, 0x0f, 0xff, 0xff, 0xff, 0x7f, 0xff,
    0xff, 0xf8, 0x0f, 0x3f, 0xc0, 0xc0, 0x00, 0x00, 0x00, 0x00, 0x00, 0x00, 0x00, 0x00, 0x00, 0x00, 0x00, 0x00, 0x00, 0xff, 0x8c, 0x07, 0xf1, 0xf0,
    0x00, 0x07, 0xe0, 0x00, 0x00, 0x00, 0x0f, 0xff, 0xff, 0xff, 0x7f, 0xff, 0xff, 0xfc, 0x0f, 0x1f, 0xf3, 0xe0, 0x00, 0x00, 0x00, 0x00, 0x00, 0x00,
    0x00, 0x00, 0x00, 0x00, 0x00, 0x00, 0x00, 0xff, 0x9c, 0x07, 0xf1, 0xe0, 0x00, 0x07, 0xc0, 0x00, 0x00, 0x00, 0x3f, 0xff, 0xff, 0xff, 0x7f, 0xff,
    0xff, 0xc0, 0x1f, 0x0f, 0xfb, 0xe0, 0x00, 0x00, 0x00, 0x00, 0x00, 0x00, 0x00, 0x00, 0x00, 0x00, 0x00, 0x00, 0x00, 0xff, 0x1c, 0x0f, 0xe1, 0xc0,
    0x00, 0x07, 0xc0, 0x00, 0x00, 0x00, 0x7f, 0xff, 0xff, 0xff, 0x7f, 0xff, 0xff, 0xf0, 0x1f, 0x83, 0xfd, 0xf0, 0x00, 0x00, 0x00, 0x00, 0x00, 0x00,
    0x00, 0x00, 0x00, 0x00, 0x00, 0x00, 0x00, 0x3f, 0x1c, 0x08, 0x01, 0xc0, 0x00, 0x07, 0x80, 0x00, 0x00, 0x01, 0xff, 0xff, 0xff, 0xff, 0x7f, 0xff,
    0xff, 0xf8, 0x03, 0xe0, 0xff, 0xf0, 0x00, 0x00, 0x00, 0x00, 0x00, 0x00, 0x00, 0x00, 0x00, 0x00, 0x00, 0x00, 0x00, 0x1f, 0x18, 0x00, 0x01, 0x80,
    0x00, 0x07, 0x00, 0x00, 0x00, 0x0f, 0xff, 0xff, 0xff, 0xff, 0x7f, 0xff, 0xff, 0xfe, 0x00, 0xf8, 0x7f, 0xf8, 0x00, 0x00, 0x00, 0x00, 0x00, 0x00,
    0x00, 0x00, 0x00, 0x00, 0x00, 0x00, 0x00, 0x0e, 0x38, 0x00, 0x01, 0x00, 0x00, 0x07, 0x00, 0x00, 0x18, 0x0f, 0xff, 0xff, 0xff, 0xff, 0xff, 0xff,
    0xff, 0xff, 0x80, 0x7c, 0x3f, 0xf8, 0x00, 0x00, 0x00, 0x00, 0x00, 0x00, 0x00, 0x00, 0x00, 0x00, 0x00, 0x00, 0x00, 0x0e, 0x38, 0x00, 0x01, 0x00,
    0x00, 0x06, 0x00, 0x00, 0x7c, 0x07, 0xff, 0xff, 0xff, 0xff, 0xff, 0xff, 0xff, 0xff, 0xe0, 0x1e, 0x1f, 0xfc, 0x00, 0x00, 0x00, 0x00, 0x00, 0x00,
    0x00, 0x00, 0x00, 0x00, 0x00, 0x00, 0x00, 0x0e, 0x30, 0x03, 0x00, 0x00, 0x00, 0x06, 0x00, 0x00, 0xfe, 0x03, 0xff, 0xff, 0xff, 0xff, 0xff, 0xff,
    0xff, 0xff, 0xf8, 0x0f, 0x1f, 0xff, 0x00, 0x00, 0x00, 0x00, 0x00, 0x00, 0x00, 0x00, 0x00, 0x00, 0x00, 0x00, 0x00, 0x06, 0x30, 0x07, 0x00, 0x04,
    0x00, 0x06, 0x00, 0x00, 0xff, 0x00, 0xfc, 0x7f, 0xff, 0xff, 0xff, 0xff, 0xff, 0xff, 0xfe, 0x07, 0x0f, 0x9f, 0x00, 0x00, 0x00, 0x00, 0x00, 0x00,
    0x00, 0x00, 0x00, 0x00, 0x00, 0x00, 0x00, 0x04, 0x30, 0x0e, 0x00, 0x0c, 0x00, 0x00, 0x00, 0x01, 0xff, 0xc0, 0x01, 0xff, 0xff, 0xff, 0xff, 0xff,
    0xff, 0xff, 0xff, 0x03, 0x87, 0xcf, 0x00, 0x00, 0x00, 0x00, 0x00, 0x00, 0x00, 0x00, 0x00, 0x00, 0x00, 0x00, 0x00, 0x04, 0x70, 0x1c, 0x00, 0x18,
    0x00, 0x00, 0x00, 0x03, 0xff, 0xf0, 0x07, 0xff, 0xff, 0xff, 0xff, 0xff, 0xff, 0xff, 0xff, 0x81, 0x87, 0xef, 0x00, 0x00, 0x00, 0x00, 0x00, 0x00,
    0x00, 0x00, 0x00, 0x00, 0x00, 0x00, 0x00, 0x00, 0x60, 0x3c, 0x00, 0x18, 0x00, 0x00, 0x00, 0x03, 0xff, 0xff, 0xff, 0xff, 0xff, 0xff, 0xff, 0xff,
    0xff, 0xff, 0xff, 0xc1, 0xc3, 0xfe, 0x00, 0x00, 0x00, 0x00, 0x00, 0x00, 0x00, 0x00, 0x00, 0x00, 0x00, 0x00, 0x00, 0x00, 0x60, 0x38, 0x00, 0x30,
    0x02, 0x00, 0x00, 0x07, 0xff, 0xff, 0xff, 0xff, 0xff, 0xff, 0xff, 0xff, 0xff, 0xff, 0xff, 0xe1, 0xc1, 0xfe, 0x00, 0x00, 0x00, 0x00, 0x00, 0x00,
    0x00, 0x00, 0x00, 0x00, 0x00, 0x00, 0x00, 0x00, 0x60, 0x78, 0x00, 0x60, 0x02, 0x00, 0x00, 0x07, 0xff, 0xff, 0xff, 0xff, 0xff, 0xff, 0xff, 0xff,
    0xff, 0xff, 0xff, 0xf0, 0xe0, 0x7e, 0x00, 0x00, 0x00, 0x00, 0x00, 0x00, 0x00, 0x00, 0x00, 0x00, 0x00, 0x00, 0x00, 0x00, 0x60, 0x30, 0x00, 0x60,
    0x06, 0x00, 0x00, 0x07, 0xff, 0xff, 0xff, 0xff, 0xff, 0xff, 0xff, 0xff, 0xff, 0xff, 0xff, 0xf0, 0xe0, 0x3c, 0x00, 0x00, 0x00, 0x00, 0x00, 0x00,
    0x00, 0x00, 0x00, 0x00, 0x00, 0x00, 0x00, 0x00, 0x60, 0x00, 0x00, 0xe0, 0x04, 0x00, 0x00, 0x0f, 0xff, 0xff, 0xff, 0xff, 0xff, 0xff, 0xff, 0xff,
    0xff, 0xff, 0xff, 0xf0, 0xf0, 0x1c, 0x00, 0x00, 0x00, 0x00, 0x00, 0x00, 0x00, 0x00, 0x00, 0x00, 0x00, 0x00, 0x00, 0x00, 0xc0, 0x00, 0x00, 0xc0,
    0x04, 0x00, 0x00, 0x0f, 0xff, 0xff, 0xff, 0xff, 0xff, 0xff, 0xff, 0xff, 0xff, 0xff, 0xff, 0xf8, 0x7e, 0x18, 0x00, 0x00, 0x00, 0x00, 0x00, 0x00,
    0x00, 0x00, 0x00, 0x00, 0x00, 0x00, 0x00, 0x00, 0xc0, 0x00, 0x01, 0xc0, 0x0c, 0x00, 0x00, 0x0f, 0xf8, 0x00, 0xff, 0xff, 0xff, 0xff, 0xff, 0xff,
    0xff, 0xff, 0xff, 0xf0, 0x7c, 0x00, 0x00, 0x00, 0x00, 0x00, 0x00, 0x00, 0x00, 0x00, 0x00, 0x00, 0x00, 0x00, 0x00, 0x00, 0xc0, 0x00, 0x01, 0x80,
    0x0c, 0x00, 0x00, 0x1f, 0xc0, 0x00, 0x00, 0x3f, 0xff, 0xff, 0xff, 0xff, 0xff, 0xff, 0xff, 0xf0, 0x00, 0x00, 0x00, 0x00, 0x00, 0x00, 0x00, 0x00,
    0x00, 0x00, 0x00, 0x00, 0x00, 0x00, 0x00, 0x00, 0xc0, 0x00, 0x03, 0x80, 0x1c, 0x00, 0x00, 0x1f, 0x80, 0x00, 0x00, 0x00, 0x3f, 0xff, 0xff, 0xff,
    0xff, 0xff, 0xff, 0xf8, 0x00, 0x00, 0x00, 0x00, 0x00, 0x00, 0x00, 0x00, 0x00, 0x00, 0x00, 0x00, 0x00, 0x00, 0x00, 0x00, 0x80, 0x00, 0x03, 0x80,
    0x1c, 0x00, 0x00, 0x1f, 0x00, 0xc0, 0x00, 0x00, 0x00, 0x1f, 0xff, 0xff, 0xff, 0xff, 0xff, 0xfc, 0x01, 0x80, 0x00, 0x00, 0x00, 0x00, 0x00, 0x00,
    0x00, 0x00, 0x00, 0x00, 0x00, 0x00, 0x00, 0x00, 0x80, 0x00, 0x03, 0x00, 0x18, 0x00, 0x00, 0x1e, 0x07, 0xfc, 0x0e, 0x00, 0x00, 0x00, 0x07, 0xff,
    0xff, 0xff, 0xff, 0xfe, 0x03, 0x80, 0x00, 0x00, 0x00, 0x00, 0x00, 0x00, 0x00, 0x00, 0x00, 0x00, 0x00, 0x00, 0x00, 0x01, 0x80, 0x00, 0x07, 0x00,
    0x18, 0x00, 0x00, 0x3c, 0x1f, 0xfe, 0x0f, 0xff, 0x80, 0x00, 0x00, 0x03, 0xff, 0xff, 0xff, 0xff, 0x03, 0xc0, 0x00, 0x00, 0x00, 0x00, 0x00, 0x00,
    0x00, 0x00, 0x00, 0x00, 0x00, 0x00, 0x00, 0x01, 0x80, 0x00, 0x07, 0x00, 0x38, 0x00, 0x00, 0x38, 0x3f, 0xff, 0x87, 0xff, 0xff, 0x80, 0x00, 0x00,
    0x01, 0xff, 0xff, 0xff, 0xc3, 0xc0, 0x00, 0x00, 0x00, 0x00, 0x00, 0x00, 0x00, 0x00, 0x00, 0x00, 0x00, 0x00, 0x00, 0x01, 0x80, 0x00, 0x07, 0x00,
    0x38, 0x00, 0x00, 0x38, 0x7f, 0x3f, 0x87, 0xff, 0xff, 0xff, 0xe0, 0x00, 0x00, 0x00, 0x7f, 0xff, 0xc1, 0xc0, 0x00, 0x00, 0x00, 0x00, 0x00, 0x00,
    0x00, 0x00, 0x00, 0x00, 0x00, 0x00, 0x00, 0x01, 0x80, 0x00, 0x07, 0x00, 0x38, 0x00, 0x00, 0x30, 0x7c, 0x07, 0xc3, 0xff, 0xff, 0xff, 0xff, 0xf8,
    0x00, 0x00, 0x00, 0x1f, 0xe1, 0xc0, 0x00, 0x00, 0x00, 0x00, 0x00, 0x00, 0x00, 0x00, 0x00, 0x00, 0x00, 0x00, 0x00, 0x01, 0x00, 0x00, 0x07, 0x00,
    0x38, 0x00, 0x00, 0x30, 0xf0, 0x03, 0xc3, 0xff, 0xff, 0xf9, 0xff, 0xff, 0xfc, 0x00, 0x00, 0x00, 0x01, 0xc0, 0x00, 0x00, 0x00, 0x00, 0x00, 0x00,
    0x00, 0x00, 0x00, 0x00, 0x00, 0x00, 0x00, 0x01, 0x00, 0x00, 0x06, 0x00, 0x38, 0x00, 0x00, 0x30, 0xf1, 0xf1, 0xe1, 0xff, 0xff, 0xf0, 0xff, 0xff,
    0xff, 0xff, 0x00, 0x00, 0x00, 0x00, 0x00, 0x00, 0x00, 0x00, 0x00, 0x00, 0x00, 0x00, 0x00, 0x00, 0x00, 0x00, 0x00, 0x00, 0x00, 0x00, 0x06, 0x00,
    0x78, 0x00, 0x00, 0x21, 0xe3, 0xf1, 0xe1, 0xff, 0xff, 0xf7, 0x7f, 0xff, 0xff, 0xff, 0xff, 0x80, 0x00, 0x00, 0x00, 0x00, 0x00, 0x00, 0x00, 0x00,
    0x00, 0x00, 0x00, 0x00, 0x00, 0x00, 0x00, 0x00, 0x00, 0x00, 0x06, 0x20, 0x78, 0x00, 0x00, 0x21, 0xe7, 0xf8, 0xe1, 0xff, 0xff, 0xf2, 0x7f, 0xff,
    0xff, 0xff, 0xff, 0xff, 0xc0, 0x00, 0x00, 0x00, 0x00, 0x00, 0x00, 0x00, 0x00, 0x00, 0x00, 0x00, 0x00, 0x00, 0x00, 0x00, 0x00, 0x00, 0x06, 0x20,
    0x78, 0x00, 0x00, 0x21, 0xe7, 0xf8, 0xf1, 0xff, 0xff, 0xf0, 0x7f, 0xff, 0xff, 0xff, 0xfc, 0xff, 0xff, 0xe0, 0x00, 0x00, 0x00, 0x00, 0x00, 0x00,
    0x00, 0x00, 0x00, 0x00, 0x00, 0x00, 0x00, 0x00, 0x00, 0x00, 0x06, 0x20, 0x78, 0x00, 0x00, 0x01, 0xe7, 0xf8, 0xf1, 0xff, 0xff, 0xff, 0xff, 0xff,
    0xff, 0xff, 0xf8, 0x7f, 0xff, 0xf0, 0x00, 0x00, 0x00, 0x00, 0x00, 0x00, 0x00, 0x00, 0x00, 0x00, 0x00, 0x00, 0x00, 0x00, 0x00, 0x00, 0x02, 0x60,
    0x38, 0x00, 0x00, 0x01, 0xe7, 0xf8, 0xf1, 0xff, 0xff, 0xff, 0xff, 0xff, 0xff, 0xff, 0xf3, 0x3f, 0xff, 0xf0, 0x00, 0x00, 0x00, 0x00, 0x00, 0x00,
    0x00, 0x00, 0x00, 0x00, 0x00, 0x00, 0x00, 0x00, 0x00, 0x02, 0x00, 0x60, 0x38, 0x00, 0x00, 0x01, 0xe3, 0xf1, 0xe1, 0xff, 0xff, 0xff, 0xff, 0xff,
    0xff, 0xff, 0xf3, 0x3f, 0xff, 0xf0, 0x00, 0x00, 0x00, 0x00, 0x00, 0x00, 0x00, 0x00, 0x00, 0x00, 0x00, 0x00, 0x00, 0x00, 0x00, 0x02, 0x00, 0x60,
    0x38, 0x00, 0x00, 0x00, 0xe1, 0xe1, 0xe1, 0xff, 0xff, 0xff, 0xdf, 0xff, 0xff, 0xff, 0xf8, 0x7f, 0xff, 0xf8, 0x00, 0x00, 0x00, 0x00, 0x00, 0x00,
    0x00, 0x00, 0x00, 0x00, 0x00, 0x00, 0x00, 0x00, 0x00, 0x02, 0x00, 0x60, 0x38, 0x00, 0x00, 0x00, 0xf0, 0x03, 0xe3, 0xff, 0xff, 0xff, 0xc1, 0xff,
    0xff, 0xff, 0xfc, 0xff, 0xff, 0xf8, 0x00, 0x00, 0x00, 0x00, 0x00, 0x00, 0x00, 0x00, 0x00, 0x00, 0x00, 0x00, 0x00, 0x00, 0x00, 0x03, 0x00, 0x60,
    0x3c, 0x00, 0x00, 0x00, 0x78, 0x07, 0xc3, 0xff, 0xff, 0xff, 0xcf, 0xff, 0xff, 0xff, 0xff, 0xff, 0xff, 0xf8, 0x00, 0x00, 0x00, 0x00, 0x00, 0x00,
    0x00, 0x00, 0x00, 0x00, 0x00, 0x00, 0x00, 0x00, 0x00, 0x03, 0x00, 0x60, 0x3c, 0x00, 0x00, 0x00, 0x7f, 0xff, 0x83, 0xff, 0xff, 0xff, 0x9f, 0xff,
    0xff, 0x03, 0xff, 0xff, 0xff, 0xfc, 0x00, 0x00, 0x00, 0x00, 0x00, 0x00, 0x00, 0x00, 0x00, 0x00, 0x00, 0x00, 0x00, 0x00, 0x00, 0x03, 0x00, 0x60,
    0x3c, 0x00, 0x00, 0x00, 0x3f, 0xff, 0x07, 0xff, 0xff, 0xff, 0xff, 0xff, 0xff, 0x87, 0xff, 0xff, 0xff, 0xfc, 0x00, 0x00, 0x00, 0x00, 0x00, 0x00,
    0x00, 0x00, 0x00, 0x00, 0x00, 0x00, 0x00, 0x00, 0x00, 0x03, 0x00, 0x60, 0x3c, 0x00, 0x00, 0x00, 0x1f, 0xfe, 0x07, 0xff, 0xff, 0xff, 0xff, 0xff,
    0xff, 0xdf, 0xff, 0xf0, 0x3f, 0xfe, 0x00, 0x00, 0x00, 0x00, 0x00, 0x00, 0x00, 0x00, 0x00, 0x00, 0x00, 0x00, 0x00, 0x00, 0x00, 0x03, 0x00, 0x60,
    0x3c, 0x00, 0x00, 0x00, 0x07, 0xfc, 0x07, 0xff, 0xff, 0xff, 0xff, 0xff, 0xff, 0xff, 0xff, 0xfc, 0x00, 0x3e, 0x00, 0x00, 0x00, 0x00, 0x00, 0x00,
    0x00, 0x00, 0x00, 0x00, 0x00, 0x00, 0x00, 0x00, 0x00, 0x03, 0x00, 0xe0, 0x3c, 0x00, 0x00, 0x00, 0x00, 0xc0, 0x03, 0xff, 0xff, 0xff, 0x83, 0xff,
    0xf8, 0xff, 0xff, 0xfe, 0x00, 0x00, 0x00, 0x00, 0x00, 0x00, 0x00, 0x00, 0x00, 0x00, 0x00, 0x00, 0x00, 0x00, 0x00, 0x00, 0x00, 0x07, 0x00, 0xe0,
    0x1e, 0x00, 0x00, 0x00, 0x00, 0x00, 0x00, 0xff, 0xff, 0xff, 0x80, 0x0e, 0x01, 0xff, 0xff, 0xfe, 0x00, 0x00, 0x00, 0x00, 0x00, 0x00, 0x00, 0x00,
    0x00, 0x00, 0x00, 0x00, 0x00, 0x00, 0x00, 0x00, 0x00, 0x07, 0x00, 0xe0, 0x1e, 0x00, 0x00, 0x40, 0x00, 0x00, 0x00, 0x7f, 0xff, 0xff, 0xf8, 0x00,
    0x03, 0xff, 0xff, 0xff, 0x00, 0x00, 0x00, 0x00, 0x00, 0x00, 0x00, 0x00, 0x00, 0x00, 0x00, 0x00, 0x00, 0x00, 0x00, 0x00, 0x00, 0x07, 0x80, 0xe0,
    0x1e, 0x00, 0x00, 0x40, 0x00, 0x00, 0x00, 0x1f, 0xff, 0xff, 0xff, 0xe0, 0xff, 0xff, 0xff, 0xff, 0x00, 0x00, 0x00, 0x00, 0x00, 0x00, 0x00, 0x00,
    0x00, 0x00, 0x00, 0x00, 0x00, 0x00, 0x00, 0x00, 0x00, 0x07, 0x80, 0xe0, 0x1e, 0x00, 0x00, 0x60, 0x00, 0xe0, 0x00, 0x0f, 0xff, 0xff, 0xff, 0xff,
    0xfe, 0x0f, 0xff, 0xc0, 0x00, 0x00, 0x00, 0x00, 0x00, 0x00, 0x00, 0x00, 0x00, 0x00, 0x00, 0x00, 0x00, 0x00, 0x00, 0x00, 0x00, 0x07, 0x80, 0xe0,
    0x0e, 0x00, 0x00, 0x30, 0x00, 0xf0, 0x00, 0x07, 0xff, 0xff, 0xff, 0xff, 0xf8, 0x00, 0x7c, 0x00, 0x00, 0x00, 0x00, 0x00, 0x00, 0x00, 0x00, 0x00,
    0x00, 0x00, 0x00, 0x00, 0x00, 0x00, 0x00, 0x00, 0x00, 0x0f, 0x80, 0xe0, 0x0f, 0x00, 0x00, 0x38, 0x00, 0x78, 0x00, 0x03, 0xff, 0xf1, 0xff, 0xff,
    0xe1, 0xe0, 0x00, 0x0e, 0x00, 0x00, 0x00, 0x00, 0x00, 0x00, 0x00, 0x00, 0x00, 0x00, 0x00, 0x00, 0x00, 0x00, 0x00, 0x00, 0x00, 0x0f, 0x81, 0xe0,
    0x0f, 0x00, 0x00, 0x18, 0x00, 0x78, 0x00, 0x00, 0xff, 0xe4, 0xff, 0xff, 0xff, 0xff, 0x01, 0xfe, 0x00, 0x00, 0x00, 0x00, 0x00, 0x00, 0x00, 0x00,
    0x00, 0x00, 0x00, 0x00, 0x00, 0x00, 0x00, 0x00, 0x00, 0x1f, 0x81, 0xe0, 0x0f, 0x00, 0x00, 0x1c, 0x00, 0x3c, 0x00, 0x00, 0x7f, 0xee, 0xff, 0xff,
    0xff, 0xff, 0xff, 0xfc, 0x00, 0x00, 0x00, 0x00, 0x00, 0x00, 0x00, 0x00, 0x00, 0x00, 0x00, 0x00, 0x00, 0x00, 0x00, 0x00, 0x00, 0x1f, 0x01, 0xe0,
    0x0f, 0x00, 0x00, 0x0e, 0x00, 0x3c, 0x00, 0x00, 0x3f, 0xe4, 0xff, 0xff, 0xff, 0xff, 0xff, 0xf0, 0x00, 0x00, 0x00, 0x00, 0x00, 0x00, 0x00, 0x00,
    0x00, 0x00, 0x00, 0x00, 0x00, 0x00, 0x00, 0x00, 0x00, 0x3f, 0x03, 0xc0, 0x07, 0x80, 0x00, 0x0f, 0x00, 0x1c, 0x00, 0x00, 0x0f, 0xf1, 0xff, 0xff,
    0xff, 0xff, 0xff, 0xc0, 0x00, 0x00, 0x00, 0x00, 0x00, 0x00, 0x00, 0x00, 0x00, 0x00, 0x00, 0x00, 0x00, 0x00, 0x00, 0x00, 0x00, 0x3f, 0x03, 0xc0,
    0x07, 0x80, 0x00, 0x07, 0xc0, 0x0e, 0x00, 0x00, 0x07, 0xff, 0xff, 0xff, 0xff, 0xff, 0xff, 0xfe, 0x00, 0x00, 0x00, 0x00, 0x00, 0x00, 0x00, 0x00,
    0x00, 0x00, 0x00, 0x00, 0x00, 0x00, 0x00, 0x00, 0x00, 0x7f, 0x03, 0xc0, 0x07, 0x80, 0x00, 0x07, 0xe0, 0x0e, 0x00, 0x00, 0x00, 0xff, 0xff, 0xff,
    0xff, 0xff, 0xff, 0xff, 0xf0, 0x00, 0x00, 0x00, 0x00, 0x00, 0x00, 0x00, 0x00, 0x00, 0x00, 0x00, 0x00, 0x00, 0x00, 0x00, 0x00, 0x7f, 0x03, 0xc0,
    0x07, 0x80, 0x00, 0x03, 0xf8, 0x0f, 0x00, 0x00, 0x00, 0x01, 0xff, 0xff, 0xff, 0xff, 0xf0, 0xff, 0xff, 0x80, 0x00, 0x00, 0x00, 0x00, 0x00, 0x00,
    0x00, 0x00, 0x00, 0x00, 0x00, 0x00, 0x00, 0x00, 0x00, 0xff, 0x07, 0xc0, 0x03, 0xc0, 0x00, 0x03, 0xfc, 0x07, 0x00, 0x00, 0x00, 0x00, 0x0f, 0xff,
    0xff, 0xff, 0xe0, 0xff, 0xff, 0xff, 0x00, 0x00, 0x00, 0x00, 0x00, 0x00, 0x00, 0x00, 0x00, 0x00, 0x00, 0x00, 0x00, 0x00, 0x01, 0xff, 0x07, 0xc0,
    0x03, 0xc0, 0x00, 0x01, 0xfe, 0x07, 0x80, 0x00, 0x00, 0x00, 0x00, 0x7f, 0xff, 0xff, 0xe6, 0xff, 0xff, 0xff, 0xf8, 0x00, 0x00, 0x00, 0x00, 0x00,
    0x00, 0x00, 0x00, 0x00, 0x00, 0x00, 0x00, 0x00, 0x03, 0xfe, 0x0f, 0x80, 0x03, 0xc0, 0x00, 0x01, 0xff, 0x03, 0x80, 0x00, 0x00, 0x00, 0x00, 0x01,
    0xff, 0xff, 0xe6, 0xff, 0xff, 0xff, 0xff, 0x00, 0x00, 0x00, 0x00, 0x00, 0x00, 0x00, 0x00, 0x00, 0x00, 0x00, 0x00, 0x00, 0x07, 0xfe, 0x0f, 0x80,
    0x03, 0xc0, 0x00, 0x01, 0xff, 0x83, 0xc0, 0x00, 0x00, 0x07, 0xc0, 0x00, 0x07, 0xff, 0xf0, 0xff, 0xff, 0xff, 0xfe, 0x00, 0x00, 0x00, 0x00, 0x00,
    0x00, 0x00, 0x00, 0x00, 0x00, 0x00, 0x00, 0x00, 0x0f, 0xfe, 0x0f, 0x80, 0x03, 0xc0, 0x00, 0x01, 0xff, 0x81, 0xc0, 0x00, 0x00, 0x07, 0xff, 0x00,
    0x00, 0x3f, 0xff, 0xff, 0xff, 0xff, 0xfe, 0x00, 0x00, 0x00, 0x00, 0x00, 0x00, 0x00, 0x00, 0x00, 0x00, 0x00, 0x00, 0x00, 0x1f, 0xfe, 0x1f, 0x00,
    0x01, 0xc0, 0x00, 0x01, 0xff, 0xc1, 0xc0, 0x80, 0x06, 0x07, 0xff, 0xfc, 0x00, 0x00, 0xff, 0xff, 0xff, 0xff, 0xfc, 0x00, 0x00, 0x00, 0x00, 0x00,
    0x00, 0x00, 0x00, 0x00, 0x00, 0x00, 0x00, 0x00, 0x7f, 0xfc, 0x1f, 0x02, 0x01, 0xe0, 0x00, 0x01, 0xff, 0xc0, 0xe1, 0xc0, 0x07, 0x07, 0xff, 0xff,
    0x00, 0x00, 0x03, 0xff, 0xff, 0xff, 0xfc, 0x00, 0x00, 0x00, 0x00, 0x00, 0x00, 0x00, 0x00, 0x00, 0x00, 0x08, 0x00, 0x00, 0xfe, 0x7c, 0x3f, 0x02,
    0x01, 0xe0, 0x00, 0x01, 0xff, 0xe0, 0xe3, 0xe0, 0x07, 0x07, 0xff, 0xff, 0x01, 0x80, 0x00, 0x1f, 0xff, 0xff, 0xf8, 0x00, 0x00, 0x00, 0x00, 0x00,
    0x00, 0x00, 0x00, 0x00, 0x00, 0x06, 0x00, 0x03, 0xfe, 0xfc, 0x3e, 0x02, 0x01, 0xc0, 0x00, 0x01, 0xff, 0xe0, 0xe1, 0xe0, 0x07, 0x07, 0xff, 0xff,
    0x01, 0xfc, 0x00, 0x00, 0x7f, 0xff, 0xf8, 0x00, 0x00, 0x00, 0x00, 0x00, 0x00, 0x00, 0x00, 0x00, 0x00, 0x07, 0x80, 0x1f, 0xfc, 0xfc, 0x7e, 0x02,
    0x01, 0xc0, 0x00, 0x01, 0xff, 0xe0, 0xe0, 0xc0, 0x07, 0x07, 0xff, 0xff, 0x01, 0xff, 0x00, 0x00, 0x03, 0xff, 0xf0, 0x00, 0x00, 0x00, 0x00, 0x00,
    0x00, 0x00, 0x00, 0x00, 0x00, 0x03, 0xff, 0xff, 0xf9, 0xf8, 0xfc, 0x06, 0x01, 0xc0, 0x00, 0x01, 0xff, 0xe0, 0xe0, 0x00, 0x07, 0x07, 0xff, 0xff,
    0x01, 0xfe, 0x03, 0xc0, 0x00, 0x1f, 0xf0, 0x00, 0x00, 0x00, 0x00, 0x00, 0x00, 0x00, 0x00, 0x00, 0x00, 0x01, 0xff, 0xff, 0xe1, 0xf9, 0xfc, 0x04,
    0x03, 0xc0, 0x00, 0x01, 0xff, 0xe0, 0xe0, 0x00, 0x03, 0x0f, 0xff, 0xfe, 0x03, 0xfe, 0x07, 0xf8, 0x00, 0x1f, 0xe0, 0x00, 0x00, 0x00, 0x00, 0x00,
    0x00, 0x00, 0x00, 0x00, 0x00, 0x00, 0xff, 0xff, 0xc3, 0xf1, 0xf8, 0x0c, 0x03, 0xc0, 0x00, 0x03, 0xff, 0xe0, 0xe0, 0x00, 0x03, 0x0f, 0xff, 0xfe,
    0x03, 0xfe, 0x07, 0xf8, 0x00, 0x3f, 0xe0, 0x00, 0x00, 0x00, 0x00, 0x00, 0x00, 0x00, 0x00, 0x00, 0x00, 0x00, 0x3f, 0xff, 0x03, 0xf3, 0xf8, 0x0c,
    0x03, 0xc0, 0x00, 0x03, 0xff, 0xe0, 0xe0, 0x00, 0x03, 0x0f, 0xff, 0xfe, 0x03, 0xfe, 0x07, 0xf8, 0x00, 0x3f, 0xc0, 0x00, 0x00, 0x00, 0x00, 0x00,
    0x00, 0x00, 0x00, 0x00, 0x00, 0x00, 0x03, 0xe0, 0x07, 0xe7, 0xf0, 0x0c, 0x03, 0xc0, 0x00, 0x01, 0xff, 0xe0, 0xe0, 0x00, 0x03, 0x0f, 0xff, 0xfe,
    0x03, 0xfe, 0x07, 0xf0, 0x00, 0x7f, 0xc0, 0x00, 0x00, 0x00, 0x00, 0x00, 0x00, 0x00, 0x00, 0x00, 0x00, 0x00, 0x00, 0x00, 0x0f, 0xef, 0xe0, 0x18,
    0x03, 0xc0, 0x00, 0x03, 0xff, 0xe0, 0xe0, 0x00, 0x03, 0x0f, 0xff, 0xfe, 0x03, 0xfe, 0x0f, 0xf0, 0x00, 0x7f, 0x80, 0x00, 0x00, 0x00, 0x00, 0x00,
    0x00, 0x00, 0x00, 0x00, 0x00, 0x00, 0x00, 0x00, 0x1f, 0xdf, 0xe0, 0x38, 0x01, 0xc0, 0x00, 0x03, 0xff, 0xe0, 0xe0, 0x00, 0x03, 0x0f, 0xff, 0xfe,
    0x07, 0xfc, 0x0f, 0xf0, 0x00, 0xff, 0x80, 0x00, 0x00, 0x00, 0x00, 0x00, 0x00, 0x00, 0x00, 0x00, 0x00, 0x00, 0x00, 0x00, 0x3f, 0xff, 0xc0, 0x38,
    0x00, 0x00, 0x00, 0x03, 0xff, 0xe0, 0xe0, 0x00, 0x03, 0x0f, 0xff, 0xfe, 0x07, 0xfc, 0x0f, 0xe0, 0x00, 0xff, 0x80, 0x00, 0x00, 0x00, 0x00, 0x00,
    0x00, 0x00, 0x00, 0x00, 0x00, 0x00, 0x00, 0x00, 0x3f, 0xff, 0x80, 0x70, 0x00, 0x00, 0x00, 0x03, 0xff, 0xe0, 0xe0, 0x00, 0x03, 0x0f, 0xff, 0xfe,
    0x07, 0xfc, 0x0f, 0xe0, 0x01, 0xff, 0x00, 0x00, 0x00, 0x00, 0x00, 0x00, 0x00, 0x00, 0x00, 0x00, 0x00, 0x00, 0x00, 0x00, 0xff, 0xff, 0x00, 0xf0,
    0x08, 0x00, 0x00, 0x03, 0xff, 0xe0, 0xe0, 0x00, 0x03, 0x0f, 0xff, 0xfc, 0x07, 0xfc, 0x1f, 0xe0, 0x01, 0xff, 0x00, 0x00, 0x00, 0x00, 0x00, 0x00,
    0x00, 0x00, 0x00, 0x00, 0x00, 0x00, 0x00, 0x01, 0xff, 0xfe, 0x00, 0xe0, 0x0e, 0x00, 0x00, 0x03, 0xff, 0xe0, 0xe0, 0x00, 0x03, 0x1f, 0xff, 0xfc,
    0x07, 0xfc, 0x1f, 0xc0, 0x01, 0xfe, 0x00, 0x00, 0x00, 0x00, 0x00, 0x00, 0x00, 0x00, 0x00, 0x00, 0x00, 0x00, 0x00, 0x03, 0xff, 0xfc, 0x01, 0xe0,
    0x1f, 0x80, 0x00, 0x03, 0xff, 0xe0, 0xe0, 0x00, 0x03, 0x1f, 0xff, 0xfc, 0x0f, 0xf8, 0x1f, 0xc0, 0x03, 0xfe, 0x00, 0x00, 0x00, 0x00, 0x00, 0x00,
    0x00, 0x00, 0x00, 0x00, 0x00, 0x00, 0x00, 0x07, 0xff, 0xf8, 0x03, 0xc0, 0x1f, 0xf0, 0x00, 0x03, 0xff, 0xe0, 0xe0, 0x00, 0x03, 0x1f, 0xff, 0xfc,
    0x0f, 0xf8, 0x1f, 0xc0, 0x03, 0xfc, 0x00, 0x00, 0x00, 0x00, 0x00, 0x00, 0x00, 0x00, 0x00, 0x00, 0x00, 0x00, 0x00, 0x0f, 0xff, 0xf0, 0x07, 0xc0,
    0x3e, 0x7c, 0x00, 0x03, 0xff, 0xe0, 0xe0, 0x00, 0x03, 0x1f, 0xff, 0xfc, 0x0f, 0xf8, 0x3f, 0xc0, 0x03, 0xfc, 0x00, 0x00, 0x00, 0x00, 0x00, 0x00,
    0x00, 0x00, 0x00, 0x00, 0x00, 0x00, 0x00, 0x3f, 0xff, 0xc0, 0x0f, 0x80, 0x3e, 0x0f, 0x00, 0x03, 0xff, 0xe0, 0xe0, 0x00, 0x03, 0x1f, 0xff, 0xfc,
    0x0f, 0xf8, 0x3f, 0x80, 0x07, 0xf8, 0x00, 0x00, 0x00, 0x00, 0x00, 0x00, 0x00, 0x00, 0x00, 0x00, 0x00, 0x00, 0x00, 0x7f, 0xff, 0x80, 0x0f, 0x80,
    0x7c, 0x03, 0xe0, 0x03, 0xff, 0xe0, 0xe0, 0x00, 0x03, 0x1f, 0xff, 0xfc, 0x0f, 0xf0, 0x3f, 0x80, 0x07, 0xf8, 0x00, 0x00, 0x00, 0x00, 0x00, 0x00,
    0x00, 0x00, 0x00, 0x00, 0x00, 0x00, 0x00, 0xff, 0xfe, 0x00, 0x1f, 0x00, 0x7c, 0x60, 0x78, 0x03, 0xff, 0xe0, 0xe0, 0x00, 0x03, 0x1f, 0xff, 0xf8,
    0x0f, 0xf0, 0x3f, 0x80, 0x0f, 0xf8, 0x00, 0x00, 0x00, 0x00, 0x00, 0x00, 0x00, 0x00, 0x00, 0x00, 0x00, 0x00, 0x01, 0xff, 0xfc, 0x00, 0x3e, 0x00,
    0x7c, 0xf0, 0x1e, 0x00, 0xff, 0xe0, 0xe0, 0x00, 0x03, 0x1f, 0xff, 0xf8, 0x1f, 0xf0, 0x7f, 0x00, 0x0f, 0xf0, 0x00, 0x00, 0x00, 0x00, 0x00, 0x00,
    0x00, 0x00, 0x00, 0x00, 0x00, 0x00, 0x07, 0xff, 0xf0, 0x00, 0x7e, 0x00, 0xf8, 0x60, 0x07, 0xc0, 0x3f, 0xe0, 0xe0, 0x00, 0x03, 0x1f, 0xff, 0xf8,
    0x1f, 0xf0, 0x7f, 0x00, 0x0f, 0xf0, 0x00, 0x00, 0x00, 0x00, 0x00, 0x00, 0x00, 0x00, 0x00, 0x00, 0x00, 0x00, 0x0f, 0xff, 0xe0, 0x00, 0x7c, 0x00,
    0xf8, 0x00, 0x03, 0xf0, 0x0f, 0xe0, 0xe0, 0x00, 0x03, 0x3f, 0xff, 0xf8, 0x1f, 0xf0, 0x7f, 0x00, 0x1f, 0xe0, 0x00, 0x00, 0x00, 0x00, 0x00, 0x00,
    0x00, 0x00, 0x00, 0x00, 0x00, 0x00, 0x1f, 0xff, 0x80, 0x00, 0xf8, 0x00, 0x3e, 0x00, 0x03, 0xfc, 0x03, 0xe0, 0xe0, 0x00, 0x03, 0x3f, 0xff, 0xf8,
    0x1f, 0xe0, 0x7f, 0x00, 0x1f, 0xe0, 0x00, 0x00, 0x00, 0x00, 0x00, 0x00, 0x00, 0x00, 0x00, 0x00, 0x00, 0x00, 0x3f, 0xfe, 0x00, 0x01, 0xf0, 0x00,
    0x0f, 0x80, 0x07, 0xff, 0x00, 0xe0, 0xe0, 0x00, 0x03, 0x3f, 0xff, 0xf8, 0x1f, 0xe0, 0xfe, 0x00, 0x1f, 0xe0, 0x00, 0x00, 0x00, 0x00, 0x00, 0x00,
    0x00, 0x00, 0x00, 0x00, 0x00, 0x00, 0x7f, 0xfc, 0x00, 0x01, 0xf0, 0x00, 0x03, 0xe0, 0x07, 0xff, 0xe0, 0x00, 0xe0, 0x00, 0x03, 0x3f, 0xff, 0xf8,
    0x3f, 0xe0, 0xfe, 0x00, 0x3f, 0xc0, 0x00, 0x00, 0x00, 0x00, 0x00, 0x00, 0x00, 0x00, 0x00, 0x00, 0x00, 0x00, 0xff, 0xf0, 0x02, 0x03, 0xe0, 0x00,
    0x00, 0x78, 0x07, 0xff, 0xf8, 0x00, 0xe0, 0x00, 0x03, 0x3f, 0xff, 0xf8, 0x3f, 0xe0, 0xfe, 0x00, 0x3f, 0xc0, 0x00, 0x00, 0x00, 0x00, 0x00, 0x00,
    0x00, 0x00, 0x00, 0x00, 0x00, 0x00, 0xff, 0xc0, 0x06, 0x03, 0xc0, 0x00, 0x00, 0x1e, 0x0f, 0xff, 0xfe, 0x00, 0xe0, 0x00, 0x03, 0x3f, 0xff, 0xf0,
    0x3f, 0xe0, 0xfc, 0x00, 0x3f, 0x80, 0x00, 0x00, 0x00, 0x00, 0x00, 0x00, 0x00, 0x00, 0x00, 0x00, 0x00, 0x01, 0xff, 0x80, 0x0c, 0x07, 0xc0, 0x00,
    0x00, 0x03, 0xcf, 0xff, 0xff, 0x80, 0xe0, 0x00, 0x03, 0x3f, 0xff, 0xf0, 0x3f, 0xc1, 0xfc, 0x00, 0x7f, 0x80, 0x00, 0x00, 0x00, 0x00, 0x00, 0x00,
    0x00, 0x00, 0x00, 0x00, 0x00, 0x03, 0xfe, 0x00, 0x1c, 0x07, 0x80, 0x00, 0x00, 0x00, 0xff, 0xff, 0x8f, 0xe0, 0xe0, 0x00, 0x03, 0x3f, 0xff, 0xf0,
    0x3f, 0xc1, 0xfc, 0x00, 0x7f, 0x80, 0x00, 0x00, 0x00, 0x00, 0x00, 0x00, 0x00, 0x00, 0x00, 0x00, 0x00, 0x07, 0xfc, 0x00, 0x38, 0x0f, 0x00, 0x00,
    0x00, 0x00, 0x3f, 0xff, 0x27, 0xf0, 0xe0, 0x00, 0x03, 0x3f, 0xff, 0xf0, 0x7f, 0xc1, 0xfc, 0x00, 0x7f, 0x00, 0x00, 0x00, 0x00, 0x00, 0x00, 0x00,
    0x00, 0x00, 0x00, 0x00, 0x00, 0x07, 0xf8, 0x00, 0x78, 0x0f, 0x00, 0x00, 0x00, 0x00, 0x0f, 0xff, 0x77, 0xf0, 0xe0, 0x00, 0x03, 0x7f, 0xff, 0xf8,
    0x7f, 0xc3, 0xf8, 0x00, 0xff, 0x00, 0x00, 0x00, 0x00, 0x00, 0x00, 0x00, 0x00, 0x00, 0x00, 0x00, 0x00, 0x0f, 0xf0, 0x00, 0xf8, 0x0f, 0x01, 0x00,
    0x00, 0x00, 0x01, 0xff, 0x27, 0xf0, 0xe0, 0x00, 0x03, 0x7f, 0xff, 0xfe, 0x7f, 0xc3, 0xf8, 0x00, 0xfe, 0x00, 0x00, 0x00, 0x00, 0x00, 0x00, 0x00,
    0x00, 0x00, 0x00, 0x00, 0x00, 0x1f, 0xc0, 0x01, 0xf8, 0x0e, 0x03, 0x00, 0x00, 0x00, 0x00, 0x7f, 0x8f, 0xf0, 0xe0, 0x00, 0x03, 0x7f, 0xff, 0xff,
    0x7f, 0x83, 0xf8, 0x01, 0xfe, 0x00, 0x00, 0x00, 0x00, 0x00, 0x00, 0x00, 0x00, 0x00, 0x00, 0x00, 0x00, 0x1f, 0x80, 0x11, 0xf0, 0x1e, 0x02, 0x00,
    0x00, 0x00, 0x00, 0x1f, 0xff, 0xf0, 0xe0, 0x00, 0x03, 0x7f, 0xff, 0xff, 0xff, 0x83, 0xf0, 0x01, 0xfe, 0x00, 0x00, 0x00, 0x00, 0x00, 0x00, 0x00,
    0x00, 0x00, 0x00, 0x00, 0x00, 0x3f, 0x00, 0x33, 0xf0, 0x1c, 0x06, 0x00, 0x00, 0x00, 0x00, 0x07, 0xff, 0xf0, 0xe0, 0x00, 0x03, 0x7f, 0xff, 0xff,
    0xff, 0x87, 0xf0, 0x01, 0xfc, 0x00, 0x00, 0x00, 0x00, 0x00, 0x00, 0x00, 0x00, 0x00, 0x00, 0x00, 0x00, 0x3f, 0x00, 0x63, 0xf0, 0x1c, 0x04, 0x00,
    0x00, 0x00, 0x00, 0x00, 0xff, 0xf0, 0xe0, 0x00, 0x03, 0xff, 0xff, 0xff, 0xff, 0x87, 0xf0, 0x01, 0xfc, 0x00, 0x00, 0x00, 0x00, 0x00, 0x00, 0x00,
    0x00, 0x00, 0x00, 0x00, 0x00, 0x3e, 0x00, 0xc7, 0xf0, 0x1c, 0x0c, 0x00, 0x0c, 0x00, 0x00, 0x00, 0x3f, 0xf0, 0xe1, 0xc0, 0x03, 0xff, 0xff, 0xff,
    0xff, 0x87, 0xf0, 0x03, 0xfc, 0x00, 0x00, 0x00, 0x00, 0x00, 0x00, 0x00, 0x00, 0x00, 0x00, 0x00, 0x00, 0x7c, 0x01, 0xc7, 0xf0, 0x1c, 0x0c, 0x00,
    0x0f, 0x00, 0x00, 0x00, 0x0f, 0xf0, 0xe1, 0xe0, 0x03, 0xff, 0xff, 0xff, 0xff, 0x87, 0xe0, 0x03, 0xf8, 0x00, 0x00, 0x00, 0x00, 0x00, 0x00, 0x00,
    0x00, 0x00, 0x00, 0x00, 0x00, 0x78, 0x01, 0xc7, 0xf0, 0x1c, 0x1c, 0x00, 0x0f, 0xf0, 0x00, 0x00, 0x03, 0xf0, 0xe1, 0xe0, 0x03, 0xff, 0xff, 0xff,
    0xff, 0x0f, 0xe0, 0x03, 0xf8, 0x00, 0x00, 0x00, 0x00, 0x00, 0x00, 0x00, 0x00, 0x00, 0x00, 0x00, 0x00, 0xf0, 0x03, 0x8f, 0xf0, 0x18, 0x1c, 0x00,
    0x1f, 0xfc, 0x00, 0x00, 0x00, 0x70, 0xe1, 0xc0, 0x03, 0xff, 0xff, 0xff, 0xff, 0x8f, 0xe0, 0x07, 0xf8, 0x00, 0x00, 0x00, 0x00, 0x00, 0x00, 0x00,
    0x00, 0x00, 0x00, 0x00, 0x00, 0xf0, 0x07, 0x8f, 0xf0, 0x18, 0x18, 0x00, 0x1e, 0x3f, 0x80, 0x00, 0x00, 0x10, 0xe0, 0x00, 0x03, 0xff, 0xff, 0xff,
    0xff, 0xcf, 0xc0, 0x07, 0xf8, 0x00, 0x00, 0x00, 0x00, 0x00, 0x00, 0x00, 0x00, 0x00, 0x00, 0x00, 0x00, 0xe0, 0x07, 0x8f, 0xf0, 0x18, 0x18, 0x00,
    0x1e, 0x03, 0xe0, 0x00, 0x00, 0x00, 0xe0, 0x00, 0x03, 0xff, 0xff, 0xff, 0xff, 0xef, 0xc0, 0x07, 0xf0, 0x00, 0x00, 0x00, 0x00, 0x00, 0x00, 0x00,
    0x00, 0x00, 0x00, 0x00, 0x00, 0xc0, 0x0f, 0x8f, 0xf8, 0x18, 0x38, 0x00, 0x1e, 0x00, 0x7c, 0x00, 0x00, 0x00, 0xf8, 0x00, 0x03, 0xff, 0xff, 0xff,
    0xff, 0xff, 0xc0, 0x0f, 0xf0, 0x00, 0x00, 0x00, 0x00, 0x00, 0x00, 0x00, 0x00, 0x00, 0x00, 0x00, 0x01, 0xc0, 0x1f, 0x8f, 0xf8, 0x18, 0x3c, 0x00,
    0x1c, 0x00, 0x1f, 0x00, 0x00, 0x00, 0xfe, 0x00, 0x03, 0xff, 0xff, 0xff, 0xff, 0xff, 0xc0, 0x0f, 0xf0, 0x00, 0x00, 0x00, 0x00, 0x00, 0x00, 0x00,
    0x00, 0x00, 0x00, 0x00, 0x01, 0x80, 0x1f, 0x0f, 0xf8, 0x08, 0x3c, 0x00, 0x00, 0x00, 0x03, 0x80, 0x00, 0x00, 0x3f, 0x80, 0x01, 0xff, 0xff, 0xff,
    0xff, 0xff, 0x80, 0x0f, 0xe0, 0x00, 0x00, 0x00, 0x00, 0x00, 0x00, 0x00, 0x00, 0x00, 0x00, 0x00, 0x01, 0x80, 0x3f, 0x0f, 0xf8, 0x0c, 0x3c, 0x00,
    0x00, 0x00, 0x00, 0x00, 0x00, 0x00, 0x0f, 0xe0, 0x00, 0xff, 0xff, 0xff, 0xff, 0xff, 0x80, 0x0f, 0xe0, 0x00, 0x00, 0x00, 0x00, 0x00, 0x00, 0x00,
    0x00, 0x00, 0x00, 0x00, 0x01, 0x00, 0x3f, 0x0f, 0xfc, 0x0c, 0x3c, 0x00, 0x00, 0x00, 0x00, 0x0e, 0x00, 0x00, 0x03, 0xf8, 0x00, 0x7f, 0xff, 0xff,
    0xff, 0xff, 0x80, 0x1f, 0xe0, 0x00, 0x00, 0x00, 0x00, 0x00, 0x00, 0x00, 0x00, 0x00, 0x00, 0x00, 0x01, 0x00, 0x3f, 0x0f, 0xfc, 0x04, 0x3c, 0x01,
    0xc0, 0x00, 0x00, 0x0f, 0x80, 0x00, 0x00, 0xfe, 0x00, 0x3f, 0xff, 0xff, 0xff, 0xff, 0x80, 0x1f, 0xe0, 0x00, 0x00, 0x00, 0x00, 0x00, 0x00, 0x00,
    0x00, 0x00, 0x00, 0x00, 0x02, 0x00, 0x7f, 0x0f, 0xfe, 0x04, 0x3e, 0x03, 0xfc, 0x00, 0x00, 0x0f, 0xe0, 0x00, 0x00, 0x3f, 0xc0, 0x1f, 0xff, 0xff,
    0xff, 0xff, 0xc0, 0x1f, 0xc0, 0x00, 0x00, 0x00, 0x00, 0x00, 0x00, 0x00, 0x00, 0x00, 0x00, 0x00, 0x00, 0x00, 0x7f, 0x0f, 0xfe, 0x00, 0x3e, 0x07,
    0xff, 0xc0, 0x00, 0x0f, 0xf8, 0x00, 0x00, 0x0f, 0xf0, 0x07, 0xff, 0xff, 0xff, 0xff, 0xe0, 0x3f, 0xc0, 0x00, 0x00, 0x00, 0x00, 0x00, 0x00, 0x00,
    0x00, 0x00, 0x00, 0x00, 0x00, 0x00, 0x7f, 0x0f, 0xff, 0x00, 0x3f, 0x07, 0x87, 0xf8, 0x00, 0x0f, 0x3e, 0x00, 0x00, 0x03, 0xfc, 0x03, 0xff, 0xff,
    0xff, 0xff, 0xf0, 0x3f, 0xc0, 0x00, 0x00, 0x00, 0x00, 0x00, 0x00, 0x00, 0x00, 0x00, 0x00, 0x00, 0x00, 0x00, 0xff, 0x0f, 0xff, 0x00, 0x1f, 0x03,
    0x00, 0x7f, 0x00, 0x0f, 0x0f, 0x80, 0x00, 0x00, 0xff, 0x01, 0xff, 0xff, 0xff, 0xff, 0xf8, 0x3f, 0x80, 0x00, 0x00, 0x00, 0x00, 0x00, 0x00, 0x00,
    0x00, 0x00, 0x00, 0x00, 0x00, 0x00, 0xff, 0x0f, 0xff, 0x80, 0x1f, 0x80, 0x00, 0x0f, 0xe0, 0x07, 0x07, 0xe0, 0x00, 0x00, 0x3f, 0xc0, 0x7f, 0xff,
    0xff, 0xff, 0xfc, 0x3f, 0x80, 0x00, 0x00, 0x00, 0x00, 0x00, 0x00, 0x00, 0x00, 0x00, 0x00, 0x00, 0x00, 0x00, 0xf7, 0x07, 0xff, 0xc0, 0x1f, 0x80,
    0x00, 0x01, 0xf8, 0x01, 0x87, 0xf8, 0x00, 0x00, 0x07, 0xf0, 0x3f, 0xff, 0xff, 0xff, 0xfc, 0x7f, 0x80, 0x00, 0x00, 0x00, 0x00, 0x00, 0x00, 0x00,
    0x00, 0x00, 0x00, 0x00, 0x00, 0x00, 0xf3, 0x87, 0xff, 0xe0, 0x0f, 0xc0, 0x00, 0x00, 0x70, 0x00, 0xff, 0xfe, 0x00, 0x00, 0x01, 0xfc, 0x1f, 0xff,
    0xff, 0xff, 0xfc, 0x7f, 0x80, 0x00, 0x00, 0x00, 0x00, 0x00, 0x00, 0x00, 0x00, 0x00, 0x00, 0x00, 0x00, 0x00, 0xf3, 0x87, 0xff, 0xe0, 0x0f, 0xe0,
    0x30, 0x00, 0xe1, 0xc0, 0x3f, 0xff, 0x80, 0x00, 0x00, 0x7f, 0x07, 0xff, 0xff, 0xff, 0xf8, 0x7f, 0x00, 0x00, 0x00, 0x00, 0x00, 0x00, 0x00, 0x00,
    0x00, 0x00, 0x00, 0x00, 0x00, 0x01, 0xf3, 0x83, 0xff, 0xf0, 0x07, 0xf0, 0x18, 0x01, 0xe1, 0xf0, 0x0f, 0xff, 0xc0, 0x00, 0x00, 0x1f, 0xc3, 0xff,
    0xff, 0xff, 0xf8, 0x7f, 0x00, 0x00, 0x00, 0x00, 0x00, 0x00, 0x00, 0x00, 0x00, 0x00, 0x00, 0x00, 0x00, 0x01, 0xf3, 0x83, 0xff, 0xf8, 0x07, 0xf8,
    0x00, 0x01, 0xc3, 0xfc, 0x03, 0xff, 0xf0, 0x00, 0x00, 0x07, 0xf8, 0xff, 0xff, 0xff, 0xf8, 0xff, 0x00, 0x00, 0x00, 0x00, 0x00, 0x00, 0x00, 0x00,
    0x00, 0x00, 0x00, 0x00, 0x00, 0x01, 0xf1, 0x81, 0xff, 0xfe, 0x03, 0xfc, 0x00, 0x03, 0x87, 0xff, 0x01, 0xff, 0xf8, 0x00, 0x00, 0x01, 0xfe, 0x7f,
    0xff, 0xff, 0xf8, 0xff, 0x00, 0x00, 0x00, 0x00, 0x00, 0x00, 0x00, 0x00, 0x00, 0x00, 0x00, 0x00, 0x00, 0x01, 0xf1, 0xc1, 0xff, 0xff, 0x01, 0xff,
    0x00, 0x07, 0x87, 0xff, 0xc0, 0x7f, 0xfe, 0x00, 0x00, 0x00, 0x7f, 0x9f, 0xff, 0xff, 0xf0, 0xfe, 0x00, 0x00, 0x00, 0x00, 0x00, 0x00, 0x00, 0x00,
    0x00, 0x00, 0x00, 0x00, 0x00, 0x01, 0xe0, 0xc0, 0xff, 0xff, 0x80, 0xff, 0x80, 0x07, 0x0f, 0xff, 0xf0, 0x1f, 0xff, 0x00, 0x00, 0x00, 0x0f, 0xe7,
    0xff, 0xff, 0xf0, 0xfe, 0x00, 0x00, 0x00, 0x00, 0x00, 0x00, 0x00, 0x00, 0x00, 0x00, 0x00, 0x00, 0x00, 0x01, 0xf0, 0xe0, 0x7f, 0xff, 0xe0, 0x7f,
    0xe0, 0x00, 0x1f, 0xff, 0xfc, 0x07, 0xff, 0x80, 0x00, 0x00, 0x03, 0xfb, 0xff, 0xff, 0xf0, 0xfe, 0x00, 0x00, 0x00, 0x00, 0x00, 0x00, 0x00, 0x00,
    0x00, 0x00, 0x00, 0x00, 0x00, 0x01, 0xe0, 0x60, 0x7f, 0xff, 0xf8, 0x3f, 0xf8, 0x00, 0x0f, 0xff, 0xfe, 0x03, 0xff, 0xe0, 0x00, 0x00, 0x00, 0xff,
    0xff, 0xff, 0xf1, 0xfe, 0x00, 0x00, 0x00, 0x00, 0x00, 0x00, 0x00, 0x00, 0x00, 0x00, 0x00, 0x00, 0x00, 0x01, 0xf0, 0x30, 0x3f, 0xff, 0xfe, 0x0f,
    0xfe, 0x00, 0x00, 0x7f, 0xff, 0x80, 0xff, 0xf0, 0x00, 0x00, 0x00, 0x3f, 0xff, 0xff, 0xe1, 0xfe, 0x00, 0x00, 0x00, 0x00, 0x00, 0x00, 0x00, 0x00,
    0x00, 0x00, 0x00, 0x00, 0x00, 0x01, 0xf0, 0x10, 0x1f, 0xff, 0xff, 0xc7, 0xff, 0xc0, 0x00, 0x0f, 0xff, 0xe0, 0x3f, 0xf8, 0x00, 0x00, 0x00, 0x0f,
    0xff, 0xff, 0xe1, 0x8c, 0x00, 0x00, 0x00, 0x00, 0x00, 0x00, 0x00, 0x00, 0x00, 0x00, 0x00, 0x00, 0x00, 0x01, 0xf0, 0x08, 0x0f, 0xff, 0xff, 0xff,
    0xff, 0xfc, 0x00, 0x03, 0xff, 0xf8, 0x0f, 0xfc, 0x00, 0x00, 0x00, 0x01, 0xff, 0xff, 0xe1, 0xa4, 0x00, 0x00, 0x00, 0x00, 0x00, 0x00, 0x00, 0x00,
    0x00, 0x00, 0x00, 0x00, 0x00, 0x00, 0xf0, 0x00, 0x07, 0xff, 0xff, 0xff, 0xff, 0xff, 0xc0, 0x00, 0xff, 0xfc, 0x03, 0xfe, 0x00, 0x00, 0x00, 0x00,
    0x7f, 0xff, 0xe3, 0x34, 0x00, 0x00, 0x00, 0x00, 0x00, 0x00, 0x00, 0x00, 0x00, 0x00, 0x00, 0x00, 0x00, 0x00, 0xf0, 0x00, 0x03, 0xff, 0xff, 0xff,
    0xff, 0xff, 0xfc, 0x00, 0x3f, 0xff, 0x01, 0xff, 0x80, 0x00, 0x00, 0x00, 0x1f, 0xff, 0xc3, 0x04, 0x00, 0x00, 0x00, 0x00, 0x00, 0x00, 0x00, 0x00,
    0x00, 0x00, 0x00, 0x00, 0x00, 0x00, 0xf0, 0x00, 0x00, 0xff, 0xff, 0xff, 0xff, 0xff, 0xff, 0x80, 0x1f, 0xff, 0xc0, 0x7f, 0xc0, 0x00, 0x00, 0x00,
    0x07, 0xff, 0xc3, 0x8c, 0x00, 0x00, 0x00, 0x00, 0x00, 0x00, 0x00, 0x00, 0x00, 0x00, 0x00, 0x00, 0x00, 0x00, 0xf0, 0x00, 0x00, 0x7f, 0xff, 0xff,
    0xff, 0xff, 0xff, 0xf0, 0x0f, 0xff, 0xe0, 0x1f, 0xf0, 0x00, 0x00, 0x00, 0x01, 0xff, 0xc3, 0xf8, 0x00, 0x00, 0x00, 0x00, 0x00, 0x00, 0x00, 0x00,
    0x00, 0x00, 0x00, 0x00, 0x00, 0x00, 0xf8, 0x00, 0x00, 0x1f, 0xff, 0xff, 0xff, 0xff, 0xff, 0xfc, 0x07, 0xff, 0xf8, 0x0f, 0xf8, 0x00, 0x00, 0x00,
    0x00, 0x7f, 0xc7, 0xf8, 0x00, 0x00, 0x00, 0x00, 0x00, 0x00, 0x00, 0x00, 0x00, 0x00, 0x00, 0x00, 0x00, 0x00, 0x78, 0x00, 0x00, 0x07, 0xff, 0xff,
    0xff, 0xf8, 0x01, 0xff, 0x03, 0xff, 0xfe, 0x03, 0xfc, 0x00, 0x00, 0x00, 0x00, 0x0f, 0xc7, 0xf8, 0x00, 0x00, 0x00, 0x00, 0x00, 0x00, 0x00, 0x00,
    0x00, 0x00, 0x00, 0x00, 0x00, 0x00, 0x78, 0x00, 0x00, 0x01, 0xff, 0xff, 0xff, 0xfe, 0x00, 0x07, 0x81, 0xff, 0xff, 0x00, 0xff, 0x00, 0x00, 0x00,
    0x00, 0x03, 0x87, 0xf8, 0x00, 0x00, 0x00, 0x00, 0x00, 0x00, 0x00, 0x00, 0x00, 0x00, 0x00, 0x00, 0x00, 0x00, 0x78, 0x00, 0x00, 0x00, 0x3f, 0xff,
    0xff, 0xff, 0xc0, 0x00, 0xc0, 0xff, 0xff, 0xc0, 0x3f, 0x80, 0x00, 0x00, 0x00, 0x00, 0x87, 0xf8, 0x00, 0x00, 0x00, 0x00, 0x00, 0x00, 0x00, 0x00,
    0x00, 0x00, 0x00, 0x00, 0x00, 0x00, 0x3c, 0x01, 0x80, 0x00, 0x03, 0xff, 0xff, 0xff, 0xf0, 0x00, 0x00, 0xff, 0xff, 0xf0, 0x1f, 0xc0, 0x00, 0x00,
    0x00, 0x00, 0x07, 0xf0, 0x00, 0x00, 0x00, 0x00, 0x00, 0x00, 0x00, 0x00, 0x00, 0x00, 0x00, 0x00, 0x00, 0x00, 0x3c, 0x00, 0xc0, 0x00, 0x00, 0x07,
    0xff, 0xff, 0xfc, 0x00, 0x00, 0x7f, 0xff, 0xfc, 0x07, 0xf0, 0x00, 0x00, 0x00, 0x00, 0x07, 0xf0, 0x00, 0x00, 0x00, 0x00, 0x00, 0x00, 0x00, 0x00,
    0x00, 0x00, 0x00, 0x00, 0x00, 0x00, 0x1e, 0x00, 0x60, 0x00, 0x00, 0x00, 0x03, 0xff, 0xff, 0x00, 0x00, 0x3f, 0xff, 0xfe, 0x01, 0xf8, 0x00, 0x00,
    0x00, 0x00, 0x03, 0xf0, 0x00, 0x00, 0x00, 0x00, 0x00, 0x00, 0x00, 0x00, 0x00, 0x00, 0x00, 0x00, 0x00, 0x00, 0x1e, 0x00, 0x30, 0x00, 0x00, 0x00,
    0x00, 0x1f, 0xff, 0x80, 0x00, 0x3f, 0xff, 0xff, 0x80, 0x7e, 0x00, 0x00, 0x00, 0x00, 0x00, 0xf0, 0x00, 0x00, 0x00, 0x00, 0x00, 0x00, 0x00, 0x00,
    0x00, 0x00, 0x00, 0x00, 0x00, 0x00, 0x0f, 0x00, 0x3c, 0x00, 0x00, 0x00, 0x00, 0x01, 0xff, 0xe0, 0x60, 0x3f, 0xff, 0xff, 0xe0, 0x1f, 0x00, 0x00,
    0x00, 0x00, 0x00, 0x30, 0x00, 0x00, 0x00, 0x00, 0x00, 0x00, 0x00, 0x00, 0x00, 0x00, 0x00, 0x00, 0x00, 0x00, 0x07, 0x00, 0x1e, 0x00, 0x00, 0x00,
    0x00, 0x00, 0x7f, 0xf0, 0x38, 0x1f, 0xff, 0xff, 0xf8, 0x03, 0xc0, 0x00, 0x00, 0x00, 0x00, 0x00, 0x00, 0x00, 0x00, 0x00, 0x00, 0x00, 0x00, 0x00,
    0x00, 0x00, 0x00, 0x00, 0x00, 0x00, 0x07, 0x80, 0x0f, 0xc0, 0x00, 0x00, 0x00, 0x00, 0x0f, 0xf8, 0x1c, 0x1f, 0xff, 0xff, 0xfe, 0x00, 0xf0, 0x00,
    0x00, 0x00, 0x00, 0x00, 0x00, 0x00, 0x00, 0x00, 0x00, 0x00, 0x00, 0x00, 0x00, 0x00, 0x00, 0x00, 0x00, 0x00, 0x03, 0xc0, 0x07, 0xf0, 0x00, 0x00,
    0x00, 0x00, 0x03, 0xfc, 0x0f, 0x1f, 0xff, 0xff, 0xff, 0x80, 0x3c, 0x00, 0x00, 0x00, 0x00, 0x00, 0x00, 0x00, 0x00, 0x00, 0x00, 0x00, 0x00, 0x00,
    0x00, 0x00, 0x00, 0x00, 0x00, 0x00, 0x01, 0xc0, 0x03, 0xfc, 0x00, 0x07, 0xff, 0xff, 0x81, 0xfe, 0x07, 0x9f, 0xff, 0xff, 0xff, 0xe0, 0x07, 0x00,
    0x00, 0x00, 0x00, 0x00, 0x00, 0x00, 0x00, 0x00, 0x00, 0x00, 0x00, 0x00, 0x00, 0x00, 0x00, 0x00, 0x00, 0x00, 0x00, 0xe0, 0x01, 0xff, 0xc0, 0x00,
    0x3f, 0xff, 0xf8, 0x7f, 0x03, 0xcf, 0xff, 0xff, 0xff, 0xf8, 0x00, 0x00, 0x00, 0x00, 0x00, 0x00, 0x00, 0x00, 0x00, 0x00, 0x00, 0x00, 0x00, 0x00,
    0x00, 0x00, 0x00, 0x00, 0x00, 0x00, 0x00, 0x70, 0x00, 0x7f, 0xfc, 0x00, 0x03, 0xff, 0xfe, 0x3f, 0x81, 0xff, 0xff, 0xff, 0xff, 0xfe, 0x00, 0x00,
    0x00, 0x00, 0x00, 0x00, 0x00, 0x00, 0x00, 0x00, 0x00, 0x00, 0x00, 0x00, 0x00, 0x00, 0x00, 0x00, 0x00, 0x00, 0x00, 0x38, 0x00, 0x1f, 0xff, 0xe0,
    0x00, 0x7f, 0xff, 0x9f, 0x80, 0xff, 0xff, 0xff, 0xff, 0xff, 0xc0, 0x00, 0x00, 0x00, 0x00, 0x00, 0x00, 0x00, 0x00, 0x00, 0x00, 0x00, 0x00, 0x00,
    0x00, 0x00, 0x00, 0x00, 0x00, 0x00, 0x00, 0x1c, 0x00, 0x07, 0xff, 0xfe, 0x00, 0x0f, 0xff, 0xef, 0xc0, 0x7f, 0xff, 0xff, 0xff, 0xff, 0xf8, 0x00,
    0x00, 0x00, 0x00, 0x00, 0x00, 0x00, 0x00, 0x00, 0x00, 0x00, 0x00, 0x00, 0x00, 0x00, 0x00, 0x00, 0x00, 0x00, 0x00, 0x0e, 0x00, 0x00, 0xff, 0xff,
    0xe0, 0x03, 0xff, 0xf7, 0xe0, 0x1f, 0xff, 0xdf, 0xff, 0xff, 0xff, 0x00, 0x30, 0x00, 0x00, 0x00, 0x00, 0x00, 0x00, 0x00, 0x00, 0x00, 0x00, 0x00,
    0x00, 0x00, 0x00, 0x00, 0x00, 0x00, 0x00, 0x07, 0x00, 0x00, 0x03, 0xff, 0xf8, 0x01, 0xff, 0xff, 0xe0, 0x0f, 0xff, 0x07, 0xff, 0xff, 0xff, 0xe0,
    0x30, 0x00, 0x00, 0x00, 0x00, 0x00, 0x00, 0x00, 0x00, 0x00, 0x00, 0x00, 0x00, 0x00, 0x00, 0x00, 0x00, 0x00, 0x00, 0x01, 0x80, 0x00, 0x00, 0x00,
    0x06, 0x00, 0x7f, 0xff, 0xf0, 0x07, 0xff, 0x33, 0xff, 0xff, 0xff, 0xff, 0xf8, 0x00, 0x00, 0x00, 0x00, 0x00, 0x00, 0x00, 0x00, 0x00, 0x00, 0x00,
    0x00, 0x00, 0x00, 0x00, 0x00, 0x00, 0x00, 0x00, 0xc0, 0x00, 0x00, 0x00, 0x00, 0x00, 0x3f, 0xff, 0xf0, 0x03, 0xfe, 0x73, 0xff, 0xff, 0xff, 0xff,
    0xf8, 0x00, 0x00, 0x00, 0x00, 0x00, 0x00, 0x00, 0x00, 0x00, 0x00, 0x00, 0x00, 0x00, 0x00, 0x00, 0x00, 0x00, 0x00, 0x00, 0x60, 0x00, 0x00, 0x00,
    0x00, 0x00, 0x0f, 0xbf, 0xf8, 0x01, 0xff, 0x33, 0xff, 0xff, 0xff, 0xff, 0xfc, 0x00, 0x00, 0x00, 0x00, 0x00, 0x00, 0x00, 0x00, 0x00, 0x00, 0x00,
    0x00, 0x00, 0x00, 0x00, 0x00, 0x00, 0x00, 0x00, 0x00, 0x00, 0x00, 0x00, 0x00, 0x00, 0x07, 0xdf, 0xf8, 0x00, 0x7f, 0x07, 0xff, 0xff, 0xff, 0xff,
    0xfc, 0x00, 0x00, 0x00, 0x00, 0x00, 0x00, 0x00, 0x00, 0x00, 0x00, 0x00, 0x00, 0x00, 0x00, 0x00, 0x00, 0x00, 0x00, 0x00, 0x00, 0x00, 0x00, 0x00,
    0x00, 0x00, 0x03, 0xcf, 0xf8, 0x00, 0x3f, 0xcf, 0xff, 0xff, 0xff, 0xff, 0xfe, 0x00, 0x00, 0x00, 0x00, 0x00, 0x00, 0x00, 0x00, 0x00, 0x00, 0x00,
    0x00, 0x00, 0x00, 0x00, 0x00, 0x00, 0x00, 0x00, 0x00, 0x00, 0x00, 0x00, 0x00, 0x00, 0x01, 0xe7, 0xfc, 0x00, 0x1f, 0xff, 0xff, 0xff, 0xff, 0xff,
    0xfe, 0x00, 0x00, 0x00, 0x00, 0x00, 0x00, 0x00, 0x00, 0x00, 0x00, 0x00, 0x00, 0x00, 0x00, 0x00, 0x00, 0x00, 0x00, 0x00, 0x00, 0x00, 0x00, 0x00,
    0x00, 0x00, 0x00, 0xe7, 0xfc, 0x00, 0x0f, 0xff, 0xff, 0xff, 0xff, 0xff, 0xfe, 0x00, 0x00, 0x00, 0x00, 0x00, 0x00, 0x00, 0x00, 0x00, 0x00, 0x00,
    0x00, 0x00, 0x00, 0x00, 0x00, 0x00, 0x00, 0x00, 0x00, 0x00, 0x00, 0x00, 0x00, 0x60, 0x00, 0x73, 0xfc, 0x00, 0x03, 0xff, 0xff, 0xff, 0xff, 0xff,
    0xff, 0x00, 0x00, 0x00, 0x00, 0x00, 0x00, 0x00, 0x00, 0x00, 0x00, 0x00, 0x00, 0x00, 0x00, 0x00, 0x00, 0x00, 0x00, 0x00, 0x00, 0x00, 0x00, 0x00,
    0x00, 0x1c, 0x00, 0x71, 0xfc, 0x00, 0x01, 0xff, 0xff, 0xff, 0xff, 0xff, 0xff, 0x00, 0x00, 0x00, 0x00, 0x00, 0x00, 0x00, 0x00, 0x00, 0x00, 0x00,
    0x00, 0x00, 0x00, 0x00, 0x00, 0x00, 0x00, 0x00, 0x00, 0x00, 0x00, 0x00, 0x00, 0x0e, 0x00, 0x39, 0xfc, 0x00, 0x00, 0xff, 0xff, 0xff, 0xff, 0xff,
    0xff, 0x80, 0x00, 0x00, 0x00, 0x00, 0x00, 0x00, 0x00, 0x00, 0x00, 0x00, 0x00, 0x00, 0x00, 0x00, 0x00, 0x00, 0x00, 0x00, 0x00, 0x00, 0x00, 0x00,
    0x00, 0x07, 0x80, 0x38, 0xfc, 0x00, 0x00, 0x3f, 0xff, 0xff, 0xff, 0xff, 0xff, 0x80, 0x00, 0x00, 0x00, 0x00, 0x00, 0x00, 0x00, 0x00, 0x00, 0x00,
    0x00, 0x00, 0x00, 0x00, 0x00, 0x00, 0x00, 0x00, 0x00, 0x00, 0x00, 0x00, 0x00, 0x03, 0xc0, 0x18, 0xfe, 0x00, 0x00, 0x1f, 0xff, 0xff, 0xff, 0xff,
    0xff, 0xc0, 0x00, 0x00, 0x00, 0x00, 0x00, 0x00, 0x00, 0x00, 0x00, 0x00, 0x00, 0x00, 0x00, 0x00, 0x00, 0x00, 0x00, 0x00, 0x00, 0x00, 0x00, 0x00,
    0x00, 0x01, 0xe0, 0x18, 0xfe, 0x00, 0x00, 0x07, 0xff, 0xff, 0xff, 0xff, 0xff, 0xc0, 0x00, 0x00, 0x00, 0x00, 0x00, 0x00, 0x00, 0x00, 0x00, 0x00,
    0x00, 0x00, 0x00, 0x00, 0x00, 0x00, 0x00, 0x00, 0x00, 0x00, 0x00, 0x00, 0x00, 0x00, 0xf0, 0x08, 0x7e, 0x00, 0x00, 0x03, 0xff, 0xff, 0x87, 0xff,
    0xff, 0xe0, 0x00, 0x00, 0x00, 0x00, 0x00, 0x00, 0x00, 0x00, 0x00, 0x00, 0x00, 0x00, 0x00, 0x00, 0x00, 0x00, 0x00, 0x00, 0x00, 0x00, 0x00, 0x00,
    0x00, 0x00, 0xf8, 0x0c, 0x7e, 0x00, 0x00, 0x00, 0xff, 0xff, 0x33, 0xff, 0xff, 0xe0, 0x00, 0x00, 0x00, 0x00, 0x00, 0x00, 0x00, 0x00, 0x00, 0x00,
    0x00, 0x00, 0x00, 0x00, 0x00, 0x00, 0x00, 0x00, 0x00, 0x00, 0x00, 0x00, 0x00, 0x00, 0x78, 0x0c, 0x7e, 0x00, 0x00, 0x00, 0x7f, 0xff, 0x33, 0xff,
    0xff, 0xe0, 0x00, 0x00, 0x00, 0x00, 0x00, 0x00, 0x00, 0x00, 0x00, 0x00, 0x00, 0x00, 0x00, 0x00, 0x00, 0x00, 0x00, 0x00, 0x00, 0x00, 0x00, 0x00,
    0x00, 0x00, 0x7c, 0x08, 0x7c, 0x00, 0x00, 0x00, 0x1f, 0xff, 0x33, 0xff, 0xff, 0xf0, 0x00, 0x00, 0x00, 0x00, 0x00, 0x00, 0x00, 0x00, 0x00, 0x00,
    0x00, 0x00, 0x00, 0x00, 0x00, 0x00, 0x00, 0x00, 0x00, 0x00, 0x00, 0x00, 0x00, 0x00, 0x3c, 0x08, 0x7c, 0x00, 0x00, 0x00, 0x07, 0xff, 0x07, 0xff,
    0xff, 0xf0, 0x00, 0x00, 0x00, 0x00, 0x00, 0x00, 0x00, 0x00, 0x00, 0x00, 0x00, 0x00, 0x00, 0x00, 0x00, 0x00, 0x00, 0x00, 0x00, 0x00, 0x00, 0x00,
    0x00, 0x00, 0x3e, 0x00, 0x7c, 0x00, 0x00, 0x00, 0x03, 0xff, 0xcf, 0xff, 0xf9, 0xf8, 0x00, 0x00, 0x00, 0x00, 0x00, 0x00, 0x00, 0x00, 0x00, 0x00,
    0x00, 0x00, 0x00, 0x00, 0x00, 0x00, 0x00, 0x00, 0x00, 0x00, 0x00, 0x00, 0x00, 0x00, 0x3e, 0x00, 0x7c, 0x00, 0x00, 0x00, 0x00, 0xff, 0xff, 0xff,
    0xf0, 0x78, 0x00, 0x00, 0x00, 0x00, 0x00, 0x00, 0x00, 0x00, 0x00, 0x00, 0x00, 0x00, 0x00, 0x00, 0x00, 0x00, 0x00, 0x00, 0x00, 0x00, 0x00, 0x00,
    0x00, 0x00, 0x3e, 0x00, 0x7c, 0x00, 0x00, 0x00, 0x00, 0x3f, 0xff, 0xff, 0xe6, 0x7c, 0x00, 0x00, 0x00, 0x00, 0x00, 0x00, 0x00, 0x00, 0x00, 0x00,
    0x00, 0x00, 0x00, 0x00, 0x00, 0x00, 0x00, 0x00, 0x00, 0x00, 0x00, 0x00, 0x00, 0x00, 0x3f, 0x00, 0x78, 0x00, 0x00, 0x00, 0x00, 0x0f, 0xff, 0xff,
    0xe7, 0x3c, 0x00, 0x00, 0x00, 0x00, 0x00, 0x00, 0x00, 0x00, 0x00, 0x00, 0x00, 0x00, 0x00, 0x00, 0x00, 0x00, 0x00, 0x00, 0x00, 0x00, 0x00, 0x00,
    0x00, 0x00, 0x3f, 0x00, 0x78, 0x00, 0x00, 0x00, 0x00, 0x03, 0xff, 0xff, 0xe2, 0x7e, 0x00, 0x00, 0x00, 0x00, 0x00, 0x00, 0x00, 0x00, 0x00, 0x00,
    0x00, 0x00, 0x00, 0x00, 0x00, 0x00, 0x00, 0x00, 0x00, 0x00, 0x00, 0x00, 0x00, 0x00, 0x3f, 0x00, 0x78, 0x00, 0x00, 0x00, 0x00, 0x00, 0xff, 0xff,
    0xf0, 0x7e, 0x00, 0x00, 0x00, 0x00, 0x00, 0x00, 0x00, 0x00, 0x00, 0x00, 0x00, 0x00, 0x00, 0x00, 0x00, 0x00, 0x00, 0x00, 0x00, 0x00, 0x00, 0x00,
    0x00, 0x00, 0x3f, 0x00, 0x70, 0x00, 0x00, 0x00, 0x00, 0x00, 0x1f, 0xff, 0xf9, 0xfe, 0x00, 0x00, 0x00, 0x00, 0x00, 0x00, 0x00, 0x00, 0x00, 0x00,
    0x00, 0x00, 0x00, 0x00, 0x00, 0x00, 0x00, 0x00, 0x00, 0x00, 0x00, 0x00, 0x00, 0x00, 0x3f, 0x00, 0xf0, 0x00, 0x00, 0x00, 0x00, 0x00, 0x07, 0xff,
    0xff, 0xff, 0x00, 0x00, 0x00, 0x00, 0x00, 0x00, 0x00, 0x00, 0x00, 0x00, 0x00, 0x00, 0x00, 0x00, 0x00, 0x00, 0x00, 0x00, 0x00, 0x00, 0x00, 0x00,
    0x00, 0x00, 0x3f, 0x00, 0xe0, 0x00, 0x00, 0x00, 0x00, 0x00, 0x00, 0xff, 0xff, 0xff, 0x00, 0x00, 0x00, 0x00, 0x00, 0x00, 0x00, 0x00, 0x00, 0x00,
    0x00, 0x00, 0x00, 0x00, 0x00, 0x00, 0x00, 0x00, 0x00, 0x00, 0x00, 0x00, 0x00, 0x00, 0x7f, 0x00, 0xc0, 0x00, 0x00, 0x00, 0x00, 0x00, 0x00, 0x1f,
    0xff, 0xff, 0x80, 0x00, 0x00, 0x00, 0x00, 0x00, 0x00, 0x00, 0x00, 0x00, 0x00, 0x00, 0x00, 0x00, 0x00, 0x00, 0x00, 0x00, 0x00, 0x00, 0x00, 0x00,
    0x00, 0x00, 0x7e, 0x01, 0xc0, 0x00, 0x00, 0x00, 0x00, 0x00, 0x00, 0x03, 0xff, 0xff, 0x80, 0x00, 0x00, 0x00, 0x00, 0x00, 0x00, 0x00, 0x00, 0x00,
    0x00, 0x00, 0x00, 0x00, 0x00, 0x00, 0x00, 0x00, 0x00, 0x00, 0x00, 0x00, 0x00, 0x00, 0xfe, 0x01, 0x80, 0x00, 0x00, 0x00, 0x00, 0x00, 0x00, 0x00,
    0x3f, 0xff, 0xc0, 0x00, 0x00, 0x00, 0x00, 0x00, 0x00, 0x00, 0x00, 0x00, 0x00, 0x00, 0x00, 0x00, 0x00, 0x00, 0x00, 0x00, 0x00, 0x00, 0x00, 0x00,
    0x00, 0x01, 0xfc, 0x03, 0x00, 0x00, 0x00, 0x00, 0x00, 0x00, 0x00, 0x00, 0x01, 0xff, 0xc0, 0x00, 0x00, 0x00, 0x00, 0x00, 0x00, 0x00, 0x00, 0x00,
    0x00, 0x00, 0x00, 0x00, 0x00, 0x00, 0x00, 0x00, 0x00, 0x00, 0x00, 0x00, 0x00, 0x03, 0xfc, 0x02, 0x00, 0x00, 0x00, 0x00, 0x00, 0x00, 0x00, 0x00,
    0x00, 0x00, 0x40, 0x00, 0x00, 0x00, 0x00, 0x00, 0x00, 0x00, 0x00, 0x00, 0x00, 0x00, 0x00, 0x00, 0x00, 0x00, 0x00, 0x00, 0x00, 0x00, 0x00, 0x00,
    0x00, 0x07, 0xf8, 0x04, 0x00, 0x00, 0x00, 0x00, 0x00, 0x00, 0x00, 0x00, 0x00, 0x00, 0x00, 0x00, 0x00, 0x00, 0x00, 0x00, 0x00, 0x00, 0x00, 0x00,
    0x00, 0x00, 0x00, 0x00, 0x00, 0x00, 0x00, 0x00, 0x00, 0x00, 0x00, 0x00, 0x00, 0x1f, 0xf0, 0x08, 0x00, 0x00, 0x00, 0x00, 0x00, 0x00, 0x00, 0x00,
    0x00, 0x00, 0x00, 0x00, 0x00, 0x00, 0x00, 0x00, 0x00, 0x00, 0x00, 0x00, 0x00, 0x00, 0x00, 0x00, 0x00, 0x00, 0x00, 0x00, 0x00, 0x00, 0x00, 0x00,
    0x60, 0xff, 0xe0, 0x00, 0x00, 0x00, 0x00, 0x00, 0x00, 0x00, 0x00, 0x00, 0x00, 0x00, 0x00, 0x00, 0x00, 0x00, 0x00, 0x00, 0x00, 0x00, 0x00, 0x00,
    0x00, 0x00, 0x00, 0x00, 0x00, 0x00, 0x00, 0x00, 0x00, 0x00, 0x00, 0x00, 0x3f, 0xff, 0xc0, 0x00, 0x00, 0x00, 0x00, 0x00, 0x00, 0x00, 0x00, 0x00,
    0x00, 0x00, 0x00, 0x00, 0x00, 0x00, 0x00, 0x00, 0x00, 0x00, 0x00, 0x00, 0x00, 0x00, 0x00, 0x00, 0x00, 0x00, 0x00, 0x00, 0x00, 0x00, 0x00, 0x00,
    0x0f, 0xff, 0x00, 0x00, 0x00, 0x00, 0x00, 0x00, 0x00, 0x00, 0x00, 0x00, 0x00, 0x00, 0x00, 0x00, 0x00, 0x00, 0x00, 0x00, 0x00, 0x00, 0x00, 0x00,
    0x00, 0x00, 0x00, 0x00, 0x00, 0x00, 0x00, 0x00, 0x00, 0x00, 0x00, 0x00, 0x03, 0xfc, 0x00, 0x00, 0x00, 0x00, 0x00, 0x00, 0x00, 0x00, 0x00, 0x00,
    0x00, 0x00, 0x00, 0x00, 0x00, 0x00, 0x00, 0x00, 0x00, 0x00, 0x00, 0x00, 0x00, 0x00, 0x00, 0x00, 0x00, 0x00, 0x00, 0x00, 0x00, 0x00, 0x00, 0x00,
    0x00, 0x00, 0x00, 0x00, 0x00, 0x00, 0x00, 0x00, 0x00, 0x00, 0x00, 0x00, 0x00, 0x00, 0x00, 0x00, 0x00, 0x00, 0x00, 0x00, 0x00, 0x00, 0x00, 0x00,
    0x00, 0x00, 0x00, 0x00, 0x00, 0x00, 0x00, 0x00, 0x00, 0x00, 0x00, 0x00, 0x00, 0x00, 0x00, 0x00, 0x00, 0x00, 0x00, 0x00, 0x00, 0x00, 0x00, 0x00,
    0x00, 0x00, 0x00, 0x00, 0x00, 0x00, 0x00, 0x00, 0x00, 0x00, 0x00, 0x00, 0x00, 0x00, 0x00, 0x00, 0x00, 0x00, 0x00, 0x00, 0x00, 0x00, 0x00, 0x00,
    0x00, 0x00, 0x00, 0x00, 0x00, 0x00, 0x00, 0x00, 0x00, 0x00, 0x00, 0x00, 0x00, 0x00, 0x00, 0x00, 0x00, 0x00, 0x00, 0x00, 0x00, 0x00, 0x00, 0x00,
    0x00, 0x00, 0x00, 0x00, 0x00, 0x00, 0x00, 0x00, 0x00, 0x00, 0x00, 0x00, 0x00, 0x00, 0x00, 0x00, 0x00, 0x00, 0x00, 0x00, 0x00, 0x00, 0x00, 0x00,
    0x00, 0x00, 0x00, 0x00, 0x00, 0x00, 0x00, 0x00, 0x00, 0x00, 0x00, 0x00, 0x00, 0x00, 0x00, 0x00, 0x00, 0x00, 0x00, 0x00, 0x00, 0x00, 0x00, 0x00,
    0x00, 0x00, 0x00, 0x00, 0x00, 0x00, 0x00, 0x00, 0x00, 0x00, 0x00, 0x00, 0x00, 0x00, 0x00, 0x00, 0x00, 0x00, 0x00, 0x00, 0x00, 0x00, 0x00, 0x00,
    0x00, 0x00, 0x00, 0x00, 0x00, 0x00, 0x00, 0x00, 0x00, 0x00, 0x00, 0x00, 0x00, 0x00, 0x00, 0x00, 0x00, 0x00, 0x00, 0x00, 0x00, 0x00, 0x00, 0x00,
    0x00, 0x00, 0x00, 0x00, 0x00, 0x00, 0x00, 0x00, 0x00, 0x00, 0x00, 0x00, 0x00, 0x00, 0x00, 0x00, 0x00, 0x00, 0x00, 0x00, 0x00, 0x00, 0x00, 0x00,
    0x00, 0x00, 0x00, 0x00, 0x00, 0x00, 0x00, 0x00, 0x00, 0x00, 0x00, 0x00, 0x00, 0x00, 0x00, 0x00, 0x00, 0x00, 0x00, 0x00, 0x00, 0x00, 0x00, 0x00,
};
const uint8_t kTalk288[10368] = {
    0x00, 0x00, 0x00, 0x00, 0x00, 0x00, 0x00, 0x00, 0x00, 0x00, 0x00, 0x00, 0x00, 0x00, 0x00, 0x00, 0x00, 0x00, 0x00, 0x00, 0x00, 0x00, 0x00, 0x00,
    0x00, 0x00, 0x00, 0x00, 0x00, 0x00, 0x00, 0x00, 0x00, 0x00, 0x00, 0x00, 0x00, 0x00, 0x00, 0x00, 0x00, 0x00, 0x00, 0x00, 0x00, 0x00, 0x00, 0x00,
    0x00, 0x00, 0x00, 0x00, 0x00, 0x00, 0x00, 0x00, 0x00, 0x00, 0x00, 0x00, 0x00, 0x00, 0x00, 0x00, 0x00, 0x00, 0x00, 0x00, 0x00, 0x00, 0x00, 0x00,
    0x00, 0x00, 0x00, 0x00, 0x00, 0x00, 0x00, 0x00, 0x00, 0x00, 0x00, 0x00, 0x00, 0x00, 0x00, 0x00, 0x00, 0x00, 0x00, 0x00, 0x00, 0x00, 0x00, 0x00,
    0x00, 0x00, 0x00, 0x00, 0x00, 0x00, 0x00, 0x00, 0x00, 0x00, 0x00, 0x00, 0x00, 0x00, 0x00, 0x00, 0x00, 0x00, 0x00, 0x00, 0x00, 0x00, 0x00, 0x00,
    0x00, 0x00, 0x00, 0x00, 0x00, 0x00, 0x00, 0x00, 0x00, 0x00, 0x00, 0x00, 0x00, 0x00, 0x00, 0x00, 0x00, 0x00, 0x00, 0x00, 0x00, 0x00, 0x00, 0x00,
    0x00, 0x00, 0x00, 0x00, 0x00, 0x00, 0x00, 0x00, 0x00, 0x00, 0x00, 0x00, 0x00, 0x00, 0x00, 0x00, 0x00, 0x00, 0x00, 0x00, 0x00, 0x00, 0x00, 0x00,
    0x00, 0x00, 0x00, 0x00, 0x00, 0x00, 0x00, 0x00, 0x00, 0x00, 0x00, 0x00, 0x00, 0x00, 0x00, 0x00, 0x00, 0x00, 0x00, 0x00, 0x00, 0x00, 0x00, 0x00,
    0x00, 0x00, 0x00, 0x00, 0x00, 0x00, 0x00, 0x00, 0x00, 0x00, 0x00, 0x00, 0x00, 0x00, 0x00, 0x00, 0x00, 0x00, 0x00, 0x00, 0x00, 0x00, 0x00, 0x00,
    0x00, 0x00, 0x00, 0x00, 0x00, 0x00, 0x00, 0x00, 0x00, 0x00, 0x00, 0x00, 0x00, 0x00, 0x00, 0x00, 0x00, 0x00, 0x00, 0x00, 0x00, 0x00, 0x00, 0x00,
    0x00, 0x00, 0x00, 0x00, 0x00, 0x00, 0x00, 0x00, 0x00, 0x00, 0x00, 0x00, 0x00, 0x00, 0x00, 0x00, 0x00, 0x00, 0x00, 0x00, 0x00, 0x00, 0x00, 0x00,
    0x00, 0x00, 0x00, 0x00, 0x00, 0x3f, 0xf0, 0x00, 0x00, 0x00, 0x00, 0x00, 0x00, 0x00, 0x00, 0x00, 0x00, 0x00, 0x00, 0x00, 0x00, 0x00, 0x00, 0x00,
    0x00, 0x00, 0x00, 0x00, 0x00, 0x00, 0x00, 0x00, 0x00, 0x00, 0x00, 0x00, 0x00, 0x00, 0x00, 0x00, 0x18, 0xff, 0xc0, 0x00, 0x00, 0x00, 0x00, 0x00,
    0x00, 0x00, 0x00, 0x00, 0x00, 0x00, 0x00, 0x00, 0x00, 0x00, 0x00, 0x00, 0x00, 0x00, 0x00, 0x00, 0x00, 0x00, 0x00, 0x00, 0x00, 0x00, 0x00, 0x00,
    0x00, 0x00, 0x00, 0x00, 0x33, 0xfe, 0x00, 0x00, 0x00, 0x00, 0x00, 0x00, 0x00, 0x00, 0x00, 0x00, 0x00, 0x00, 0x00, 0x00, 0x00, 0x00, 0x00, 0x00,
    0x00, 0x00, 0x00, 0x00, 0x00, 0x00, 0x00, 0x00, 0x00, 0x00, 0x00, 0x00, 0x00, 0x00, 0x00, 0x00, 0x73, 0xf8, 0x00, 0x00, 0x00, 0x00, 0x00, 0x00,
    0x00, 0x00, 0x00, 0x00, 0x00, 0x00, 0x00, 0x00, 0x00, 0x00, 0x00, 0x00, 0x00, 0x00, 0x00, 0x00, 0x00, 0x00, 0x00, 0x00, 0x00, 0x00, 0x00, 0x00,
    0x00, 0x00, 0x00, 0x07, 0xf3, 0xf0, 0x00, 0x00, 0x00, 0x00, 0x00, 0x00, 0x00, 0x00, 0x00, 0x00, 0x00, 0x00, 0x00, 0x00, 0x00, 0x00, 0x00, 0x00,
    0x00, 0x00, 0x00, 0x00, 0x00, 0x00, 0x00, 0x00, 0x00, 0x00, 0x00, 0x00, 0x00, 0x00, 0x00, 0x7e, 0xf1, 0xc0, 0x00, 0x00, 0x00, 0x00, 0x00, 0x00,
    0x00, 0x00, 0x00, 0x00, 0x00, 0x00, 0x00, 0x00, 0x00, 0x00, 0x00, 0x00, 0x00, 0x00, 0x00, 0x00, 0x00, 0x00, 0x00, 0x00, 0x00, 0x00, 0x00, 0x00,
    0x00, 0x00, 0x03, 0xfd, 0xf8, 0x00, 0x00, 0x00, 0x00, 0x00, 0x00, 0x00, 0x03, 0xf0, 0x00, 0x00, 0x00, 0x00, 0x00, 0x00, 0x00, 0x00, 0x00, 0x00,
    0x00, 0x00, 0x00, 0x00, 0x00, 0x00, 0x00, 0x00, 0x00, 0x00, 0x00, 0x00, 0x00, 0x00, 0x0f, 0xf3, 0xfc, 0x00, 0x00, 0x00, 0x00, 0x00, 0x00, 0x00,
    0x83, 0xf0, 0x00, 0x00, 0x00, 0x00, 0x00, 0x00, 0x00, 0x00, 0x00, 0x00, 0x00, 0x00, 0x00, 0x00, 0x00, 0x00, 0x00, 0x00, 0x00, 0x00, 0x00, 0x00,
    0x00, 0x00, 0x7f, 0x8f, 0xff, 0x80, 0x00, 0x00, 0x00, 0x00, 0x00, 0x7f, 0xe3, 0x00, 0x00, 0x00, 0x00, 0x00, 0x00, 0x00, 0x00, 0x00, 0x00, 0x00,
    0x00, 0x00, 0x00, 0x00, 0x00, 0x00, 0x00, 0x00, 0x00, 0x00, 0x00, 0x00, 0x00, 0x03, 0xff, 0x1f, 0xff, 0x00, 0x00, 0x00, 0x00, 0x00, 0x0f, 0xff,
    0xe0, 0x00, 0x00, 0x00, 0x00, 0x00, 0x00, 0x00, 0x00, 0x00, 0x00, 0x00, 0x00, 0x00, 0x00, 0x00, 0x00, 0x00, 0x00, 0x00, 0x00, 0x00, 0x00, 0x00,
    0x00, 0x0f, 0xfc, 0x7f, 0x3c, 0x00, 0x00, 0x00, 0x00, 0x00, 0xff, 0xff, 0xf0, 0x00, 0x00, 0x00, 0x00, 0x00, 0x00, 0x00, 0x00, 0x00, 0x00, 0x00,
    0x00, 0x00, 0x00, 0x00, 0x00, 0x00, 0x00, 0x00, 0x00, 0x00, 0x00, 0x00, 0x00, 0x3f, 0xf0, 0xfc, 0x78, 0x00, 0x00, 0x00, 0x00, 0x07, 0xfc, 0x7f,
    0xe0, 0x00, 0x00, 0x00, 0x00, 0x00, 0x00, 0x00, 0x00, 0x00, 0x00, 0x00, 0x00, 0x00, 0x00, 0x00, 0x00, 0x00, 0x00, 0x00, 0x00, 0x00, 0x00, 0x00,
    0x00, 0xff, 0xe3, 0xf0, 0xf0, 0x00, 0x00, 0x00, 0x00, 0x3f, 0xc1, 0xff, 0xc0, 0x00, 0x00, 0x00, 0x00, 0x00, 0x00, 0x00, 0x00, 0x00, 0x00, 0x00,
    0x00, 0x00, 0x00, 0x00, 0x00, 0x00, 0x00, 0x00, 0x00, 0x00, 0x00, 0x00, 0x03, 0xff, 0x8f, 0xe0, 0xe0, 0x00, 0x00, 0x00, 0x01, 0xfc, 0x07, 0xff,
    0x80, 0x00, 0x00, 0x00, 0x00, 0x00, 0x00, 0x00, 0x00, 0x00, 0x00, 0x00, 0x00, 0x00, 0x00, 0x00, 0x00, 0x00, 0x00, 0x00, 0x00, 0x00, 0x00, 0x00,
    0x07, 0xff, 0x1f, 0x81, 0xe0, 0x00, 0x00, 0x00, 0x07, 0xe0, 0x1f, 0x8e, 0x00, 0x00, 0x00, 0x00, 0x00, 0x00, 0x00, 0x00, 0x00, 0x00, 0x00, 0x00,
    0x00, 0x00, 0x00, 0x00, 0x00, 0x00, 0x00, 0x00, 0x00, 0x00, 0x00, 0x00, 0x1f, 0xfc, 0x7e, 0x03, 0xc0, 0x00, 0x00, 0x00, 0x1f, 0x00, 0x7c, 0x1c,
    0x00, 0x00, 0x00, 0x00, 0x00, 0x00, 0x00, 0x00, 0x00, 0x00, 0x00, 0x00, 0x00, 0x00, 0x00, 0x00, 0x00, 0x00, 0x00, 0x00, 0x00, 0x00, 0x00, 0x00,
    0x7f, 0xf8, 0xfc, 0x03, 0xc0, 0x00, 0x00, 0x00, 0x7c, 0x01, 0xf0, 0x38, 0x00, 0x00, 0x00, 0x00, 0x00, 0x00, 0x00, 0x00, 0x00, 0x00, 0x00, 0x00,
    0x00, 0x00, 0x00, 0x00, 0x00, 0x00, 0x00, 0x00, 0x00, 0x00, 0x00, 0x00, 0xff, 0xf3, 0xf0, 0x07, 0x80, 0x00, 0x00, 0x01, 0xe0, 0x07, 0xc0, 0x70,
    0x00, 0x00, 0x00, 0x00, 0x00, 0x00, 0x00, 0x00, 0x00, 0x00, 0x00, 0x00, 0x00, 0x00, 0x00, 0x00, 0x00, 0x00, 0x00, 0x00, 0x00, 0x00, 0x00, 0x03,
    0xff, 0xc7, 0xe0, 0x07, 0x80, 0x00, 0x00, 0x07, 0x80, 0x0f, 0x00, 0xe0, 0x00, 0x00, 0x00, 0x00, 0x00, 0x00, 0x00, 0x00, 0x00, 0x00, 0x00, 0x00,
    0x00, 0x00, 0x00, 0x00, 0x00, 0x00, 0x00, 0x00, 0x00, 0x00, 0x00, 0x07, 0xff, 0x8f, 0x80, 0x0f, 0x00, 0x00, 0x00, 0x0e, 0x00, 0x3c, 0x01, 0xc0,
    0x00, 0x00, 0x00, 0x00, 0x00, 0x00, 0x00, 0x00, 0x00, 0x00, 0x00, 0x00, 0x00, 0x00, 0x00, 0x00, 0x00, 0x00, 0x00, 0x00, 0x00, 0x00, 0x00, 0x0f,
    0xff, 0x3f, 0x00, 0x0f, 0x00, 0x00, 0x00, 0x38, 0x00, 0x78, 0x03, 0xc0, 0x00, 0x00, 0x00, 0x00, 0x00, 0x00, 0x00, 0x00, 0x00, 0x00, 0x00, 0x00,
    0x00, 0x00, 0x00, 0x00, 0x00, 0x00, 0x00, 0x00, 0x00, 0x00, 0x00, 0x3f, 0xfe, 0x7e, 0x00, 0x1f, 0x00, 0x00, 0x00, 0x60, 0x01, 0xe0, 0x03, 0x80,
    0x00, 0x00, 0x00, 0x00, 0x00, 0x00, 0x00, 0x00, 0x00, 0x00, 0x00, 0x00, 0x00, 0x00, 0x00, 0x00, 0x00, 0x00, 0x00, 0x00, 0x00, 0x00, 0x00, 0x7f,
    0xfc, 0xfc, 0x00, 0x1e, 0x00, 0x00, 0x01, 0x80, 0x03, 0x80, 0x07, 0x00, 0x00, 0x00, 0x00, 0x00, 0x00, 0x00, 0x00, 0x00, 0x00, 0x00, 0x00, 0x00,
    0x00, 0x00, 0x00, 0x00, 0x00, 0x00, 0x00, 0x00, 0x00, 0x00, 0x00, 0xff, 0xf9, 0xf0, 0x00, 0x1e, 0x00, 0x00, 0x02, 0x00, 0x07, 0x00, 0x07, 0x00,
    0x00, 0x00, 0x00, 0x00, 0x00, 0x00, 0x00, 0x00, 0x00, 0x00, 0x00, 0x00, 0x00, 0x00, 0x00, 0x00, 0x00, 0x00, 0x00, 0x00, 0x00, 0x00, 0x03, 0xff,
    0xf3, 0xe0, 0x00, 0x3e, 0x00, 0x00, 0x04, 0x00, 0x0c, 0x00, 0x0e, 0x00, 0x00, 0x00, 0x00, 0x00, 0x00, 0x00, 0x00, 0x00, 0x00, 0x00, 0x00, 0x00,
    0x00, 0x00, 0x00, 0x00, 0x00, 0x00, 0x00, 0x00, 0x00, 0x00, 0x07, 0xff, 0xe7, 0xc0, 0x00, 0x3e, 0x00, 0x00, 0x00, 0x00, 0x30, 0x00, 0x0e, 0x00,
    0x00, 0x00, 0x00, 0x00, 0x00, 0x00, 0x00, 0x00, 0x00, 0x00, 0x00, 0x00, 0x00, 0x00, 0x00, 0x00, 0x00, 0x00, 0x00, 0x00, 0x00, 0x00, 0x0f, 0xff,
    0xcf, 0x80, 0x00, 0x3c, 0x00, 0x00, 0x00, 0x00, 0x60, 0x00, 0x0c, 0x00, 0x00, 0x00, 0x00, 0x00, 0x00, 0x00, 0x00, 0x00, 0x00, 0x00, 0x00, 0x00,
    0x00, 0x00, 0x00, 0x00, 0x00, 0x00, 0x00, 0x00, 0x00, 0x00, 0x1f, 0xff, 0xbf, 0x00, 0x00, 0x3c, 0x00, 0x00, 0x00, 0x00, 0xc0, 0x00, 0x1c, 0x00,
    0x00, 0x00, 0x00, 0x00, 0x00, 0x00, 0x00, 0x00, 0x00, 0x00, 0x00, 0x00, 0x00, 0x00, 0x00, 0x00, 0x00, 0x00, 0x00, 0x00, 0x00, 0x00, 0x3f, 0xff,
    0x7e, 0x00, 0x20, 0x7c, 0x00, 0x00, 0x00, 0x01, 0x00, 0x00, 0x18, 0x00, 0x00, 0x00, 0x00, 0x00, 0x00, 0x00, 0x00, 0x00, 0x00, 0x00, 0x00, 0x00,
    0x00, 0x00, 0x00, 0x00, 0x00, 0x00, 0x00, 0x00, 0x00, 0x00, 0x7f, 0xfe, 0xfc, 0x00, 0x40, 0x7c, 0x00, 0x00, 0x00, 0x00, 0x00, 0x00, 0x18, 0x00,
    0x00, 0x00, 0x00, 0x00, 0x00, 0x00, 0x00, 0x00, 0x00, 0x00, 0x00, 0x00, 0x00, 0x00, 0x00, 0x00, 0x00, 0x00, 0x00, 0x00, 0x00, 0x00, 0xff, 0xfc,
    0xf8, 0x00, 0xc0, 0x7c, 0x00, 0x00, 0x00, 0x00, 0x00, 0x00, 0x18, 0x00, 0x00, 0x00, 0x00, 0x00, 0x00, 0x00, 0x00, 0x00, 0x00, 0x00, 0x00, 0x00,
    0x00, 0x00, 0x00, 0x00, 0x00, 0x00, 0x00, 0x00, 0x00, 0x01, 0xff, 0xf9, 0xf0, 0x01, 0x80, 0x7c, 0x00, 0x00, 0x00, 0x00, 0x00, 0x00, 0x10, 0x00,
    0x00, 0x00, 0x00, 0x00, 0x00, 0x00, 0x00, 0x00, 0x00, 0x00, 0x00, 0x00, 0x00, 0x00, 0x00, 0x00, 0x00, 0x00, 0x00, 0x00, 0x00, 0x03, 0xff, 0xf3,
    0xe0, 0x01, 0x00, 0x7c, 0x00, 0x00, 0x00, 0x00, 0x00, 0x00, 0x10, 0x00, 0x00, 0x00, 0x00, 0x00, 0x00, 0x00, 0x00, 0x00, 0x00, 0x00, 0x00, 0x00,
    0x00, 0x00, 0x00, 0x00, 0x00, 0x00, 0x00, 0x00, 0x00, 0x07, 0xff, 0xe7, 0xc0, 0x03, 0x00, 0x78, 0x00, 0x00, 0x00, 0x00, 0x00, 0x00, 0x00, 0x00,
    0x00, 0x00, 0x00, 0x00, 0x00, 0x00, 0x00, 0x00, 0x00, 0x00, 0x00, 0x00, 0x00, 0x00, 0x00, 0x00, 0x00, 0x00, 0x00, 0x00, 0x00, 0x0f, 0xff, 0xef,
    0x80, 0x06, 0x00, 0x7c, 0x00, 0x00, 0x00, 0x03, 0x80, 0x02, 0x00, 0x00, 0x00, 0x00, 0x00, 0x00, 0x00, 0x00, 0x00, 0x00, 0x00, 0x00, 0x00, 0x00,
    0x00, 0x00, 0x00, 0x00, 0x00, 0x00, 0x00, 0x00, 0x00, 0x0f, 0xff, 0xdf, 0x00, 0x0c, 0x00, 0x7c, 0x00, 0x00, 0x00, 0x01, 0xfc, 0x03, 0x80, 0x00,
    0x00, 0x00, 0x00, 0x00, 0x00, 0x00, 0x00, 0x00, 0x00, 0x00, 0x00, 0x00, 0x00, 0x00, 0x00, 0x00, 0x00, 0x00, 0x00, 0x00, 0x00, 0x1f, 0xff, 0xbf,
    0x00, 0x0c, 0x00, 0x7c, 0x00, 0x00, 0x00, 0x00, 0x7f, 0x81, 0xe0, 0x00, 0x00, 0x00, 0x00, 0x00, 0x00, 0x00, 0x00, 0x00, 0x00, 0x00, 0x00, 0x00,
    0x00, 0x00, 0x00, 0x00, 0x00, 0x00, 0x00, 0x00, 0x00, 0x3f, 0xff, 0xfe, 0x00, 0x18, 0x00, 0x7c, 0x00, 0x00, 0x00, 0x00, 0x3f, 0xe0, 0xf8, 0x00,
    0x00, 0x00, 0x00, 0x00, 0x00, 0x00, 0x00, 0x00, 0x00, 0x00, 0x00, 0x00, 0x00, 0x00, 0x00, 0x00, 0x00, 0x00, 0x00, 0x00, 0x00, 0x7f, 0xff, 0xfc,
    0x00, 0x30, 0x00, 0xfc, 0x00, 0x00, 0x3f, 0xf0, 0x3f, 0xf0, 0xfc, 0x00, 0x00, 0x00, 0x00, 0x00, 0x00, 0x00, 0x00, 0x00, 0x00, 0x00, 0x00, 0x00,
    0x00, 0x00, 0x00, 0x00, 0x00, 0x00, 0x00, 0x00, 0x00, 0xff, 0xff, 0xf8, 0x00, 0x30, 0x00, 0xfc, 0x00, 0x00, 0x7f, 0xfe, 0x1f, 0xfc, 0xff, 0x00,
    0x00, 0x00, 0x00, 0x00, 0x00, 0x00, 0x00, 0x00, 0x00, 0x00, 0x00, 0x00, 0x00, 0x00, 0x00, 0x00, 0x00, 0x00, 0x00, 0x00, 0x00, 0xff, 0xff, 0xf0,
    0x00, 0x60, 0x00, 0xfc, 0x00, 0x00, 0x0f, 0xff, 0xff, 0xff, 0xff, 0x80, 0x00, 0x00, 0x00, 0x00, 0x00, 0x00, 0x00, 0x00, 0x00, 0x00, 0x00, 0x00,
    0x00, 0x00, 0x00, 0x00, 0x00, 0x00, 0x00, 0x00, 0x01, 0xff, 0xff, 0xf0, 0x00, 0xe0, 0x00, 0xfe, 0x00, 0x00, 0x07, 0xff, 0xff, 0xff, 0xff, 0xc0,
    0x00, 0x00, 0x00, 0x00, 0x00, 0x00, 0x00, 0x00, 0x00, 0x00, 0x00, 0x00, 0x00, 0x00, 0x00, 0x00, 0x00, 0x00, 0x00, 0x00, 0x03, 0xef, 0xff, 0xe0,
    0x00, 0xc0, 0x00, 0xfe, 0x00, 0x00, 0x07, 0xfc, 0x1f, 0xff, 0xff, 0xe0, 0x80, 0x00, 0x00, 0x00, 0x00, 0x00, 0x00, 0x00, 0x00, 0x00, 0x00, 0x00,
    0x00, 0x00, 0x00, 0x00, 0x00, 0x00, 0x00, 0x00, 0x07, 0xdf, 0xff, 0xc0, 0x01, 0xc0, 0x00, 0xfe, 0x00, 0x00, 0x07, 0xc0, 0xff, 0xff, 0xff, 0xf8,
    0xc0, 0x00, 0x00, 0x00, 0x00, 0x00, 0x00, 0x00, 0x00, 0x00, 0x00, 0x00, 0x00, 0x00, 0x00, 0x00, 0x00, 0x00, 0x00, 0x00, 0x07, 0x9f, 0xff, 0x80,
    0x03, 0x80, 0x00, 0xff, 0x00, 0x0f, 0xfe, 0x0f, 0xff, 0xff, 0xff, 0xfc, 0xe0, 0x00, 0x00, 0x00, 0x00, 0x00, 0x00, 0x00, 0x00, 0x00, 0x00, 0x00,
    0x00, 0x00, 0x00, 0x00, 0x00, 0x00, 0x00, 0x00, 0x0f, 0xbf, 0xff, 0x80, 0x03, 0x00, 0x00, 0xff, 0x00, 0xff, 0xf0, 0x3f, 0xff, 0xff, 0xff, 0xff,
    0xf0, 0x00, 0x00, 0x00, 0x00, 0x00, 0x00, 0x00, 0x00, 0x00, 0x00, 0x00, 0x00, 0x00, 0x00, 0x00, 0x00, 0x00, 0x00, 0x00, 0x1f, 0x7f, 0xff, 0x00,
    0x07, 0x00, 0x00, 0xff, 0x01, 0xff, 0xc0, 0xff, 0xff, 0xff, 0xff, 0xff, 0xf8, 0x00, 0x00, 0x00, 0x00, 0x00, 0x00, 0x00, 0x00, 0x00, 0x00, 0x00,
    0x00, 0x00, 0x00, 0x00, 0x00, 0x00, 0x00, 0x00, 0x1e, 0xff, 0xfe, 0x00, 0x06, 0x00, 0x00, 0xff, 0x80, 0x3f, 0x03, 0xff, 0xff, 0xff, 0xff, 0xff,
    0xfc, 0x00, 0x00, 0x00, 0x00, 0x00, 0x00, 0x00, 0x00, 0x00, 0x00, 0x00, 0x00, 0x00, 0x00, 0x00, 0x00, 0x00, 0x00, 0x00, 0x3c, 0xff, 0xfe, 0x00,
    0x0e, 0x00, 0x81, 0xff, 0xc0, 0x1c, 0x0f, 0xff, 0xff, 0xff, 0xff, 0xff, 0xfe, 0x00, 0x00, 0x00, 0x00, 0x00, 0x00, 0x00, 0x00, 0x00, 0x00, 0x00,
    0x00, 0x00, 0x00, 0x00, 0x00, 0x00, 0x00, 0x00, 0x7d, 0xff, 0xfc, 0x00, 0x0c, 0x00, 0x81, 0xff, 0xc0, 0x00, 0x3f, 0xfb, 0xff, 0xff, 0xff, 0xff,
    0xff, 0x04, 0x00, 0x00, 0x00, 0x00, 0x00, 0x00, 0x00, 0x00, 0x00, 0x00, 0x00, 0x00, 0x00, 0x00, 0x00, 0x00, 0x00, 0x00, 0x79, 0xff, 0xfc, 0x00,
    0x1c, 0x00, 0x81, 0xff, 0xe0, 0x00, 0x7f, 0xe7, 0xff, 0xff, 0xff, 0xff, 0xff, 0x86, 0x00, 0x00, 0x00, 0x00, 0x00, 0x00, 0x00, 0x00, 0x00, 0x00,
    0x00, 0x00, 0x00, 0x00, 0x00, 0x00, 0x00, 0x00, 0xf3, 0xff, 0xf8, 0x00, 0x38, 0x00, 0x81, 0xff, 0xf0, 0x01, 0xff, 0x8f, 0xff, 0xff, 0xff, 0xff,
    0xff, 0x86, 0x00, 0x00, 0x00, 0x00, 0x00, 0x00, 0x00, 0x00, 0x00, 0x00, 0x00, 0x00, 0x00, 0x00, 0x00, 0x00, 0x00, 0x00, 0xe7, 0xff, 0xf0, 0x00,
    0x38, 0x01, 0x80, 0x7f, 0xf0, 0x03, 0xff, 0x0f, 0xff, 0xfc, 0x01, 0xff, 0xff, 0xc3, 0x00, 0x00, 0x00, 0x00, 0x00, 0x00, 0x00, 0x00, 0x00, 0x00,
    0x00, 0x00, 0x00, 0x00, 0x00, 0x00, 0x00, 0x01, 0xc7, 0xff, 0xf0, 0x00, 0x70, 0x01, 0x00, 0x1f, 0xf8, 0x07, 0xfe, 0x1f, 0xff, 0xe0, 0x00, 0x1f,
    0xff, 0xc3, 0x00, 0x00, 0x00, 0x00, 0x00, 0x00, 0x00, 0x00, 0x00, 0x00, 0x00, 0x00, 0x00, 0x00, 0x00, 0x00, 0x00, 0x03, 0xcf, 0xff, 0xe0, 0x00,
    0x70, 0x01, 0x00, 0x0f, 0xfc, 0x07, 0xfc, 0x3f, 0xff, 0x80, 0x00, 0x07, 0xff, 0xc3, 0x80, 0x00, 0x00, 0x00, 0x00, 0x00, 0x00, 0x00, 0x00, 0x00,
    0x00, 0x00, 0x00, 0x00, 0x00, 0x00, 0x00, 0x03, 0x8f, 0xff, 0xe0, 0x10, 0x70, 0x03, 0x00, 0x07, 0xfe, 0x01, 0xf0, 0x3f, 0xff, 0x00, 0x00, 0x01,
    0xff, 0xe3, 0xc0, 0x08, 0x00, 0x00, 0x00, 0x00, 0x00, 0x00, 0x00, 0x00, 0x00, 0x00, 0x00, 0x00, 0x00, 0x00, 0x00, 0x07, 0x9f, 0xff, 0xc0, 0x00,
    0xe0, 0x03, 0x00, 0x01, 0xff, 0x80, 0x60, 0x7f, 0xfe, 0x00, 0x00, 0x00, 0x7f, 0xe1, 0xe0, 0x0c, 0x00, 0x00, 0x00, 0x00, 0x00, 0x00, 0x00, 0x00,
    0x00, 0x00, 0x00, 0x00, 0x00, 0x00, 0x00, 0x07, 0x1f, 0xff, 0xc0, 0x20, 0xe0, 0x03, 0x00, 0x00, 0xff, 0xc0, 0x00, 0x7f, 0xfe, 0x00, 0x00, 0x00,
    0x3b, 0xe1, 0xe0, 0x04, 0x00, 0x00, 0x00, 0x00, 0x00, 0x00, 0x00, 0x00, 0x00, 0x00, 0x00, 0x00, 0x00, 0x00, 0x00, 0x06, 0x3f, 0xff, 0x80, 0x61,
    0xc0, 0x03, 0x00, 0x00, 0x7f, 0xe0, 0x00, 0x7f, 0xfc, 0x00, 0x00, 0x00, 0x09, 0xf1, 0xf0, 0x06, 0x00, 0x00, 0x00, 0x00, 0x00, 0x00, 0x00, 0x00,
    0x00, 0x00, 0x00, 0x00, 0x00, 0x00, 0x00, 0x0e, 0x3f, 0xef, 0x80, 0x41, 0xc0, 0x03, 0x00, 0x00, 0x3f, 0xf8, 0x00, 0x7f, 0xfc, 0x01, 0xfe, 0x00,
    0x00, 0xf0, 0xf8, 0x07, 0x00, 0x00, 0x00, 0x00, 0x00, 0x00, 0x00, 0x00, 0x00, 0x00, 0x00, 0x00, 0x00, 0x00, 0x00, 0x1c, 0x7f, 0xff, 0x00, 0xc3,
    0x87, 0x03, 0x00, 0x00, 0x1f, 0xfe, 0x00, 0x3f, 0xf8, 0x07, 0xff, 0xc0, 0x00, 0x70, 0xfc, 0x03, 0x80, 0x00, 0x00, 0x00, 0x00, 0x00, 0x00, 0x00,
    0x00, 0x00, 0x00, 0x00, 0x00, 0x00, 0x00, 0x18, 0x7f, 0xdf, 0x00, 0xc3, 0x8f, 0x07, 0x00, 0x00, 0x0f, 0xff, 0x80, 0x0f, 0xf8, 0x0f, 0xff, 0xf0,
    0x00, 0x38, 0x7e, 0x03, 0x80, 0x00, 0x00, 0x00, 0x00, 0x00, 0x00, 0x00, 0x00, 0x00, 0x00, 0x00, 0x00, 0x00, 0x00, 0x18, 0xff, 0xde, 0x01, 0x83,
    0x8f, 0x86, 0x00, 0x00, 0x07, 0xff, 0xf0, 0x0f, 0xf8, 0x1f, 0xff, 0xfe, 0x00, 0x18, 0x3f, 0x01, 0xc0, 0x00, 0x00, 0x00, 0x00, 0x00, 0x00, 0x00,
    0x00, 0x00, 0x00, 0x00, 0x00, 0x00, 0x00, 0x30, 0xff, 0xbe, 0x03, 0x87, 0x1f, 0x86, 0x00, 0x00, 0x03, 0xff, 0xfe, 0x07, 0xf8, 0x1f, 0xff, 0xff,
    0x00, 0x0c, 0x3f, 0x80, 0x40, 0x00, 0x00, 0x00, 0x00, 0x00, 0x00, 0x00, 0x00, 0x00, 0x00, 0x00, 0x00, 0x00, 0x00, 0x31, 0xff, 0xbc, 0x03, 0x07,
    0x1f, 0x86, 0x00, 0x00, 0x01, 0xff, 0xff, 0x83, 0xf8, 0x1f, 0xff, 0xff, 0x80, 0x06, 0x1f, 0xc0, 0x20, 0x00, 0x00, 0x00, 0x00, 0x00, 0x00, 0x00,
    0x00, 0x00, 0x00, 0x00, 0x00, 0x00, 0x00, 0x61, 0xff, 0x3c, 0x07, 0x0f, 0x3f, 0x86, 0x00, 0x00, 0x00, 0xff, 0xff, 0xc1, 0xfc, 0x1f, 0xff, 0xff,
    0xe0, 0x00, 0x0f, 0xe6, 0x20, 0x00, 0x00, 0x00, 0x00, 0x00, 0x00, 0x00, 0x00, 0x00, 0x00, 0x00, 0x00, 0x00, 0x00, 0x61, 0xff, 0x78, 0x07, 0x0e,
    0x7f, 0x86, 0x00, 0x00, 0x00, 0x7f, 0xff, 0xf1, 0xfc, 0x1f, 0xff, 0xff, 0xf0, 0x00, 0x0f, 0xf7, 0x00, 0x00, 0x00, 0x00, 0x00, 0x00, 0x00, 0x00,
    0x00, 0x00, 0x00, 0x00, 0x00, 0x00, 0x00, 0xc3, 0xfe, 0x78, 0x0f, 0x0e, 0x7f, 0x86, 0x00, 0x00, 0x00, 0x3f, 0xff, 0xf0, 0xfc, 0x0f, 0xff, 0xff,
    0xf8, 0x10, 0x07, 0xf3, 0x80, 0x00, 0x00, 0x00, 0x00, 0x00, 0x00, 0x00, 0x00, 0x00, 0x00, 0x00, 0x00, 0x00, 0x00, 0xc3, 0xfe, 0xf0, 0x0e, 0x1e,
    0xff, 0x86, 0x03, 0x00, 0x00, 0x1e, 0x7f, 0xf8, 0xfe, 0x0f, 0xff, 0xff, 0xfc, 0x08, 0x03, 0xfb, 0xc0, 0x00, 0x00, 0x00, 0x00, 0x00, 0x00, 0x00,
    0x00, 0x00, 0x00, 0x00, 0x00, 0x00, 0x00, 0x87, 0xfc, 0xf0, 0x1e, 0x1c, 0xff, 0x8e, 0x0f, 0xc0, 0x00, 0x0f, 0x3f, 0xfc, 0xfe, 0x07, 0xff, 0xff,
    0xfe, 0x0e, 0x01, 0xff, 0xe8, 0x00, 0x00, 0x00, 0x00, 0x00, 0x00, 0x00, 0x00, 0x00, 0x00, 0x00, 0x00, 0x00, 0x01, 0x87, 0xfc, 0xe0, 0x1e, 0x1d,
    0xff, 0x86, 0x1f, 0xe0, 0x00, 0x07, 0x8f, 0xfe, 0x7f, 0x03, 0xff, 0xff, 0xfe, 0x07, 0xc1, 0xff, 0xfc, 0x00, 0x00, 0x00, 0x00, 0x00, 0x00, 0x00,
    0x00, 0x00, 0x00, 0x00, 0x00, 0x00, 0x01, 0x07, 0xfd, 0xe0, 0x3c, 0x1d, 0xff, 0x8e, 0x1f, 0xf8, 0x00, 0x03, 0x8f, 0xfe, 0x7f, 0x83, 0xff, 0xff,
    0xff, 0x03, 0xf0, 0xff, 0xfc, 0x00, 0x00, 0x00, 0x00, 0x00, 0x00, 0x00, 0x00, 0x00, 0x00, 0x00, 0x00, 0x00, 0x01, 0x0f, 0xf9, 0xe0, 0x3c, 0x39,
    0xff, 0x86, 0x3f, 0xfc, 0x00, 0x01, 0xc7, 0xff, 0x7f, 0xc1, 0xff, 0xff, 0xff, 0x81, 0xfc, 0xef, 0xfe, 0x00, 0x00, 0x00, 0x00, 0x00, 0x00, 0x00,
    0x00, 0x00, 0x00, 0x00, 0x00, 0x00, 0x02, 0x0f, 0xf9, 0xc0, 0x7c, 0x3b, 0xff, 0x86, 0x3f, 0xfe, 0x00, 0x01, 0xc3, 0xff, 0x7f, 0xe1, 0xff, 0xff,
    0xff, 0xc0, 0xfe, 0xf7, 0xff, 0x00, 0x00, 0x00, 0x00, 0x00, 0x00, 0x00, 0x00, 0x00, 0x00, 0x00, 0x00, 0x00, 0x02, 0x0f, 0xf3, 0xc0, 0x7c, 0x3b,
    0xff, 0x8e, 0x7f, 0xff, 0x00, 0x00, 0xc3, 0xff, 0x7f, 0xf0, 0xff, 0xff, 0xf0, 0xc0, 0x3f, 0xf1, 0xff, 0x00, 0x00, 0x00, 0x00, 0x00, 0x00, 0x00,
    0x00, 0x00, 0x00, 0x00, 0x00, 0x00, 0x02, 0x1f, 0xf3, 0x80, 0x78, 0x7f, 0xff, 0x8e, 0x7f, 0xff, 0xc0, 0x00, 0x43, 0xff, 0xff, 0xf0, 0xff, 0xff,
    0xf8, 0x00, 0x1f, 0xf0, 0x7f, 0x80, 0x00, 0x00, 0x00, 0x00, 0x00, 0x00, 0x00, 0x00, 0x00, 0x00, 0x00, 0x00, 0x04, 0x1f, 0xf3, 0x80, 0xf8, 0x7f,
    0xff, 0x8e, 0xff, 0xff, 0xf0, 0x00, 0x43, 0xff, 0xff, 0xf8, 0xff, 0xff, 0xf8, 0x00, 0x0f, 0xf8, 0x3f, 0xc0, 0x00, 0x00, 0x00, 0x00, 0x00, 0x00,
    0x00, 0x00, 0x00, 0x00, 0x00, 0x00, 0x04, 0x1f, 0xe3, 0x80, 0xf8, 0x7f, 0xff, 0x8e, 0xff, 0xfc, 0x38, 0x00, 0x43, 0xff, 0xff, 0xfc, 0x7f, 0xff,
    0xfc, 0x00, 0x0f, 0xf8, 0x1f, 0xe0, 0x00, 0x00, 0x00, 0x00, 0x00, 0x00, 0x00, 0x00, 0x00, 0x00, 0x00, 0x00, 0x00, 0x3f, 0xe7, 0x01, 0xf8, 0x7f,
    0xff, 0x86, 0xff, 0xe0, 0x00, 0x00, 0x03, 0xff, 0xff, 0xfc, 0x7f, 0xff, 0xfe, 0x1f, 0xff, 0xf8, 0x8f, 0xe0, 0x00, 0x00, 0x00, 0x00, 0x00, 0x00,
    0x00, 0x00, 0x00, 0x00, 0x00, 0x00, 0x00, 0x3f, 0xe7, 0x01, 0xf8, 0xff, 0xff, 0x86, 0xff, 0x80, 0x00, 0x00, 0x03, 0xff, 0xff, 0xfe, 0x7f, 0xff,
    0xff, 0x07, 0xfe, 0xfc, 0x8f, 0x60, 0x00, 0x00, 0x00, 0x00, 0x00, 0x00, 0x00, 0x00, 0x00, 0x00, 0x00, 0x00, 0x00, 0x3f, 0xc7, 0x03, 0xf0, 0xff,
    0xff, 0x86, 0xfe, 0x00, 0x00, 0x00, 0x03, 0xff, 0xff, 0xfe, 0x7f, 0xff, 0xff, 0x83, 0xfe, 0x7c, 0x47, 0x70, 0x00, 0x00, 0x00, 0x00, 0x00, 0x00,
    0x00, 0x00, 0x00, 0x00, 0x00, 0x00, 0x00, 0x7f, 0xce, 0x03, 0xf0, 0xff, 0x83, 0x87, 0xfc, 0x00, 0x00, 0x00, 0x03, 0xff, 0xff, 0xfe, 0x7f, 0xff,
    0xff, 0xc0, 0xff, 0x3e, 0x02, 0x60, 0x00, 0x00, 0x00, 0x00, 0x00, 0x00, 0x00, 0x00, 0x00, 0x00, 0x00, 0x00, 0x00, 0x7f, 0xce, 0x03, 0xf0, 0xfe,
    0x00, 0xcf, 0xf8, 0x00, 0x00, 0x00, 0x07, 0xff, 0xff, 0xff, 0x7f, 0xff, 0xff, 0xe0, 0x3f, 0x3f, 0x00, 0x60, 0x00, 0x00, 0x00, 0x00, 0x00, 0x00,
    0x00, 0x00, 0x00, 0x00, 0x00, 0x00, 0x00, 0x7f, 0x8e, 0x07, 0xf0, 0xf8, 0x00, 0x07, 0xf0, 0x00, 0x00, 0x00, 0x0f, 0xff, 0xff, 0xff, 0x7f, 0xff,
    0xff, 0xf8, 0x0f, 0x3f, 0xc0, 0xc0, 0x00, 0x00, 0x00, 0x00, 0x00, 0x00, 0x00, 0x00, 0x00, 0x00, 0x00, 0x00, 0x00, 0xff, 0x8c, 0x07, 0xf1, 0xf0,
    0x00, 0x07, 0xe0, 0x00, 0x00, 0x00, 0x0f, 0xff, 0xff, 0xff, 0x7f, 0xff, 0xff, 0xfc, 0x0f, 0x1f, 0xf3, 0xe0, 0x00, 0x00, 0x00, 0x00, 0x00, 0x00,
    0x00, 0x00, 0x00, 0x00, 0x00, 0x00, 0x00, 0xff, 0x9c, 0x07, 0xf1, 0xe0, 0x00, 0x07, 0xc0, 0x00, 0x00, 0x00, 0x3f, 0xff, 0xff, 0xff, 0x7f, 0xff,
    0xff, 0xc0, 0x1f, 0x0f, 0xfb, 0xe0, 0x00, 0x00, 0x00, 0x00, 0x00, 0x00, 0x00, 0x00, 0x00, 0x00, 0x00, 0x00, 0x00, 0xff, 0x1c, 0x0f, 0xe1, 0xc0,
    0x00, 0x07, 0xc0, 0x00, 0x00, 0x00, 0x7f, 0xff, 0xff, 0xff, 0x7f, 0xff, 0xff, 0xf0, 0x1f, 0x83, 0xfd, 0xf0, 0x00, 0x00, 0x00, 0x00, 0x00, 0x00,
    0x00, 0x00, 0x00, 0x00, 0x00, 0x00, 0x00, 0x3f, 0x1c, 0x08, 0x01, 0xc0, 0x00, 0x07, 0x80, 0x00, 0x00, 0x01, 0xff, 0xff, 0xff, 0xff, 0x7f, 0xff,
    0xff, 0xf8, 0x03, 0xe0, 0xff, 0xf0, 0x00, 0x00, 0x00, 0x00, 0x00, 0x00, 0x00, 0x00, 0x00, 0x00, 0x00, 0x00, 0x00, 0x1f, 0x18, 0x00, 0x01, 0x80,
    0x00, 0x07, 0x00, 0x00, 0x00, 0x0f, 0xff, 0xff, 0xff, 0xff, 0x7f, 0xff, 0xff, 0xfe, 0x00, 0xf8, 0x7f, 0xf8, 0x00, 0x00, 0x00, 0x00, 0x00, 0x00,
    0x00, 0x00, 0x00, 0x00, 0x00, 0x00, 0x00, 0x0e, 0x38, 0x00, 0x01, 0x00, 0x00, 0x07, 0x00, 0x00, 0x18, 0x0f, 0xff, 0xff, 0xff, 0xff, 0xff, 0xff,
    0xff, 0xff, 0x80, 0x7c, 0x3f, 0xf8, 0x00, 0x00, 0x00, 0x00, 0x00, 0x00, 0x00, 0x00, 0x00, 0x00, 0x00, 0x00, 0x00, 0x0e, 0x38, 0x00, 0x01, 0x00,
    0x00, 0x06, 0x00, 0x00, 0x7c, 0x07, 0xff, 0xff, 0xff, 0xff, 0xff, 0xff, 0xff, 0xff, 0xe0, 0x1e, 0x1f, 0xfc, 0x00, 0x00, 0x00, 0x00, 0x00, 0x00,
    0x00, 0x00, 0x00, 0x00, 0x00, 0x00, 0x00, 0x0e, 0x30, 0x03, 0x00, 0x00, 0x00, 0x06, 0x00, 0x00, 0xfe, 0x03, 0xff, 0xff, 0xff, 0xff, 0xff, 0xff,
    0xff, 0xff, 0xf8, 0x0f, 0x1f, 0xff, 0x00, 0x00, 0x00, 0x00, 0x00, 0x00, 0x00, 0x00, 0x00, 0x00, 0x00, 0x00, 0x00, 0x06, 0x30, 0x07, 0x00, 0x04,
    0x00, 0x06, 0x00, 0x00, 0xff, 0x00, 0xfc, 0x7f, 0xff, 0xff, 0xff, 0xff, 0xff, 0xff, 0xfe, 0x07, 0x0f, 0x9f, 0x00, 0x00, 0x00, 0x00, 0x00, 0x00,
    0x00, 0x00, 0x00, 0x00, 0x00, 0x00, 0x00, 0x04, 0x30, 0x0e, 0x00, 0x0c, 0x00, 0x00, 0x00, 0x01, 0xff, 0xc0, 0x01, 0xff, 0xff, 0xff, 0xff, 0xff,
    0xff, 0xff, 0xff, 0x03, 0x87, 0xcf, 0x00, 0x00, 0x00, 0x00, 0x00, 0x00, 0x00, 0x00, 0x00, 0x00, 0x00, 0x00, 0x00, 0x04, 0x70, 0x1c, 0x00, 0x18,
    0x00, 0x00, 0x00, 0x03, 0xff, 0xf0, 0x07, 0xff, 0xff, 0xff, 0xff, 0xff, 0xff, 0xff, 0xff, 0x81, 0x87, 0xef, 0x00, 0x00, 0x00, 0x00, 0x00, 0x00,
    0x00, 0x00, 0x00, 0x00, 0x00, 0x00, 0x00, 0x00, 0x60, 0x3c, 0x00, 0x18, 0x00, 0x00, 0x00, 0x03, 0xff, 0xff, 0xff, 0xff, 0xff, 0xff, 0xff, 0xff,
    0xff, 0xff, 0xff, 0xc1, 0xc3, 0xfe, 0x00, 0x00, 0x00, 0x00, 0x00, 0x00, 0x00, 0x00, 0x00, 0x00, 0x00, 0x00, 0x00, 0x00, 0x60, 0x38, 0x00, 0x30,
    0x02, 0x00, 0x00, 0x07, 0xff, 0xff, 0xff, 0xff, 0xff, 0xff, 0xff, 0xff, 0xff, 0xff, 0xff, 0xe1, 0xc1, 0xfe, 0x00, 0x00, 0x00, 0x00, 0x00, 0x00,
    0x00, 0x00, 0x00, 0x00, 0x00, 0x00, 0x00, 0x00, 0x60, 0x78, 0x00, 0x60, 0x02, 0x00, 0x00, 0x07, 0xff, 0xff, 0xff, 0xff, 0xff, 0xff, 0xff, 0xff,
    0xff, 0xff, 0xff, 0xf0, 0xe0, 0x7e, 0x00, 0x00, 0x00, 0x00, 0x00, 0x00, 0x00, 0x00, 0x00, 0x00, 0x00, 0x00, 0x00, 0x00, 0x60, 0x30, 0x00, 0x60,
    0x06, 0x00, 0x00, 0x07, 0xff, 0xff, 0xff, 0xff, 0xff, 0xff, 0xff, 0xff, 0xff, 0xff, 0xff, 0xf0, 0xe0, 0x3c, 0x00, 0x00, 0x00, 0x00, 0x00, 0x00,
    0x00, 0x00, 0x00, 0x00, 0x00, 0x00, 0x00, 0x00, 0x60, 0x00, 0x00, 0xe0, 0x04, 0x00, 0x00, 0x0f, 0xff, 0xff, 0xff, 0xff, 0xff, 0xff, 0xff, 0xff,
    0xff, 0xff, 0xff, 0xf0, 0xf0, 0x1c, 0x00, 0x00, 0x00, 0x00, 0x00, 0x00, 0x00, 0x00, 0x00, 0x00, 0x00, 0x00, 0x00, 0x00, 0xc0, 0x00, 0x00, 0xc0,
    0x04, 0x00, 0x00, 0x0f, 0xff, 0xff, 0xff, 0xff, 0xff, 0xff, 0xff, 0xff, 0xff, 0xff, 0xff, 0xf8, 0x7e, 0x18, 0x00, 0x00, 0x00, 0x00, 0x00, 0x00,
    0x00, 0x00, 0x00, 0x00, 0x00, 0x00, 0x00, 0x00, 0xc0, 0x00, 0x01, 0xc0, 0x0c, 0x00, 0x00, 0x0f, 0xf8, 0x00, 0xff, 0xff, 0xff, 0xff, 0xff, 0xff,
    0xff, 0xff, 0xff, 0xf0, 0x7c, 0x00, 0x00, 0x00, 0x00, 0x00, 0x00, 0x00, 0x00, 0x00, 0x00, 0x00, 0x00, 0x00, 0x00, 0x00, 0xc0, 0x00, 0x01, 0x80,
    0x0c, 0x00, 0x00, 0x1f, 0xc0, 0x00, 0x00, 0x3f, 0xff, 0xff, 0xff, 0xff, 0xff, 0xff, 0xff, 0xf0, 0x00, 0x00, 0x00, 0x00, 0x00, 0x00, 0x00, 0x00,
    0x00, 0x00, 0x00, 0x00, 0x00, 0x00, 0x00, 0x00, 0xc0, 0x00, 0x03, 0x80, 0x1c, 0x00, 0x00, 0x1f, 0x80, 0x00, 0x00, 0x00, 0x3f, 0xff, 0xff, 0xff,
    0xff, 0xff, 0xff, 0xf8, 0x00, 0x00, 0x00, 0x00, 0x00, 0x00, 0x00, 0x00, 0x00, 0x00, 0x00, 0x00, 0x00, 0x00, 0x00, 0x00, 0x80, 0x00, 0x03, 0x80,
    0x1c, 0x00, 0x00, 0x1f, 0x00, 0xc0, 0x00, 0x00, 0x00, 0x1f, 0xff, 0xff, 0xff, 0xff, 0xff, 0xfc, 0x01, 0x80, 0x00, 0x00, 0x00, 0x00, 0x00, 0x00,
    0x00, 0x00, 0x00, 0x00, 0x00, 0x00, 0x00, 0x00, 0x80, 0x00, 0x03, 0x00, 0x18, 0x00, 0x00, 0x1e, 0x07, 0xfc, 0x0e, 0x00, 0x00, 0x00, 0x07, 0xff,
    0xff, 0xff, 0xff, 0xfe, 0x03, 0x80, 0x00, 0x00, 0x00, 0x00, 0x00, 0x00, 0x00, 0x00, 0x00, 0x00, 0x00, 0x00, 0x00, 0x01, 0x80, 0x00, 0x07, 0x00,
    0x18, 0x00, 0x00, 0x3c, 0x1f, 0xfe, 0x0f, 0xff, 0x80, 0x00, 0x00, 0x03, 0xff, 0xff, 0xff, 0xff, 0x03, 0xc0, 0x00, 0x00, 0x00, 0x00, 0x00, 0x00,
    0x00, 0x00, 0x00, 0x00, 0x00, 0x00, 0x00, 0x01, 0x80, 0x00, 0x07, 0x00, 0x38, 0x00, 0x00, 0x38, 0x3f, 0xff, 0x87, 0xff, 0xff, 0x80, 0x00, 0x00,
    0x01, 0xff, 0xff, 0xff, 0xc3, 0xc0, 0x00, 0x00, 0x00, 0x00, 0x00, 0x00, 0x00, 0x00, 0x00, 0x00, 0x00, 0x00, 0x00, 0x01, 0x80, 0x00, 0x07, 0x00,
    0x38, 0x00, 0x00, 0x38, 0x7f, 0x3f, 0x87, 0xff, 0xff, 0xff, 0xe0, 0x00, 0x00, 0x00, 0x7f, 0xff, 0xc1, 0xc0, 0x00, 0x00, 0x00, 0x00, 0x00, 0x00,
    0x00, 0x00, 0x00, 0x00, 0x00, 0x00, 0x00, 0x01, 0x80, 0x00, 0x07, 0x00, 0x38, 0x00, 0x00, 0x30, 0x7c, 0x07, 0xc3, 0xff, 0xff, 0xff, 0xff, 0xf8,
    0x00, 0x00, 0x00, 0x1f, 0xe1, 0xc0, 0x00, 0x00, 0x00, 0x00, 0x00, 0x00, 0x00, 0x00, 0x00, 0x00, 0x00, 0x00, 0x00, 0x01, 0x00, 0x00, 0x07, 0x00,
    0x38, 0x00, 0x00, 0x30, 0xf0, 0x03, 0xc3, 0xff, 0xff, 0xf9, 0xff, 0xff, 0xfc, 0x00, 0x00, 0x00, 0x01, 0xc0, 0x00, 0x00, 0x00, 0x00, 0x00, 0x00,
    0x00, 0x00, 0x00, 0x00, 0x00, 0x00, 0x00, 0x01, 0x00, 0x00, 0x06, 0x00, 0x38, 0x00, 0x00, 0x30, 0xf1, 0xf1, 0xe1, 0xff, 0xff, 0xf0, 0xff, 0xff,
    0xff, 0xff, 0x00, 0x00, 0x00, 0x00, 0x00, 0x00, 0x00, 0x00, 0x00, 0x00, 0x00, 0x00, 0x00, 0x00, 0x00, 0x00, 0x00, 0x00, 0x00, 0x00, 0x06, 0x00,
    0x78, 0x00, 0x00, 0x21, 0xe3, 0xf1, 0xe1, 0xff, 0xff, 0xf7, 0x7f, 0xff, 0xff, 0xff, 0xff, 0x80, 0x00, 0x00, 0x00, 0x00, 0x00, 0x00, 0x00, 0x00,
    0x00, 0x00, 0x00, 0x00, 0x00, 0x00, 0x00, 0x00, 0x00, 0x00, 0x06, 0x20, 0x78, 0x00, 0x00, 0x21, 0xe7, 0xf8, 0xe1, 0xff, 0xff, 0xf2, 0x7f, 0xff,
    0xff, 0xff, 0xff, 0xff, 0xc0, 0x00, 0x00, 0x00, 0x00, 0x00, 0x00, 0x00, 0x00, 0x00, 0x00, 0x00, 0x00, 0x00, 0x00, 0x00, 0x00, 0x00, 0x06, 0x20,
    0x78, 0x00, 0x00, 0x21, 0xe7, 0xf8, 0xf1, 0xff, 0xff, 0xf0, 0x7f, 0xff, 0xff, 0xff, 0xfc, 0xff, 0xff, 0xe0, 0x00, 0x00, 0x00, 0x00, 0x00, 0x00,
    0x00, 0x00, 0x00, 0x00, 0x00, 0x00, 0x00, 0x00, 0x00, 0x00, 0x06, 0x20, 0x78, 0x00, 0x00, 0x01, 0xe7, 0xf8, 0xf1, 0xff, 0xff, 0xff, 0xff, 0xff,
    0xff, 0xff, 0xf8, 0x7f, 0xff, 0xf0, 0x00, 0x00, 0x00, 0x00, 0x00, 0x00, 0x00, 0x00, 0x00, 0x00, 0x00, 0x00, 0x00, 0x00, 0x00, 0x00, 0x02, 0x60,
    0x38, 0x00, 0x00, 0x01, 0xe7, 0xf8, 0xf1, 0xff, 0xff, 0xff, 0xff, 0xff, 0xff, 0xff, 0xf3, 0x3f, 0xff, 0xf0, 0x00, 0x00, 0x00, 0x00, 0x00, 0x00,
    0x00, 0x00, 0x00, 0x00, 0x00, 0x00, 0x00, 0x00, 0x00, 0x02, 0x00, 0x60, 0x38, 0x00, 0x00, 0x01, 0xe3, 0xf1, 0xe1, 0xff, 0xff, 0xff, 0xff, 0xff,
    0xff, 0xff, 0xf3, 0x3f, 0xff, 0xf0, 0x00, 0x00, 0x00, 0x00, 0x00, 0x00, 0x00, 0x00, 0x00, 0x00, 0x00, 0x00, 0x00, 0x00, 0x00, 0x02, 0x00, 0x60,
    0x38, 0x00, 0x00, 0x00, 0xe1, 0xe1, 0xe1, 0xff, 0xff, 0xff, 0xdf, 0xff, 0xff, 0xff, 0xf8, 0x7f, 0xff, 0xf8, 0x00, 0x00, 0x00, 0x00, 0x00, 0x00,
    0x00, 0x00, 0x00, 0x00, 0x00, 0x00, 0x00, 0x00, 0x00, 0x02, 0x00, 0x60, 0x38, 0x00, 0x00, 0x00, 0xf0, 0x03, 0xe3, 0xff, 0xff, 0xff, 0xc0, 0x0f,
    0xff, 0xff, 0xfc, 0xff, 0xff, 0xf8, 0x00, 0x00, 0x00, 0x00, 0x00, 0x00, 0x00, 0x00, 0x00, 0x00, 0x00, 0x00, 0x00, 0x00, 0x00, 0x03, 0x00, 0x60,
    0x3c, 0x00, 0x00, 0x00, 0x78, 0x07, 0xc3, 0xff, 0xff, 0xff, 0xc0, 0x00, 0x03, 0xff, 0xff, 0xff, 0xff, 0xf8, 0x00, 0x00, 0x00, 0x00, 0x00, 0x00,
    0x00, 0x00, 0x00, 0x00, 0x00, 0x00, 0x00, 0x00, 0x00, 0x03, 0x00, 0x60, 0x3c, 0x00, 0x00, 0x00, 0x7f, 0xff, 0x83, 0xff, 0xff, 0xff, 0xc0, 0x00,
    0x00, 0x03, 0xff, 0xff, 0xff, 0xfc, 0x00, 0x00, 0x00, 0x00, 0x00, 0x00, 0x00, 0x00, 0x00, 0x00, 0x00, 0x00, 0x00, 0x00, 0x00, 0x03, 0x00, 0x60,
    0x3c, 0x00, 0x00, 0x00, 0x3f, 0xff, 0x07, 0xff, 0xff, 0xff, 0xc0, 0x00, 0x00, 0x00, 0x00, 0x7f, 0xff, 0xfc, 0x00, 0x00, 0x00, 0x00, 0x00, 0x00,
    0x00, 0x00, 0x00, 0x00, 0x00, 0x00, 0x00, 0x00, 0x00, 0x03, 0x00, 0x60, 0x3c, 0x00, 0x00, 0x00, 0x1f, 0xfe, 0x07, 0xff, 0xff, 0xff, 0xc0, 0x00,
    0x00, 0x00, 0x00, 0x00, 0x3f, 0xfe, 0x00, 0x00, 0x00, 0x00, 0x00, 0x00, 0x00, 0x00, 0x00, 0x00, 0x00, 0x00, 0x00, 0x00, 0x00, 0x03, 0x00, 0x60,
    0x3c, 0x00, 0x00, 0x00, 0x07, 0xfc, 0x07, 0xff, 0xff, 0xff, 0xc0, 0x00, 0x00, 0x00, 0x00, 0x00, 0x00, 0x3e, 0x00, 0x00, 0x00, 0x00, 0x00, 0x00,
    0x00, 0x00, 0x00, 0x00, 0x00, 0x00, 0x00, 0x00, 0x00, 0x03, 0x00, 0xe0, 0x3c, 0x00, 0x00, 0x00, 0x00, 0xc0, 0x03, 0xff, 0xff, 0xff, 0xc0, 0x00,
    0x00, 0x00, 0x00, 0x00, 0x00, 0x00, 0x00, 0x00, 0x00, 0x00, 0x00, 0x00, 0x00, 0x00, 0x00, 0x00, 0x00, 0x00, 0x00, 0x00, 0x00, 0x07, 0x00, 0xe0,
    0x1e, 0x00, 0x00, 0x00, 0x00, 0x00, 0x00, 0xff, 0xff, 0xff, 0xc0, 0x00, 0x00, 0x00, 0x00, 0x00, 0x00, 0x00, 0x00, 0x00, 0x00, 0x00, 0x00, 0x00,
    0x00, 0x00, 0x00, 0x00, 0x00, 0x00, 0x00, 0x00, 0x00, 0x07, 0x00, 0xe0, 0x1e, 0x00, 0x00, 0x40, 0x00, 0x00, 0x00, 0x7f, 0xff, 0xff, 0x80, 0x00,
    0x00, 0x00, 0x00, 0x00, 0x00, 0x00, 0x00, 0x00, 0x00, 0x00, 0x00, 0x00, 0x00, 0x00, 0x00, 0x00, 0x00, 0x00, 0x00, 0x00, 0x00, 0x07, 0x80, 0xe0,
    0x1e, 0x00, 0x00, 0x40, 0x00, 0x00, 0x00, 0x1f, 0xff, 0xff, 0xc0, 0x00, 0x00, 0x00, 0x00, 0x00, 0x00, 0x00, 0x00, 0x00, 0x00, 0x00, 0x00, 0x00,
    0x00, 0x00, 0x00, 0x00, 0x00, 0x00, 0x00, 0x00, 0x00, 0x07, 0x80, 0xe0, 0x1e, 0x00, 0x00, 0x60, 0x00, 0xe0, 0x00, 0x0f, 0xff, 0xff, 0xfe, 0x00,
    0x00, 0x00, 0x00, 0x00, 0x00, 0x00, 0x00, 0x00, 0x00, 0x00, 0x00, 0x00, 0x00, 0x00, 0x00, 0x00, 0x00, 0x00, 0x00, 0x00, 0x00, 0x07, 0x80, 0xe0,
    0x0e, 0x00, 0x00, 0x30, 0x00, 0xf0, 0x00, 0x07, 0xff, 0xff, 0xff, 0xf0, 0x00, 0x00, 0x00, 0x00, 0x00, 0x00, 0x00, 0x00, 0x00, 0x00, 0x00, 0x00,
    0x00, 0x00, 0x00, 0x00, 0x00, 0x00, 0x00, 0x00, 0x00, 0x0f, 0x80, 0xe0, 0x0f, 0x00, 0x00, 0x38, 0x00, 0x78, 0x00, 0x03, 0xff, 0xf1, 0xff, 0xff,
    0xc0, 0x00, 0x00, 0x00, 0x00, 0x00, 0x00, 0x00, 0x00, 0x00, 0x00, 0x00, 0x00, 0x00, 0x00, 0x00, 0x00, 0x00, 0x00, 0x00, 0x00, 0x0f, 0x81, 0xe0,
    0x0f, 0x00, 0x00, 0x18, 0x00, 0x78, 0x00, 0x00, 0xff, 0xe4, 0xff, 0xff, 0xfe, 0x00, 0x00, 0x00, 0x00, 0x00, 0x00, 0x00, 0x00, 0x00, 0x00, 0x00,
    0x00, 0x00, 0x00, 0x00, 0x00, 0x00, 0x00, 0x00, 0x00, 0x1f, 0x81, 0xe0, 0x0f, 0x00, 0x00, 0x1c, 0x00, 0x3c, 0x00, 0x00, 0x7f, 0xee, 0xff, 0xff,
    0xff, 0xf8, 0x00, 0x00, 0x00, 0x00, 0x00, 0x00, 0x00, 0x00, 0x00, 0x00, 0x00, 0x00, 0x00, 0x00, 0x00, 0x00, 0x00, 0x00, 0x00, 0x1f, 0x01, 0xe0,
    0x0f, 0x00, 0x00, 0x0e, 0x00, 0x3c, 0x00, 0x00, 0x3f, 0xe4, 0xff, 0xff, 0xff, 0xff, 0xe0, 0x00, 0x00, 0x00, 0x00, 0x00, 0x00, 0x00, 0x00, 0x00,
    0x00, 0x00, 0x00, 0x00, 0x00, 0x00, 0x00, 0x00, 0x00, 0x3f, 0x03, 0xc0, 0x07, 0x80, 0x00, 0x0f, 0x00, 0x1c, 0x00, 0x00, 0x0f, 0xf1, 0xff, 0xff,
    0xff, 0xff, 0xff, 0x00, 0x00, 0x00, 0x00, 0x00, 0x00, 0x00, 0x00, 0x00, 0x00, 0x00, 0x00, 0x00, 0x00, 0x00, 0x00, 0x00, 0x00, 0x3f, 0x03, 0xc0,
    0x07, 0x80, 0x00, 0x07, 0xc0, 0x0e, 0x00, 0x00, 0x07, 0xff, 0xff, 0xff, 0xff, 0xff, 0xff, 0xfe, 0x00, 0x00, 0x00, 0x00, 0x00, 0x00, 0x00, 0x00,
    0x00, 0x00, 0x00, 0x00, 0x00, 0x00, 0x00, 0x00, 0x00, 0x7f, 0x03, 0xc0, 0x07, 0x80, 0x00, 0x07, 0xe0, 0x0e, 0x00, 0x00, 0x00, 0xff, 0xff, 0xff,
    0xff, 0xff, 0xff, 0xff, 0xf0, 0x00, 0x00, 0x00, 0x00, 0x00, 0x00, 0x00, 0x00, 0x00, 0x00, 0x00, 0x00, 0x00, 0x00, 0x00, 0x00, 0x7f, 0x03, 0xc0,
    0x07, 0x80, 0x00, 0x03, 0xf8, 0x0f, 0x00, 0x00, 0x00, 0x01, 0xff, 0xff, 0xff, 0xff, 0xf0, 0xff, 0xff, 0x80, 0x00, 0x00, 0x00, 0x00, 0x00, 0x00,
    0x00, 0x00, 0x00, 0x00, 0x00, 0x00, 0x00, 0x00, 0x00, 0xff, 0x07, 0xc0, 0x03, 0xc0, 0x00, 0x03, 0xfc, 0x07, 0x00, 0x00, 0x00, 0x00, 0x0f, 0xff,
    0xff, 0xff, 0xe0, 0xff, 0xff, 0xff, 0x00, 0x00, 0x00, 0x00, 0x00, 0x00, 0x00, 0x00, 0x00, 0x00, 0x00, 0x00, 0x00, 0x00, 0x01, 0xff, 0x07, 0xc0,
    0x03, 0xc0, 0x00, 0x01, 0xfe, 0x07, 0x80, 0x00, 0x00, 0x00, 0x00, 0x7f, 0xff, 0xff, 0xe6, 0xff, 0xff, 0xff, 0xf8, 0x00, 0x00, 0x00, 0x00, 0x00,
    0x00, 0x00, 0x00, 0x00, 0x00, 0x00, 0x00, 0x00, 0x03, 0xfe, 0x0f, 0x80, 0x03, 0xc0, 0x00, 0x01, 0xff, 0x03, 0x80, 0x00, 0x00, 0x00, 0x00, 0x01,
    0xff, 0xff, 0xe6, 0xff, 0xff, 0xff, 0xff, 0x00, 0x00, 0x00, 0x00, 0x00, 0x00, 0x00, 0x00, 0x00, 0x00, 0x00, 0x00, 0x00, 0x07, 0xfe, 0x0f, 0x80,
    0x03, 0xc0, 0x00, 0x01, 0xff, 0x83, 0xc0, 0x00, 0x00, 0x07, 0xc0, 0x00, 0x07, 0xff, 0xf0, 0xff, 0xff, 0xff, 0xfe, 0x00, 0x00, 0x00, 0x00, 0x00,
    0x00, 0x00, 0x00, 0x00, 0x00, 0x00, 0x00, 0x00, 0x0f, 0xfe, 0x0f, 0x80, 0x03, 0xc0, 0x00, 0x01, 0xff, 0x81, 0xc0, 0x00, 0x00, 0x07, 0xff, 0x00,
    0x00, 0x3f, 0xff, 0xff, 0xff, 0xff, 0xfe, 0x00, 0x00, 0x00, 0x00, 0x00, 0x00, 0x00, 0x00, 0x00, 0x00, 0x00, 0x00, 0x00, 0x1f, 0xfe, 0x1f, 0x00,
    0x01, 0xc0, 0x00, 0x01, 0xff, 0xc1, 0xc0, 0x80, 0x06, 0x07, 0xff, 0xfc, 0x00, 0x00, 0xff, 0xff, 0xff, 0xff, 0xfc, 0x00, 0x00, 0x00, 0x00, 0x00,
    0x00, 0x00, 0x00, 0x00, 0x00, 0x00, 0x00, 0x00, 0x7f, 0xfc, 0x1f, 0x02, 0x01, 0xe0, 0x00, 0x01, 0xff, 0xc0, 0xe1, 0xc0, 0x07, 0x07, 0xff, 0xff,
    0x00, 0x00, 0x03, 0xff, 0xff, 0xff, 0xfc, 0x00, 0x00, 0x00, 0x00, 0x00, 0x00, 0x00, 0x00, 0x00, 0x00, 0x08, 0x00, 0x00, 0xfe, 0x7c, 0x3f, 0x02,
    0x01, 0xe0, 0x00, 0x01, 0xff, 0xe0, 0xe3, 0xe0, 0x07, 0x07, 0xff, 0xff, 0x01, 0x80, 0x00, 0x1f, 0xff, 0xff, 0xf8, 0x00, 0x00, 0x00, 0x00, 0x00,
    0x00, 0x00, 0x00, 0x00, 0x00, 0x06, 0x00, 0x03, 0xfe, 0xfc, 0x3e, 0x02, 0x01, 0xc0, 0x00, 0x01, 0xff, 0xe0, 0xe1, 0xe0, 0x07, 0x07, 0xff, 0xff,
    0x01, 0xfc, 0x00, 0x00, 0x7f, 0xff, 0xf8, 0x00, 0x00, 0x00, 0x00, 0x00, 0x00, 0x00, 0x00, 0x00, 0x00, 0x07, 0x80, 0x1f, 0xfc, 0xfc, 0x7e, 0x02,
    0x01, 0xc0, 0x00, 0x01, 0xff, 0xe0, 0xe0, 0xc0, 0x07, 0x07, 0xff, 0xff, 0x01, 0xff, 0x00, 0x00, 0x03, 0xff, 0xf0, 0x00, 0x00, 0x00, 0x00, 0x00,
    0x00, 0x00, 0x00, 0x00, 0x00, 0x03, 0xff, 0xff, 0xf9, 0xf8, 0xfc, 0x06, 0x01, 0xc0, 0x00, 0x01, 0xff, 0xe0, 0xe0, 0x00, 0x07, 0x07, 0xff, 0xff,
    0x01, 0xfe, 0x03, 0xc0, 0x00, 0x1f, 0xf0, 0x00, 0x00, 0x00, 0x00, 0x00, 0x00, 0x00, 0x00, 0x00, 0x00, 0x01, 0xff, 0xff, 0xe1, 0xf9, 0xfc, 0x04,
    0x03, 0xc0, 0x00, 0x01, 0xff, 0xe0, 0xe0, 0x00, 0x03, 0x0f, 0xff, 0xfe, 0x03, 0xfe, 0x07, 0xf8, 0x00, 0x1f, 0xe0, 0x00, 0x00, 0x00, 0x00, 0x00,
    0x00, 0x00, 0x00, 0x00, 0x00, 0x00, 0xff, 0xff, 0xc3, 0xf1, 0xf8, 0x0c, 0x03, 0xc0, 0x00, 0x03, 0xff, 0xe0, 0xe0, 0x00, 0x03, 0x0f, 0xff, 0xfe,
    0x03, 0xfe, 0x07, 0xf8, 0x00, 0x3f, 0xe0, 0x00, 0x00, 0x00, 0x00, 0x00, 0x00, 0x00, 0x00, 0x00, 0x00, 0x00, 0x3f, 0xff, 0x03, 0xf3, 0xf8, 0x0c,
    0x03, 0xc0, 0x00, 0x03, 0xff, 0xe0, 0xe0, 0x00, 0x03, 0x0f, 0xff, 0xfe, 0x03, 0xfe, 0x07, 0xf8, 0x00, 0x3f, 0xc0, 0x00, 0x00, 0x00, 0x00, 0x00,
    0x00, 0x00, 0x00, 0x00, 0x00, 0x00, 0x03, 0xe0, 0x07, 0xe7, 0xf0, 0x0c, 0x03, 0xc0, 0x00, 0x01, 0xff, 0xe0, 0xe0, 0x00, 0x03, 0x0f, 0xff, 0xfe,
    0x03, 0xfe, 0x07, 0xf0, 0x00, 0x7f, 0xc0, 0x00, 0x00, 0x00, 0x00, 0x00, 0x00, 0x00, 0x00, 0x00, 0x00, 0x00, 0x00, 0x00, 0x0f, 0xef, 0xe0, 0x18,
    0x03, 0xc0, 0x00, 0x03, 0xff, 0xe0, 0xe0, 0x00, 0x03, 0x0f, 0xff, 0xfe, 0x03, 0xfe, 0x0f, 0xf0, 0x00, 0x7f, 0x80, 0x00, 0x00, 0x00, 0x00, 0x00,
    0x00, 0x00, 0x00, 0x00, 0x00, 0x00, 0x00, 0x00, 0x1f, 0xdf, 0xe0, 0x38, 0x01, 0xc0, 0x00, 0x03, 0xff, 0xe0, 0xe0, 0x00, 0x03, 0x0f, 0xff, 0xfe,
    0x07, 0xfc, 0x0f, 0xf0, 0x00, 0xff, 0x80, 0x00, 0x00, 0x00, 0x00, 0x00, 0x00, 0x00, 0x00, 0x00, 0x00, 0x00, 0x00, 0x00, 0x3f, 0xff, 0xc0, 0x38,
    0x00, 0x00, 0x00, 0x03, 0xff, 0xe0, 0xe0, 0x00, 0x03, 0x0f, 0xff, 0xfe, 0x07, 0xfc, 0x0f, 0xe0, 0x00, 0xff, 0x80, 0x00, 0x00, 0x00, 0x00, 0x00,
    0x00, 0x00, 0x00, 0x00, 0x00, 0x00, 0x00, 0x00, 0x3f, 0xff, 0x80, 0x70, 0x00, 0x00, 0x00, 0x03, 0xff, 0xe0, 0xe0, 0x00, 0x03, 0x0f, 0xff, 0xfe,
    0x07, 0xfc, 0x0f, 0xe0, 0x01, 0xff, 0x00, 0x00, 0x00, 0x00, 0x00, 0x00, 0x00, 0x00, 0x00, 0x00, 0x00, 0x00, 0x00, 0x00, 0xff, 0xff, 0x00, 0xf0,
    0x08, 0x00, 0x00, 0x03, 0xff, 0xe0, 0xe0, 0x00, 0x03, 0x0f, 0xff, 0xfc, 0x07, 0xfc, 0x1f, 0xe0, 0x01, 0xff, 0x00, 0x00, 0x00, 0x00, 0x00, 0x00,
    0x00, 0x00, 0x00, 0x00, 0x00, 0x00, 0x00, 0x01, 0xff, 0xfe, 0x00, 0xe0, 0x0e, 0x00, 0x00, 0x03, 0xff, 0xe0, 0xe0, 0x00, 0x03, 0x1f, 0xff, 0xfc,
    0x07, 0xfc, 0x1f, 0xc0, 0x01, 0xfe, 0x00, 0x00, 0x00, 0x00, 0x00, 0x00, 0x00, 0x00, 0x00, 0x00, 0x00, 0x00, 0x00, 0x03, 0xff, 0xfc, 0x01, 0xe0,
    0x1f, 0x80, 0x00, 0x03, 0xff, 0xe0, 0xe0, 0x00, 0x03, 0x1f, 0xff, 0xfc, 0x0f, 0xf8, 0x1f, 0xc0, 0x03, 0xfe, 0x00, 0x00, 0x00, 0x00, 0x00, 0x00,
    0x00, 0x00, 0x00, 0x00, 0x00, 0x00, 0x00, 0x07, 0xff, 0xf8, 0x03, 0xc0, 0x1f, 0xf0, 0x00, 0x03, 0xff, 0xe0, 0xe0, 0x00, 0x03, 0x1f, 0xff, 0xfc,
    0x0f, 0xf8, 0x1f, 0xc0, 0x03, 0xfc, 0x00, 0x00, 0x00, 0x00, 0x00, 0x00, 0x00, 0x00, 0x00, 0x00, 0x00, 0x00, 0x00, 0x0f, 0xff, 0xf0, 0x07, 0xc0,
    0x3e, 0x7c, 0x00, 0x03, 0xff, 0xe0, 0xe0, 0x00, 0x03, 0x1f, 0xff, 0xfc, 0x0f, 0xf8, 0x3f, 0xc0, 0x03, 0xfc, 0x00, 0x00, 0x00, 0x00, 0x00, 0x00,
    0x00, 0x00, 0x00, 0x00, 0x00, 0x00, 0x00, 0x3f, 0xff, 0xc0, 0x0f, 0x80, 0x3e, 0x0f, 0x00, 0x03, 0xff, 0xe0, 0xe0, 0x00, 0x03, 0x1f, 0xff, 0xfc,
    0x0f, 0xf8, 0x3f, 0x80, 0x07, 0xf8, 0x00, 0x00, 0x00, 0x00, 0x00, 0x00, 0x00, 0x00, 0x00, 0x00, 0x00, 0x00, 0x00, 0x7f, 0xff, 0x80, 0x0f, 0x80,
    0x7c, 0x03, 0xe0, 0x03, 0xff, 0xe0, 0xe0, 0x00, 0x03, 0x1f, 0xff, 0xfc, 0x0f, 0xc0, 0x00, 0x00, 0x07, 0xf8, 0x00, 0x00, 0x00, 0x00, 0x00, 0x00,
    0x00, 0x00, 0x00, 0x00, 0x00, 0x00, 0x00, 0xff, 0xfe, 0x00, 0x1f, 0x00, 0x7c, 0x60, 0x78, 0x03, 0xff, 0xe0, 0xe0, 0x00, 0x03, 0x1f, 0xff, 0xf8,
    0x1c, 0x00, 0x00, 0x00, 0x0f, 0xf8, 0x00, 0x00, 0x00, 0x00, 0x00, 0x00, 0x00, 0x00, 0x00, 0x00, 0x00, 0x00, 0x01, 0xff, 0xfc, 0x00, 0x3e, 0x00,
    0x7c, 0xf0, 0x1e, 0x00, 0xff, 0xe0, 0xe0, 0x00, 0x03, 0x1f, 0xff, 0xf8, 0x10, 0x00, 0x00, 0x00, 0x0f, 0xf0, 0x00, 0x00, 0x00, 0x00, 0x00, 0x00,
    0x00, 0x00, 0x00, 0x00, 0x00, 0x00, 0x07, 0xff, 0xf0, 0x00, 0x7e, 0x00, 0xf8, 0x60, 0x07, 0xc0, 0x3f, 0xe0, 0xe0, 0x00, 0x03, 0x1f, 0xff, 0xf8,
    0x00, 0x00, 0x00, 0x00, 0x0f, 0xf0, 0x00, 0x00, 0x00, 0x00, 0x00, 0x00, 0x00, 0x00, 0x00, 0x00, 0x00, 0x00, 0x0f, 0xff, 0xe0, 0x00, 0x7c, 0x00,
    0xf8, 0x00, 0x03, 0xf0, 0x0f, 0xe0, 0xe0, 0x00, 0x03, 0x3f, 0xff, 0xf8, 0x00, 0x00, 0x00, 0x00, 0x1f, 0xe0, 0x00, 0x00, 0x00, 0x00, 0x00, 0x00,
    0x00, 0x00, 0x00, 0x00, 0x00, 0x00, 0x1f, 0xff, 0x80, 0x00, 0xf8, 0x00, 0x3e, 0x00, 0x03, 0xfc, 0x03, 0xe0, 0xe0, 0x00, 0x03, 0x3f, 0xff, 0xf8,
    0x00, 0x00, 0x00, 0x00, 0x1f, 0xe0, 0x00, 0x00, 0x00, 0x00, 0x00, 0x00, 0x00, 0x00, 0x00, 0x00, 0x00, 0x00, 0x3f, 0xfe, 0x00, 0x01, 0xf0, 0x00,
    0x0f, 0x80, 0x07, 0xff, 0x00, 0xe0, 0xe0, 0x00, 0x03, 0x3f, 0xff, 0xf8, 0x00, 0x00, 0x00, 0x00, 0x1f, 0xe0, 0x00, 0x00, 0x00, 0x00, 0x00, 0x00,
    0x00, 0x00, 0x00, 0x00, 0x00, 0x00, 0x7f, 0xfc, 0x00, 0x01, 0xf0, 0x00, 0x03, 0xe0, 0x07, 0xff, 0xe0, 0x00, 0xe0, 0x00, 0x03, 0x3f, 0xff, 0xf8,
    0x30, 0x00, 0x00, 0x00, 0x3f, 0xc0, 0x00, 0x00, 0x00, 0x00, 0x00, 0x00, 0x00, 0x00, 0x00, 0x00, 0x00, 0x00, 0xff, 0xf0, 0x02, 0x03, 0xe0, 0x00,
    0x00, 0x78, 0x07, 0xff, 0xf8, 0x00, 0xe0, 0x00, 0x03, 0x3f, 0xff, 0xf8, 0x3e, 0x00, 0x00, 0x00, 0x3f, 0xc0, 0x00, 0x00, 0x00, 0x00, 0x00, 0x00,
    0x00, 0x00, 0x00, 0x00, 0x00, 0x00, 0xff, 0xc0, 0x06, 0x03, 0xc0, 0x00, 0x00, 0x1e, 0x0f, 0xff, 0xfe, 0x00, 0xe0, 0x00, 0x03, 0x3f, 0xff, 0xf0,
    0x3f, 0xc0, 0x00, 0x00, 0x3f, 0x80, 0x00, 0x00, 0x00, 0x00, 0x00, 0x00, 0x00, 0x00, 0x00, 0x00, 0x00, 0x01, 0xff, 0x80, 0x0c, 0x07, 0xc0, 0x00,
    0x00, 0x03, 0xcf, 0xff, 0xff, 0x80, 0xe0, 0x00, 0x03, 0x3f, 0xff, 0xf0, 0x3f, 0xc1, 0xfc, 0x00, 0x7f, 0x80, 0x00, 0x00, 0x00, 0x00, 0x00, 0x00,
    0x00, 0x00, 0x00, 0x00, 0x00, 0x03, 0xfe, 0x00, 0x1c, 0x07, 0x80, 0x00, 0x00, 0x00, 0xff, 0xff, 0x8f, 0xe0, 0xe0, 0x00, 0x03, 0x3f, 0xff, 0xf0,
    0x3f, 0xc1, 0xfc, 0x00, 0x7f, 0x80, 0x00, 0x00, 0x00, 0x00, 0x00, 0x00, 0x00, 0x00, 0x00, 0x00, 0x00, 0x07, 0xfc, 0x00, 0x38, 0x0f, 0x00, 0x00,
    0x00, 0x00, 0x3f, 0xff, 0x27, 0xf0, 0xe0, 0x00, 0x03, 0x3f, 0xff, 0xf0, 0x7f, 0xc1, 0xfc, 0x00, 0x7f, 0x00, 0x00, 0x00, 0x00, 0x00, 0x00, 0x00,
    0x00, 0x00, 0x00, 0x00, 0x00, 0x07, 0xf8, 0x00, 0x78, 0x0f, 0x00, 0x00, 0x00, 0x00, 0x0f, 0xff, 0x77, 0xf0, 0xe0, 0x00, 0x03, 0x7f, 0xff, 0xf8,
    0x7f, 0xc3, 0xf8, 0x00, 0xff, 0x00, 0x00, 0x00, 0x00, 0x00, 0x00, 0x00, 0x00, 0x00, 0x00, 0x00, 0x00, 0x0f, 0xf0, 0x00, 0xf8, 0x0f, 0x01, 0x00,
    0x00, 0x00, 0x01, 0xff, 0x27, 0xf0, 0xe0, 0x00, 0x03, 0x7f, 0xff, 0xfe, 0x7f, 0xc3, 0xf8, 0x00, 0xfe, 0x00, 0x00, 0x00, 0x00, 0x00, 0x00, 0x00,
    0x00, 0x00, 0x00, 0x00, 0x00, 0x1f, 0xc0, 0x01, 0xf8, 0x0e, 0x03, 0x00, 0x00, 0x00, 0x00, 0x7f, 0x8f, 0xf0, 0xe0, 0x00, 0x03, 0x7f, 0xff, 0xff,
    0x7f, 0x83, 0xf8, 0x01, 0xfe, 0x00, 0x00, 0x00, 0x00, 0x00, 0x00, 0x00, 0x00, 0x00, 0x00, 0x00, 0x00, 0x1f, 0x80, 0x11, 0xf0, 0x1e, 0x02, 0x00,
    0x00, 0x00, 0x00, 0x1f, 0xff, 0xf0, 0xe0, 0x00, 0x03, 0x7f, 0xff, 0xff, 0xff, 0x83, 0xf0, 0x01, 0xfe, 0x00, 0x00, 0x00, 0x00, 0x00, 0x00, 0x00,
    0x00, 0x00, 0x00, 0x00, 0x00, 0x3f, 0x00, 0x33, 0xf0, 0x1c, 0x06, 0x00, 0x00, 0x00, 0x00, 0x07, 0xff, 0xf0, 0xe0, 0x00, 0x03, 0x7f, 0xff, 0xff,
    0xff, 0x87, 0xf0, 0x01, 0xfc, 0x00, 0x00, 0x00, 0x00, 0x00, 0x00, 0x00, 0x00, 0x00, 0x00, 0x00, 0x00, 0x3f, 0x00, 0x63, 0xf0, 0x1c, 0x04, 0x00,
    0x00, 0x00, 0x00, 0x00, 0xff, 0xf0, 0xe0, 0x00, 0x03, 0xff, 0xff, 0xff, 0xff, 0x87, 0xf0, 0x01, 0xfc, 0x00, 0x00, 0x00, 0x00, 0x00, 0x00, 0x00,
    0x00, 0x00, 0x00, 0x00, 0x00, 0x3e, 0x00, 0xc7, 0xf0, 0x1c, 0x0c, 0x00, 0x0c, 0x00, 0x00, 0x00, 0x3f, 0xf0, 0xe1, 0xc0, 0x03, 0xff, 0xff, 0xff,
    0xff, 0x87, 0xf0, 0x03, 0xfc, 0x00, 0x00, 0x00, 0x00, 0x00, 0x00, 0x00, 0x00, 0x00, 0x00, 0x00, 0x00, 0x7c, 0x01, 0xc7, 0xf0, 0x1c, 0x0c, 0x00,
    0x0f, 0x00, 0x00, 0x00, 0x0f, 0xf0, 0xe1, 0xe0, 0x03, 0xff, 0xff, 0xff, 0xff, 0x87, 0xe0, 0x03, 0xf8, 0x00, 0x00, 0x00, 0x00, 0x00, 0x00, 0x00,
    0x00, 0x00, 0x00, 0x00, 0x00, 0x78, 0x01, 0xc7, 0xf0, 0x1c, 0x1c, 0x00, 0x0f, 0xf0, 0x00, 0x00, 0x03, 0xf0, 0xe1, 0xe0, 0x03, 0xff, 0xff, 0xff,
    0xff, 0x0f, 0xe0, 0x03, 0xf8, 0x00, 0x00, 0x00, 0x00, 0x00, 0x00, 0x00, 0x00, 0x00, 0x00, 0x00, 0x00, 0xf0, 0x03, 0x8f, 0xf0, 0x18, 0x1c, 0x00,
    0x1f, 0xfc, 0x00, 0x00, 0x00, 0x70, 0xe1, 0xc0, 0x03, 0xff, 0xff, 0xff, 0xff, 0x8f, 0xe0, 0x07, 0xf8, 0x00, 0x00, 0x00, 0x00, 0x00, 0x00, 0x00,
    0x00, 0x00, 0x00, 0x00, 0x00, 0xf0, 0x07, 0x8f, 0xf0, 0x18, 0x18, 0x00, 0x1e, 0x3f, 0x80, 0x00, 0x00, 0x10, 0xe0, 0x00, 0x03, 0xff, 0xff, 0xff,
    0xff, 0xcf, 0xc0, 0x07, 0xf8, 0x00, 0x00, 0x00, 0x00, 0x00, 0x00, 0x00, 0x00, 0x00, 0x00, 0x00, 0x00, 0xe0, 0x07, 0x8f, 0xf0, 0x18, 0x18, 0x00,
    0x1e, 0x03, 0xe0, 0x00, 0x00, 0x00, 0xe0, 0x00, 0x03, 0xff, 0xff, 0xff, 0xff, 0xef, 0xc0, 0x07, 0xf0, 0x00, 0x00, 0x00, 0x00, 0x00, 0x00, 0x00,
    0x00, 0x00, 0x00, 0x00, 0x00, 0xc0, 0x0f, 0x8f, 0xf8, 0x18, 0x38, 0x00, 0x1e, 0x00, 0x7c, 0x00, 0x00, 0x00, 0xf8, 0x00, 0x03, 0xff, 0xff, 0xff,
    0xff, 0xff, 0xc0, 0x0f, 0xf0, 0x00, 0x00, 0x00, 0x00, 0x00, 0x00, 0x00, 0x00, 0x00, 0x00, 0x00, 0x01, 0xc0, 0x1f, 0x8f, 0xf8, 0x18, 0x3c, 0x00,
    0x1c, 0x00, 0x1f, 0x00, 0x00, 0x00, 0xfe, 0x00, 0x03, 0xff, 0xff, 0xff, 0xff, 0xff, 0xc0, 0x0f, 0xf0, 0x00, 0x00, 0x00, 0x00, 0x00, 0x00, 0x00,
    0x00, 0x00, 0x00, 0x00, 0x01, 0x80, 0x1f, 0x0f, 0xf8, 0x08, 0x3c, 0x00, 0x00, 0x00, 0x03, 0x80, 0x00, 0x00, 0x3f, 0x80, 0x01, 0xff, 0xff, 0xff,
    0xff, 0xff, 0x80, 0x0f, 0xe0, 0x00, 0x00, 0x00, 0x00, 0x00, 0x00, 0x00, 0x00, 0x00, 0x00, 0x00, 0x01, 0x80, 0x3f, 0x0f, 0xf8, 0x0c, 0x3c, 0x00,
    0x00, 0x00, 0x00, 0x00, 0x00, 0x00, 0x0f, 0xe0, 0x00, 0xff, 0xff, 0xff, 0xff, 0xff, 0x80, 0x0f, 0xe0, 0x00, 0x00, 0x00, 0x00, 0x00, 0x00, 0x00,
    0x00, 0x00, 0x00, 0x00, 0x01, 0x00, 0x3f, 0x0f, 0xfc, 0x0c, 0x3c, 0x00, 0x00, 0x00, 0x00, 0x0e, 0x00, 0x00, 0x03, 0xf8, 0x00, 0x7f, 0xff, 0xff,
    0xff, 0xff, 0x80, 0x1f, 0xe0, 0x00, 0x00, 0x00, 0x00, 0x00, 0x00, 0x00, 0x00, 0x00, 0x00, 0x00, 0x01, 0x00, 0x3f, 0x0f, 0xfc, 0x04, 0x3c, 0x01,
    0xc0, 0x00, 0x00, 0x0f, 0x80, 0x00, 0x00, 0xfe, 0x00, 0x3f, 0xff, 0xff, 0xff, 0xff, 0x80, 0x1f, 0xe0, 0x00, 0x00, 0x00, 0x00, 0x00, 0x00, 0x00,
    0x00, 0x00, 0x00, 0x00, 0x02, 0x00, 0x7f, 0x0f, 0xfe, 0x04, 0x3e, 0x03, 0xfc, 0x00, 0x00, 0x0f, 0xe0, 0x00, 0x00, 0x3f, 0xc0, 0x1f, 0xff, 0xff,
    0xff, 0xff, 0xc0, 0x1f, 0xc0, 0x00, 0x00, 0x00, 0x00, 0x00, 0x00, 0x00, 0x00, 0x00, 0x00, 0x00, 0x00, 0x00, 0x7f, 0x0f, 0xfe, 0x00, 0x3e, 0x07,
    0xff, 0xc0, 0x00, 0x0f, 0xf8, 0x00, 0x00, 0x0f, 0xf0, 0x07, 0xff, 0xff, 0xff, 0xff, 0xe0, 0x3f, 0xc0, 0x00, 0x00, 0x00, 0x00, 0x00, 0x00, 0x00,
    0x00, 0x00, 0x00, 0x00, 0x00, 0x00, 0x7f, 0x0f, 0xff, 0x00, 0x3f, 0x07, 0x87, 0xf8, 0x00, 0x0f, 0x3e, 0x00, 0x00, 0x03, 0xfc, 0x03, 0xff, 0xff,
    0xff, 0xff, 0xf0, 0x3f, 0xc0, 0x00, 0x00, 0x00, 0x00, 0x00, 0x00, 0x00, 0x00, 0x00, 0x00, 0x00, 0x00, 0x00, 0xff, 0x0f, 0xff, 0x00, 0x1f, 0x03,
    0x00, 0x7f, 0x00, 0x0f, 0x0f, 0x80, 0x00, 0x00, 0xff, 0x01, 0xff, 0xff, 0xff, 0xff, 0xf8, 0x3f, 0x80, 0x00, 0x00, 0x00, 0x00, 0x00, 0x00, 0x00,
    0x00, 0x00, 0x00, 0x00, 0x00, 0x00, 0xff, 0x0f, 0xff, 0x80, 0x1f, 0x80, 0x00, 0x0f, 0xe0, 0x07, 0x07, 0xe0, 0x00, 0x00, 0x3f, 0xc0, 0x7f, 0xff,
    0xff, 0xff, 0xfc, 0x3f, 0x80, 0x00, 0x00, 0x00, 0x00, 0x00, 0x00, 0x00, 0x00, 0x00, 0x00, 0x00, 0x00, 0x00, 0xf7, 0x07, 0xff, 0xc0, 0x1f, 0x80,
    0x00, 0x01, 0xf8, 0x01, 0x87, 0xf8, 0x00, 0x00, 0x07, 0xf0, 0x3f, 0xff, 0xff, 0xff, 0xfc, 0x7f, 0x80, 0x00, 0x00, 0x00, 0x00, 0x00, 0x00, 0x00,
    0x00, 0x00, 0x00, 0x00, 0x00, 0x00, 0xf3, 0x87, 0xff, 0xe0, 0x0f, 0xc0, 0x00, 0x00, 0x70, 0x00, 0xff, 0xfe, 0x00, 0x00, 0x01, 0xfc, 0x1f, 0xff,
    0xff, 0xff, 0xfc, 0x7f, 0x80, 0x00, 0x00, 0x00, 0x00, 0x00, 0x00, 0x00, 0x00, 0x00, 0x00, 0x00, 0x00, 0x00, 0xf3, 0x87, 0xff, 0xe0, 0x0f, 0xe0,
    0x30, 0x00, 0xe1, 0xc0, 0x3f, 0xff, 0x80, 0x00, 0x00, 0x7f, 0x07, 0xff, 0xff, 0xff, 0xf8, 0x7f, 0x00, 0x00, 0x00, 0x00, 0x00, 0x00, 0x00, 0x00,
    0x00, 0x00, 0x00, 0x00, 0x00, 0x01, 0xf3, 0x83, 0xff, 0xf0, 0x07, 0xf0, 0x18, 0x01, 0xe1, 0xf0, 0x0f, 0xff, 0xc0, 0x00, 0x00, 0x1f, 0xc3, 0xff,
    0xff, 0xff, 0xf8, 0x7f, 0x00, 0x00, 0x00, 0x00, 0x00, 0x00, 0x00, 0x00, 0x00, 0x00, 0x00, 0x00, 0x00, 0x01, 0xf3, 0x83, 0xff, 0xf8, 0x07, 0xf8,
    0x00, 0x01, 0xc3, 0xfc, 0x03, 0xff, 0xf0, 0x00, 0x00, 0x07, 0xf8, 0xff, 0xff, 0xff, 0xf8, 0xff, 0x00, 0x00, 0x00, 0x00, 0x00, 0x00, 0x00, 0x00,
    0x00, 0x00, 0x00, 0x00, 0x00, 0x01, 0xf1, 0x81, 0xff, 0xfe, 0x03, 0xfc, 0x00, 0x03, 0x87, 0xff, 0x01, 0xff, 0xf8, 0x00, 0x00, 0x01, 0xfe, 0x7f,
    0xff, 0xff, 0xf8, 0xff, 0x00, 0x00, 0x00, 0x00, 0x00, 0x00, 0x00, 0x00, 0x00, 0x00, 0x00, 0x00, 0x00, 0x01, 0xf1, 0xc1, 0xff, 0xff, 0x01, 0xff,
    0x00, 0x07, 0x87, 0xff, 0xc0, 0x7f, 0xfe, 0x00, 0x00, 0x00, 0x7f, 0x9f, 0xff, 0xff, 0xf0, 0xfe, 0x00, 0x00, 0x00, 0x00, 0x00, 0x00, 0x00, 0x00,
    0x00, 0x00, 0x00, 0x00, 0x00, 0x01, 0xe0, 0xc0, 0xff, 0xff, 0x80, 0xff, 0x80, 0x07, 0x0f, 0xff, 0xf0, 0x1f, 0xff, 0x00, 0x00, 0x00, 0x0f, 0xe7,
    0xff, 0xff, 0xf0, 0xfe, 0x00, 0x00, 0x00, 0x00, 0x00, 0x00, 0x00, 0x00, 0x00, 0x00, 0x00, 0x00, 0x00, 0x01, 0xf0, 0xe0, 0x7f, 0xff, 0xe0, 0x7f,
    0xe0, 0x00, 0x1f, 0xff, 0xfc, 0x07, 0xff, 0x80, 0x00, 0x00, 0x03, 0xfb, 0xff, 0xff, 0xf0, 0xfe, 0x00, 0x00, 0x00, 0x00, 0x00, 0x00, 0x00, 0x00,
    0x00, 0x00, 0x00, 0x00, 0x00, 0x01, 0xe0, 0x60, 0x7f, 0xff, 0xf8, 0x3f, 0xf8, 0x00, 0x0f, 0xff, 0xfe, 0x03, 0xff, 0xe0, 0x00, 0x00, 0x00, 0xff,
    0xff, 0xff, 0xf1, 0xfe, 0x00, 0x00, 0x00, 0x00, 0x00, 0x00, 0x00, 0x00, 0x00, 0x00, 0x00, 0x00, 0x00, 0x01, 0xf0, 0x30, 0x3f, 0xff, 0xfe, 0x0f,
    0xfe, 0x00, 0x00, 0x7f, 0xff, 0x80, 0xff, 0xf0, 0x00, 0x00, 0x00, 0x3f, 0xff, 0xff, 0xe1, 0xfe, 0x00, 0x00, 0x00, 0x00, 0x00, 0x00, 0x00, 0x00,
    0x00, 0x00, 0x00, 0x00, 0x00, 0x01, 0xf0, 0x10, 0x1f, 0xff, 0xff, 0xc7, 0xff, 0xc0, 0x00, 0x0f, 0xff, 0xe0, 0x3f, 0xf8, 0x00, 0x00, 0x00, 0x0f,
    0xff, 0xff, 0xe1, 0x8c, 0x00, 0x00, 0x00, 0x00, 0x00, 0x00, 0x00, 0x00, 0x00, 0x00, 0x00, 0x00, 0x00, 0x01, 0xf0, 0x08, 0x0f, 0xff, 0xff, 0xff,
    0xff, 0xfc, 0x00, 0x03, 0xff, 0xf8, 0x0f, 0xfc, 0x00, 0x00, 0x00, 0x01, 0xff, 0xff, 0xe1, 0xa4, 0x00, 0x00, 0x00, 0x00, 0x00, 0x00, 0x00, 0x00,
    0x00, 0x00, 0x00, 0x00, 0x00, 0x00, 0xf0, 0x00, 0x07, 0xff, 0xff, 0xff, 0xff, 0xff, 0xc0, 0x00, 0xff, 0xfc, 0x03, 0xfe, 0x00, 0x00, 0x00, 0x00,
    0x7f, 0xff, 0xe3, 0x34, 0x00, 0x00, 0x00, 0x00, 0x00, 0x00, 0x00, 0x00, 0x00, 0x00, 0x00, 0x00, 0x00, 0x00, 0xf0, 0x00, 0x03, 0xff, 0xff, 0xff,
    0xff, 0xff, 0xfc, 0x00, 0x3f, 0xff, 0x01, 0xff, 0x80, 0x00, 0x00, 0x00, 0x1f, 0xff, 0xc3, 0x04, 0x00, 0x00, 0x00, 0x00, 0x00, 0x00, 0x00, 0x00,
    0x00, 0x00, 0x00, 0x00, 0x00, 0x00, 0xf0, 0x00, 0x00, 0xff, 0xff, 0xff, 0xff, 0xff, 0xff, 0x80, 0x1f, 0xff, 0xc0, 0x7f, 0xc0, 0x00, 0x00, 0x00,
    0x07, 0xff, 0xc3, 0x8c, 0x00, 0x00, 0x00, 0x00, 0x00, 0x00, 0x00, 0x00, 0x00, 0x00, 0x00, 0x00, 0x00, 0x00, 0xf0, 0x00, 0x00, 0x7f, 0xff, 0xff,
    0xff, 0xff, 0xff, 0xf0, 0x0f, 0xff, 0xe0, 0x1f, 0xf0, 0x00, 0x00, 0x00, 0x01, 0xff, 0xc3, 0xf8, 0x00, 0x00, 0x00, 0x00, 0x00, 0x00, 0x00, 0x00,
    0x00, 0x00, 0x00, 0x00, 0x00, 0x00, 0xf8, 0x00, 0x00, 0x1f, 0xff, 0xff, 0xff, 0xff, 0xff, 0xfc, 0x07, 0xff, 0xf8, 0x0f, 0xf8, 0x00, 0x00, 0x00,
    0x00, 0x7f, 0xc7, 0xf8, 0x00, 0x00, 0x00, 0x00, 0x00, 0x00, 0x00, 0x00, 0x00, 0x00, 0x00, 0x00, 0x00, 0x00, 0x78, 0x00, 0x00, 0x07, 0xff, 0xff,
    0xff, 0xf8, 0x01, 0xff, 0x03, 0xff, 0xfe, 0x03, 0xfc, 0x00, 0x00, 0x00, 0x00, 0x0f, 0xc7, 0xf8, 0x00, 0x00, 0x00, 0x00, 0x00, 0x00, 0x00, 0x00,
    0x00, 0x00, 0x00, 0x00, 0x00, 0x00, 0x78, 0x00, 0x00, 0x01, 0xff, 0xff, 0xff, 0xfe, 0x00, 0x07, 0x81, 0xff, 0xff, 0x00, 0xff, 0x00, 0x00, 0x00,
    0x00, 0x03, 0x87, 0xf8, 0x00, 0x00, 0x00, 0x00, 0x00, 0x00, 0x00, 0x00, 0x00, 0x00, 0x00, 0x00, 0x00, 0x00, 0x78, 0x00, 0x00, 0x00, 0x3f, 0xff,
    0xff, 0xff, 0xc0, 0x00, 0xc0, 0xff, 0xff, 0xc0, 0x3f, 0x80, 0x00, 0x00, 0x00, 0x00, 0x87, 0xf8, 0x00, 0x00, 0x00, 0x00, 0x00, 0x00, 0x00, 0x00,
    0x00, 0x00, 0x00, 0x00, 0x00, 0x00, 0x3c, 0x01, 0x80, 0x00, 0x03, 0xff, 0xff, 0xff, 0xf0, 0x00, 0x00, 0xff, 0xff, 0xf0, 0x1f, 0xc0, 0x00, 0x00,
    0x00, 0x00, 0x07, 0xf0, 0x00, 0x00, 0x00, 0x00, 0x00, 0x00, 0x00, 0x00, 0x00, 0x00, 0x00, 0x00, 0x00, 0x00, 0x3c, 0x00, 0xc0, 0x00, 0x00, 0x07,
    0xff, 0xff, 0xfc, 0x00, 0x00, 0x7f, 0xff, 0xfc, 0x07, 0xf0, 0x00, 0x00, 0x00, 0x00, 0x07, 0xf0, 0x00, 0x00, 0x00, 0x00, 0x00, 0x00, 0x00, 0x00,
    0x00, 0x00, 0x00, 0x00, 0x00, 0x00, 0x1e, 0x00, 0x60, 0x00, 0x00, 0x00, 0x03, 0xff, 0xff, 0x00, 0x00, 0x3f, 0xff, 0xfe, 0x01, 0xf8, 0x00, 0x00,
    0x00, 0x00, 0x03, 0xf0, 0x00, 0x00, 0x00, 0x00, 0x00, 0x00, 0x00, 0x00, 0x00, 0x00, 0x00, 0x00, 0x00, 0x00, 0x1e, 0x00, 0x30, 0x00, 0x00, 0x00,
    0x00, 0x1f, 0xff, 0x80, 0x00, 0x3f, 0xff, 0xff, 0x80, 0x7e, 0x00, 0x00, 0x00, 0x00, 0x00, 0xf0, 0x00, 0x00, 0x00, 0x00, 0x00, 0x00, 0x00, 0x00,
    0x00, 0x00, 0x00, 0x00, 0x00, 0x00, 0x0f, 0x00, 0x3c, 0x00, 0x00, 0x00, 0x00, 0x01, 0xff, 0xe0, 0x60, 0x3f, 0xff, 0xff, 0xe0, 0x1f, 0x00, 0x00,
    0x00, 0x00, 0x00, 0x30, 0x00, 0x00, 0x00, 0x00, 0x00, 0x00, 0x00, 0x00, 0x00, 0x00, 0x00, 0x00, 0x00, 0x00, 0x07, 0x00, 0x1e, 0x00, 0x00, 0x00,
    0x00, 0x00, 0x7f, 0xf0, 0x38, 0x1f, 0xff, 0xff, 0xf8, 0x03, 0xc0, 0x00, 0x00, 0x00, 0x00, 0x00, 0x00, 0x00, 0x00, 0x00, 0x00, 0x00, 0x00, 0x00,
    0x00, 0x00, 0x00, 0x00, 0x00, 0x00, 0x07, 0x80, 0x0f, 0xc0, 0x00, 0x00, 0x00, 0x00, 0x0f, 0xf8, 0x1c, 0x1f, 0xff, 0xff, 0xfe, 0x00, 0xf0, 0x00,
    0x00, 0x00, 0x00, 0x00, 0x00, 0x00, 0x00, 0x00, 0x00, 0x00, 0x00, 0x00, 0x00, 0x00, 0x00, 0x00, 0x00, 0x00, 0x03, 0xc0, 0x07, 0xf0, 0x00, 0x00,
    0x00, 0x00, 0x03, 0xfc, 0x0f, 0x1f, 0xff, 0xff, 0xff, 0x80, 0x3c, 0x00, 0x00, 0x00, 0x00, 0x00, 0x00, 0x00, 0x00, 0x00, 0x00, 0x00, 0x00, 0x00,
    0x00, 0x00, 0x00, 0x00, 0x00, 0x00, 0x01, 0xc0, 0x03, 0xfc, 0x00, 0x07, 0xff, 0xff, 0x81, 0xfe, 0x07, 0x9f, 0xff, 0xff, 0xff, 0xe0, 0x07, 0x00,
    0x00, 0x00, 0x00, 0x00, 0x00, 0x00, 0x00, 0x00, 0x00, 0x00, 0x00, 0x00, 0x00, 0x00, 0x00, 0x00, 0x00, 0x00, 0x00, 0xe0, 0x01, 0xff, 0xc0, 0x00,
    0x3f, 0xff, 0xf8, 0x7f, 0x03, 0xcf, 0xff, 0xff, 0xff, 0xf8, 0x00, 0x00, 0x00, 0x00, 0x00, 0x00, 0x00, 0x00, 0x00, 0x00, 0x00, 0x00, 0x00, 0x00,
    0x00, 0x00, 0x00, 0x00, 0x00, 0x00, 0x00, 0x70, 0x00, 0x7f, 0xfc, 0x00, 0x03, 0xff, 0xfe, 0x3f, 0x81, 0xff, 0xff, 0xff, 0xff, 0xfe, 0x00, 0x00,
    0x00, 0x00, 0x00, 0x00, 0x00, 0x00, 0x00, 0x00, 0x00, 0x00, 0x00, 0x00, 0x00, 0x00, 0x00, 0x00, 0x00, 0x00, 0x00, 0x38, 0x00, 0x1f, 0xff, 0xe0,
    0x00, 0x7f, 0xff, 0x9f, 0x80, 0xff, 0xff, 0xff, 0xff, 0xff, 0xc0, 0x00, 0x00, 0x00, 0x00, 0x00, 0x00, 0x00, 0x00, 0x00, 0x00, 0x00, 0x00, 0x00,
    0x00, 0x00, 0x00, 0x00, 0x00, 0x00, 0x00, 0x1c, 0x00, 0x07, 0xff, 0xfe, 0x00, 0x0f, 0xff, 0xef, 0xc0, 0x7f, 0xff, 0xff, 0xff, 0xff, 0xf8, 0x00,
    0x00, 0x00, 0x00, 0x00, 0x00, 0x00, 0x00, 0x00, 0x00, 0x00, 0x00, 0x00, 0x00, 0x00, 0x00, 0x00, 0x00, 0x00, 0x00, 0x0e, 0x00, 0x00, 0xff, 0xff,
    0xe0, 0x03, 0xff, 0xf7, 0xe0, 0x1f, 0xff, 0xdf, 0xff, 0xff, 0xff, 0x00, 0x30, 0x00, 0x00, 0x00, 0x00, 0x00, 0x00, 0x00, 0x00, 0x00, 0x00, 0x00,
    0x00, 0x00, 0x00, 0x00, 0x00, 0x00, 0x00, 0x07, 0x00, 0x00, 0x03, 0xff, 0xf8, 0x01, 0xff, 0xff, 0xe0, 0x0f, 0xff, 0x07, 0xff, 0xff, 0xff, 0xe0,
    0x30, 0x00, 0x00, 0x00, 0x00, 0x00, 0x00, 0x00, 0x00, 0x00, 0x00, 0x00, 0x00, 0x00, 0x00, 0x00, 0x00, 0x00, 0x00, 0x01, 0x80, 0x00, 0x00, 0x00,
    0x06, 0x00, 0x7f, 0xff, 0xf0, 0x07, 0xff, 0x33, 0xff, 0xff, 0xff, 0xff, 0xf8, 0x00, 0x00, 0x00, 0x00, 0x00, 0x00, 0x00, 0x00, 0x00, 0x00, 0x00,
    0x00, 0x00, 0x00, 0x00, 0x00, 0x00, 0x00, 0x00, 0xc0, 0x00, 0x00, 0x00, 0x00, 0x00, 0x3f, 0xff, 0xf0, 0x03, 0xfe, 0x73, 0xff, 0xff, 0xff, 0xff,
    0xf8, 0x00, 0x00, 0x00, 0x00, 0x00, 0x00, 0x00, 0x00, 0x00, 0x00, 0x00, 0x00, 0x00, 0x00, 0x00, 0x00, 0x00, 0x00, 0x00, 0x60, 0x00, 0x00, 0x00,
    0x00, 0x00, 0x0f, 0xbf, 0xf8, 0x01, 0xff, 0x33, 0xff, 0xff, 0xff, 0xff, 0xfc, 0x00, 0x00, 0x00, 0x00, 0x00, 0x00, 0x00, 0x00, 0x00, 0x00, 0x00,
    0x00, 0x00, 0x00, 0x00, 0x00, 0x00, 0x00, 0x00, 0x00, 0x00, 0x00, 0x00, 0x00, 0x00, 0x07, 0xdf, 0xf8, 0x00, 0x7f, 0x07, 0xff, 0xff, 0xff, 0xff,
    0xfc, 0x00, 0x00, 0x00, 0x00, 0x00, 0x00, 0x00, 0x00, 0x00, 0x00, 0x00, 0x00, 0x00, 0x00, 0x00, 0x00, 0x00, 0x00, 0x00, 0x00, 0x00, 0x00, 0x00,
    0x00, 0x00, 0x03, 0xcf, 0xf8, 0x00, 0x3f, 0xcf, 0xff, 0xff, 0xff, 0xff, 0xfe, 0x00, 0x00, 0x00, 0x00, 0x00, 0x00, 0x00, 0x00, 0x00, 0x00, 0x00,
    0x00, 0x00, 0x00, 0x00, 0x00, 0x00, 0x00, 0x00, 0x00, 0x00, 0x00, 0x00, 0x00, 0x00, 0x01, 0xe7, 0xfc, 0x00, 0x1f, 0xff, 0xff, 0xff, 0xff, 0xff,
    0xfe, 0x00, 0x00, 0x00, 0x00, 0x00, 0x00, 0x00, 0x00, 0x00, 0x00, 0x00, 0x00, 0x00, 0x00, 0x00, 0x00, 0x00, 0x00, 0x00, 0x00, 0x00, 0x00, 0x00,
    0x00, 0x00, 0x00, 0xe7, 0xfc, 0x00, 0x0f, 0xff, 0xff, 0xff, 0xff, 0xff, 0xfe, 0x00, 0x00, 0x00, 0x00, 0x00, 0x00, 0x00, 0x00, 0x00, 0x00, 0x00,
    0x00, 0x00, 0x00, 0x00, 0x00, 0x00, 0x00, 0x00, 0x00, 0x00, 0x00, 0x00, 0x00, 0x60, 0x00, 0x73, 0xfc, 0x00, 0x03, 0xff, 0xff, 0xff, 0xff, 0xff,
    0xff, 0x00, 0x00, 0x00, 0x00, 0x00, 0x00, 0x00, 0x00, 0x00, 0x00, 0x00, 0x00, 0x00, 0x00, 0x00, 0x00, 0x00, 0x00, 0x00, 0x00, 0x00, 0x00, 0x00,
    0x00, 0x1c, 0x00, 0x71, 0xfc, 0x00, 0x01, 0xff, 0xff, 0xff, 0xff, 0xff, 0xff, 0x00, 0x00, 0x00, 0x00, 0x00, 0x00, 0x00, 0x00, 0x00, 0x00, 0x00,
    0x00, 0x00, 0x00, 0x00, 0x00, 0x00, 0x00, 0x00, 0x00, 0x00, 0x00, 0x00, 0x00, 0x0e, 0x00, 0x39, 0xfc, 0x00, 0x00, 0xff, 0xff, 0xff, 0xff, 0xff,
    0xff, 0x80, 0x00, 0x00, 0x00, 0x00, 0x00, 0x00, 0x00, 0x00, 0x00, 0x00, 0x00, 0x00, 0x00, 0x00, 0x00, 0x00, 0x00, 0x00, 0x00, 0x00, 0x00, 0x00,
    0x00, 0x07, 0x80, 0x38, 0xfc, 0x00, 0x00, 0x3f, 0xff, 0xff, 0xff, 0xff, 0xff, 0x80, 0x00, 0x00, 0x00, 0x00, 0x00, 0x00, 0x00, 0x00, 0x00, 0x00,
    0x00, 0x00, 0x00, 0x00, 0x00, 0x00, 0x00, 0x00, 0x00, 0x00, 0x00, 0x00, 0x00, 0x03, 0xc0, 0x18, 0xfe, 0x00, 0x00, 0x1f, 0xff, 0xff, 0xff, 0xff,
    0xff, 0xc0, 0x00, 0x00, 0x00, 0x00, 0x00, 0x00, 0x00, 0x00, 0x00, 0x00, 0x00, 0x00, 0x00, 0x00, 0x00, 0x00, 0x00, 0x00, 0x00, 0x00, 0x00, 0x00,
    0x00, 0x01, 0xe0, 0x18, 0xfe, 0x00, 0x00, 0x07, 0xff, 0xff, 0xff, 0xff, 0xff, 0xc0, 0x00, 0x00, 0x00, 0x00, 0x00, 0x00, 0x00, 0x00, 0x00, 0x00,
    0x00, 0x00, 0x00, 0x00, 0x00, 0x00, 0x00, 0x00, 0x00, 0x00, 0x00, 0x00, 0x00, 0x00, 0xf0, 0x08, 0x7e, 0x00, 0x00, 0x03, 0xff, 0xff, 0x87, 0xff,
    0xff, 0xe0, 0x00, 0x00, 0x00, 0x00, 0x00, 0x00, 0x00, 0x00, 0x00, 0x00, 0x00, 0x00, 0x00, 0x00, 0x00, 0x00, 0x00, 0x00, 0x00, 0x00, 0x00, 0x00,
    0x00, 0x00, 0xf8, 0x0c, 0x7e, 0x00, 0x00, 0x00, 0xff, 0xff, 0x33, 0xff, 0xff, 0xe0, 0x00, 0x00, 0x00, 0x00, 0x00, 0x00, 0x00, 0x00, 0x00, 0x00,
    0x00, 0x00, 0x00, 0x00, 0x00, 0x00, 0x00, 0x00, 0x00, 0x00, 0x00, 0x00, 0x00, 0x00, 0x78, 0x0c, 0x7e, 0x00, 0x00, 0x00, 0x7f, 0xff, 0x33, 0xff,
    0xff, 0xe0, 0x00, 0x00, 0x00, 0x00, 0x00, 0x00, 0x00, 0x00, 0x00, 0x00, 0x00, 0x00, 0x00, 0x00, 0x00, 0x00, 0x00, 0x00, 0x00, 0x00, 0x00, 0x00,
    0x00, 0x00, 0x7c, 0x08, 0x7c, 0x00, 0x00, 0x00, 0x1f, 0xff, 0x33, 0xff, 0xff, 0xf0, 0x00, 0x00, 0x00, 0x00, 0x00, 0x00, 0x00, 0x00, 0x00, 0x00,
    0x00, 0x00, 0x00, 0x00, 0x00, 0x00, 0x00, 0x00, 0x00, 0x00, 0x00, 0x00, 0x00, 0x00, 0x3c, 0x08, 0x7c, 0x00, 0x00, 0x00, 0x07, 0xff, 0x07, 0xff,
    0xff, 0xf0, 0x00, 0x00, 0x00, 0x00, 0x00, 0x00, 0x00, 0x00, 0x00, 0x00, 0x00, 0x00, 0x00, 0x00, 0x00, 0x00, 0x00, 0x00, 0x00, 0x00, 0x00, 0x00,
    0x00, 0x00, 0x3e, 0x00, 0x7c, 0x00, 0x00, 0x00, 0x03, 0xff, 0xcf, 0xff, 0xf9, 0xf8, 0x00, 0x00, 0x00, 0x00, 0x00, 0x00, 0x00, 0x00, 0x00, 0x00,
    0x00, 0x00, 0x00, 0x00, 0x00, 0x00, 0x00, 0x00, 0x00, 0x00, 0x00, 0x00, 0x00, 0x00, 0x3e, 0x00, 0x7c, 0x00, 0x00, 0x00, 0x00, 0xff, 0xff, 0xff,
    0xf0, 0x78, 0x00, 0x00, 0x00, 0x00, 0x00, 0x00, 0x00, 0x00, 0x00, 0x00, 0x00, 0x00, 0x00, 0x00, 0x00, 0x00, 0x00, 0x00, 0x00, 0x00, 0x00, 0x00,
    0x00, 0x00, 0x3e, 0x00, 0x7c, 0x00, 0x00, 0x00, 0x00, 0x3f, 0xff, 0xff, 0xe6, 0x7c, 0x00, 0x00, 0x00, 0x00, 0x00, 0x00, 0x00, 0x00, 0x00, 0x00,
    0x00, 0x00, 0x00, 0x00, 0x00, 0x00, 0x00, 0x00, 0x00, 0x00, 0x00, 0x00, 0x00, 0x00, 0x3f, 0x00, 0x78, 0x00, 0x00, 0x00, 0x00, 0x0f, 0xff, 0xff,
    0xe7, 0x3c, 0x00, 0x00, 0x00, 0x00, 0x00, 0x00, 0x00, 0x00, 0x00, 0x00, 0x00, 0x00, 0x00, 0x00, 0x00, 0x00, 0x00, 0x00, 0x00, 0x00, 0x00, 0x00,
    0x00, 0x00, 0x3f, 0x00, 0x78, 0x00, 0x00, 0x00, 0x00, 0x03, 0xff, 0xff, 0xe2, 0x7e, 0x00, 0x00, 0x00, 0x00, 0x00, 0x00, 0x00, 0x00, 0x00, 0x00,
    0x00, 0x00, 0x00, 0x00, 0x00, 0x00, 0x00, 0x00, 0x00, 0x00, 0x00, 0x00, 0x00, 0x00, 0x3f, 0x00, 0x78, 0x00, 0x00, 0x00, 0x00, 0x00, 0xff, 0xff,
    0xf0, 0x7e, 0x00, 0x00, 0x00, 0x00, 0x00, 0x00, 0x00, 0x00, 0x00, 0x00, 0x00, 0x00, 0x00, 0x00, 0x00, 0x00, 0x00, 0x00, 0x00, 0x00, 0x00, 0x00,
    0x00, 0x00, 0x3f, 0x00, 0x70, 0x00, 0x00, 0x00, 0x00, 0x00, 0x1f, 0xff, 0xf9, 0xfe, 0x00, 0x00, 0x00, 0x00, 0x00, 0x00, 0x00, 0x00, 0x00, 0x00,
    0x00, 0x00, 0x00, 0x00, 0x00, 0x00, 0x00, 0x00, 0x00, 0x00, 0x00, 0x00, 0x00, 0x00, 0x3f, 0x00, 0xf0, 0x00, 0x00, 0x00, 0x00, 0x00, 0x07, 0xff,
    0xff, 0xff, 0x00, 0x00, 0x00, 0x00, 0x00, 0x00, 0x00, 0x00, 0x00, 0x00, 0x00, 0x00, 0x00, 0x00, 0x00, 0x00, 0x00, 0x00, 0x00, 0x00, 0x00, 0x00,
    0x00, 0x00, 0x3f, 0x00, 0xe0, 0x00, 0x00, 0x00, 0x00, 0x00, 0x00, 0xff, 0xff, 0xff, 0x00, 0x00, 0x00, 0x00, 0x00, 0x00, 0x00, 0x00, 0x00, 0x00,
    0x00, 0x00, 0x00, 0x00, 0x00, 0x00, 0x00, 0x00, 0x00, 0x00, 0x00, 0x00, 0x00, 0x00, 0x7f, 0x00, 0xc0, 0x00, 0x00, 0x00, 0x00, 0x00, 0x00, 0x1f,
    0xff, 0xff, 0x80, 0x00, 0x00, 0x00, 0x00, 0x00, 0x00, 0x00, 0x00, 0x00, 0x00, 0x00, 0x00, 0x00, 0x00, 0x00, 0x00, 0x00, 0x00, 0x00, 0x00, 0x00,
    0x00, 0x00, 0x7e, 0x01, 0xc0, 0x00, 0x00, 0x00, 0x00, 0x00, 0x00, 0x03, 0xff, 0xff, 0x80, 0x00, 0x00, 0x00, 0x00, 0x00, 0x00, 0x00, 0x00, 0x00,
    0x00, 0x00, 0x00, 0x00, 0x00, 0x00, 0x00, 0x00, 0x00, 0x00, 0x00, 0x00, 0x00, 0x00, 0xfe, 0x01, 0x80, 0x00, 0x00, 0x00, 0x00, 0x00, 0x00, 0x00,
    0x3f, 0xff, 0xc0, 0x00, 0x00, 0x00, 0x00, 0x00, 0x00, 0x00, 0x00, 0x00, 0x00, 0x00, 0x00, 0x00, 0x00, 0x00, 0x00, 0x00, 0x00, 0x00, 0x00, 0x00,
    0x00, 0x01, 0xfc, 0x03, 0x00, 0x00, 0x00, 0x00, 0x00, 0x00, 0x00, 0x00, 0x01, 0xff, 0xc0, 0x00, 0x00, 0x00, 0x00, 0x00, 0x00, 0x00, 0x00, 0x00,
    0x00, 0x00, 0x00, 0x00, 0x00, 0x00, 0x00, 0x00, 0x00, 0x00, 0x00, 0x00, 0x00, 0x03, 0xfc, 0x02, 0x00, 0x00, 0x00, 0x00, 0x00, 0x00, 0x00, 0x00,
    0x00, 0x00, 0x40, 0x00, 0x00, 0x00, 0x00, 0x00, 0x00, 0x00, 0x00, 0x00, 0x00, 0x00, 0x00, 0x00, 0x00, 0x00, 0x00, 0x00, 0x00, 0x00, 0x00, 0x00,
    0x00, 0x07, 0xf8, 0x04, 0x00, 0x00, 0x00, 0x00, 0x00, 0x00, 0x00, 0x00, 0x00, 0x00, 0x00, 0x00, 0x00, 0x00, 0x00, 0x00, 0x00, 0x00, 0x00, 0x00,
    0x00, 0x00, 0x00, 0x00, 0x00, 0x00, 0x00, 0x00, 0x00, 0x00, 0x00, 0x00, 0x00, 0x1f, 0xf0, 0x08, 0x00, 0x00, 0x00, 0x00, 0x00, 0x00, 0x00, 0x00,
    0x00, 0x00, 0x00, 0x00, 0x00, 0x00, 0x00, 0x00, 0x00, 0x00, 0x00, 0x00, 0x00, 0x00, 0x00, 0x00, 0x00, 0x00, 0x00, 0x00, 0x00, 0x00, 0x00, 0x00,
    0x60, 0xff, 0xe0, 0x00, 0x00, 0x00, 0x00, 0x00, 0x00, 0x00, 0x00, 0x00, 0x00, 0x00, 0x00, 0x00, 0x00, 0x00, 0x00, 0x00, 0x00, 0x00, 0x00, 0x00,
    0x00, 0x00, 0x00, 0x00, 0x00, 0x00, 0x00, 0x00, 0x00, 0x00, 0x00, 0x00, 0x3f, 0xff, 0xc0, 0x00, 0x00, 0x00, 0x00, 0x00, 0x00, 0x00, 0x00, 0x00,
    0x00, 0x00, 0x00, 0x00, 0x00, 0x00, 0x00, 0x00, 0x00, 0x00, 0x00, 0x00, 0x00, 0x00, 0x00, 0x00, 0x00, 0x00, 0x00, 0x00, 0x00, 0x00, 0x00, 0x00,
    0x0f, 0xff, 0x00, 0x00, 0x00, 0x00, 0x00, 0x00, 0x00, 0x00, 0x00, 0x00, 0x00, 0x00, 0x00, 0x00, 0x00, 0x00, 0x00, 0x00, 0x00, 0x00, 0x00, 0x00,
    0x00, 0x00, 0x00, 0x00, 0x00, 0x00, 0x00, 0x00, 0x00, 0x00, 0x00, 0x00, 0x03, 0xfc, 0x00, 0x00, 0x00, 0x00, 0x00, 0x00, 0x00, 0x00, 0x00, 0x00,
    0x00, 0x00, 0x00, 0x00, 0x00, 0x00, 0x00, 0x00, 0x00, 0x00, 0x00, 0x00, 0x00, 0x00, 0x00, 0x00, 0x00, 0x00, 0x00, 0x00, 0x00, 0x00, 0x00, 0x00,
    0x00, 0x00, 0x00, 0x00, 0x00, 0x00, 0x00, 0x00, 0x00, 0x00, 0x00, 0x00, 0x00, 0x00, 0x00, 0x00, 0x00, 0x00, 0x00, 0x00, 0x00, 0x00, 0x00, 0x00,
    0x00, 0x00, 0x00, 0x00, 0x00, 0x00, 0x00, 0x00, 0x00, 0x00, 0x00, 0x00, 0x00, 0x00, 0x00, 0x00, 0x00, 0x00, 0x00, 0x00, 0x00, 0x00, 0x00, 0x00,
    0x00, 0x00, 0x00, 0x00, 0x00, 0x00, 0x00, 0x00, 0x00, 0x00, 0x00, 0x00, 0x00, 0x00, 0x00, 0x00, 0x00, 0x00, 0x00, 0x00, 0x00, 0x00, 0x00, 0x00,
    0x00, 0x00, 0x00, 0x00, 0x00, 0x00, 0x00, 0x00, 0x00, 0x00, 0x00, 0x00, 0x00, 0x00, 0x00, 0x00, 0x00, 0x00, 0x00, 0x00, 0x00, 0x00, 0x00, 0x00,
    0x00, 0x00, 0x00, 0x00, 0x00, 0x00, 0x00, 0x00, 0x00, 0x00, 0x00, 0x00, 0x00, 0x00, 0x00, 0x00, 0x00, 0x00, 0x00, 0x00, 0x00, 0x00, 0x00, 0x00,
    0x00, 0x00, 0x00, 0x00, 0x00, 0x00, 0x00, 0x00, 0x00, 0x00, 0x00, 0x00, 0x00, 0x00, 0x00, 0x00, 0x00, 0x00, 0x00, 0x00, 0x00, 0x00, 0x00, 0x00,
    0x00, 0x00, 0x00, 0x00, 0x00, 0x00, 0x00, 0x00, 0x00, 0x00, 0x00, 0x00, 0x00, 0x00, 0x00, 0x00, 0x00, 0x00, 0x00, 0x00, 0x00, 0x00, 0x00, 0x00,
    0x00, 0x00, 0x00, 0x00, 0x00, 0x00, 0x00, 0x00, 0x00, 0x00, 0x00, 0x00, 0x00, 0x00, 0x00, 0x00, 0x00, 0x00, 0x00, 0x00, 0x00, 0x00, 0x00, 0x00,
    0x00, 0x00, 0x00, 0x00, 0x00, 0x00, 0x00, 0x00, 0x00, 0x00, 0x00, 0x00, 0x00, 0x00, 0x00, 0x00, 0x00, 0x00, 0x00, 0x00, 0x00, 0x00, 0x00, 0x00,
    0x00, 0x00, 0x00, 0x00, 0x00, 0x00, 0x00, 0x00, 0x00, 0x00, 0x00, 0x00, 0x00, 0x00, 0x00, 0x00, 0x00, 0x00, 0x00, 0x00, 0x00, 0x00, 0x00, 0x00,
};

const Bitmap kBitmaps[] = {
    {64, Frame::Idle, kIdle64},
    {64, Frame::Blink, kBlink64},
    {64, Frame::Talk, kTalk64},
    {96, Frame::Idle, kIdle96},
    {96, Frame::Blink, kBlink96},
    {96, Frame::Talk, kTalk96},
    {144, Frame::Idle, kIdle144},
    {144, Frame::Blink, kBlink144},
    {144, Frame::Talk, kTalk144},
    {192, Frame::Idle, kIdle192},
    {192, Frame::Blink, kBlink192},
    {192, Frame::Talk, kTalk192},
    {288, Frame::Idle, kIdle288},
    {288, Frame::Blink, kBlink288},
    {288, Frame::Talk, kTalk288},
};

const Anchors kAnchors = {{864, 586}, {727, 611}, {832, 107}, 436, 497, 571, 649, 1, 1};

}  // namespace

const Anchors& anchors() { return kAnchors; }

const Bitmap* pick(int max_size, Frame frame) {
  const Bitmap* best = nullptr;
  for (const auto& b : kBitmaps) {
    if (b.frame != frame) continue;
    if (b.size <= max_size && (!best || b.size > best->size)) best = &b;
  }
  if (best) return best;
  for (const auto& b : kBitmaps) {
    if (b.frame == frame && (!best || b.size < best->size)) best = &b;
  }
  return best;
}

}  // namespace hg::mascot
